{"SAA_obj_list": [[0.1212441041387967, 0.12089727068215757, 0.11911609947692402, 0.12037801757402067, 0.1197091926373299, 0.11943677918003218, 0.12012073256434183, 0.1242594884520839, 0.11938097114855935, 0.12025281627773224, 0.1198567113519792, 0.12069270514216529, 0.120866219885114, 0.11904936939891213, 0.12462428716385039, 0.12068895353855218, 0.12035840696361526, 0.12060967722865477, 0.1193949821776428, 0.11945733443464249], [0.12020736755151994, 0.11986553178532312, 0.11899518711110219, 0.1207068198150956, 0.1191123429527197, 0.11923657242142309, 0.11920309541603968, 0.11906988641861216, 0.12038865792537602, 0.11906728915427714, 0.11908422523520024, 0.1199695253293235, 0.11994376636252706, 0.11930389768570732, 0.12016619332203787, 0.11934313457845169, 0.11929174637093208, 0.11929669293438327, 0.11914294190771597, 0.12281460290339068]], "SAA_obj_avg": [0.12051970597085535, 0.11971047385905793], "bagging_alg3_obj_list": [[[[0.13512433378958624, 0.1350454962021931, 0.12562049920807677, 0.13677654031517275, 0.1328116106595864, 0.1268218322118468, 0.1307304700844814, 0.12532639428311734, 0.12948045145700038, 0.12835738489742235, 0.13326330095019176, 0.14457839153312896, 0.12572822603838912, 0.12812090115787386, 0.13192951704408354, 0.12472372622010794, 0.1252196328914812, 0.12886250338418465, 0.12575422569038316, 0.13148448845855423], [0.12433853735116515, 0.12892279291442663, 0.1293477046971, 0.12099649259811338, 0.12175572876451189, 0.12501634518356453, 0.12838447933875782, 0.12603042275475304, 0.13383063183557567, 0.1300255827038594, 0.13471915679090074, 0.1285948027080798, 0.13337444921175642, 0.13562381430414883, 0.12254647985299745, 0.1253125154950803, 0.12442415201267032, 0.13304808744825766, 0.13464592889954816, 0.12421359443008054]]]], "bagging_alg3_obj_avg": [[[0.1302879963238431, 0.12825758496476738]]], "bagging_alg4_obj_list": [[[[0.1255285022606999, 0.12963886772617567, 0.12103737993376767, 0.12220973015377469, 0.1335835461586572, 0.13622454457697342, 0.12073379981001196, 0.12279850328746367, 0.12944158430109892, 0.12825414134027532, 0.12961109822118907, 0.12632492547829177, 0.13108748178074942, 0.13089104642922228, 0.1345225862337619, 0.1338678522492635, 0.13977436892901926, 0.12734150556916937, 0.1258747530351301, 0.12385118043432447], [0.12332600864806678, 0.13047808606753095, 0.12575006928699148, 0.12400697725336365, 0.12284441910958474, 0.12756755569351064, 0.1351992335633236, 0.12253689081244357, 0.13362569450737108, 0.12807138547259717, 0.12429502166621571, 0.13644657034858956, 0.12357584670663668, 0.12953156213823552, 0.12163794129578956, 0.13275613237498052, 0.13896565673314212, 0.12817904455296747, 0.12575884572254714, 0.13162374247298023]]]], "bagging_alg4_obj_avg": [[[0.128629869895451, 0.12830883422134343]]]}