{
  "seed": 2024,
  "mu": [
    1.234904521646731,
    1.237727440316085,
    1.254129647041016,
    1.6559558332108497,
    1.4887363708711345,
    1.2787544431531388
  ],
  "b": 1.3870839739677903,
  "sample_args": {
    "type": "pareto",
    "params": [
      5.257048748954623,
      5.20649799059961,
      4.934999366046427,
      2.524492884078921,
      3.046092862328985,
      4.587386764811608
    ]
  },
  "k_list": [
    [
      50,
      0
    ]
  ],
  "B12_list": [
    [
      200,
      2000
    ]
  ],
  "epsilon": "dynamic",
  "tolerance": 0.0001,
  "number_of_iterations": 20,
  "sample_number": [
    131072,
    524288
  ]
}