{"SAA_obj_list": [[0.08915622535280955, 0.08793747338836815, 0.08772199952047706, 0.08725311391687537, 0.08815143773412426, 0.09175073354929113, 0.08770093459420074, 0.08800321470375778, 0.08746228370417189, 0.08781845786044488, 0.08817036015108086, 0.08791429607743813, 0.08812375036418307, 0.08805811262550578, 0.08791371639195764, 0.08847213509965467, 0.0883940535279699, 0.0879416042797057, 0.08729910451269397, 0.08794008507179644], [0.08756867407670156, 0.08766022984392113, 0.08770450027031138, 0.08836628738218807, 0.0874873682513702, 0.08732713263308098, 0.08757758018940386, 0.08741066056998162, 0.08799173204176342, 0.08741893816809207, 0.08758460922694546, 0.08749455676749669, 0.08755935232698357, 0.08769328799603968, 0.08755637310750065, 0.08761981448591497, 0.08733473718359372, 0.08749723705149429, 0.08777777845059154, 0.08751761112297711]], "SAA_obj_avg": [0.08815915462132536, 0.0876074230573176], "bagging_alg3_obj_list": [[[[0.09022394382097251, 0.09444637530652639, 0.08841332366277634, 0.08923777159620029, 0.0922620722465644, 0.08894159384411676, 0.09813934569734271, 0.09427120682321742, 0.0906917006124471, 0.09520286123539853, 0.09147888459492254, 0.09255676926055105, 0.09641986495842639, 0.09609112800209224, 0.09059925691454607, 0.09098888283806596, 0.0968538477355203, 0.09083811948056549, 0.08814268967475687, 0.09026686935108397], [0.08994401672552153, 0.08895945124195918, 0.09019525559937148, 0.09032145377074394, 0.09753115354603882, 0.09048400982621148, 0.08996305981121795, 0.0885675787467951, 0.09264330991627565, 0.08831766511252556, 0.09570258860427246, 0.09019532977054164, 0.09148341048752776, 0.09000485431032082, 0.09043934893083855, 0.09382949235061103, 0.09219073886169392, 0.09181903425399078, 0.09079683599940226, 0.0890449800246224]]]], "bagging_alg3_obj_avg": [[[0.09230332538280465, 0.09112167839452412]]], "bagging_alg4_obj_list": [[[[0.09212920660277622, 0.09019484138171929, 0.0889691206265454, 0.09271832963051121, 0.09188245558323359, 0.09226602832875262, 0.09255469590365256, 0.09007765436070846, 0.09382085847593108, 0.09246066924782992, 0.08946183962869836, 0.09579487142184603, 0.08944660756746127, 0.08796637032720789, 0.09504256220098166, 0.09164873174625666, 0.09348719105442074, 0.09125249497016327, 0.09151697226706017, 0.09159047008446632], [0.09190604078478981, 0.09170732503747207, 0.08909519941608068, 0.09066202063549919, 0.09182006637878591, 0.08853514056044884, 0.09046497884043767, 0.09210855299498558, 0.08948030156461945, 0.09117148914865364, 0.08874140139358372, 0.08878011699544763, 0.09180301457273683, 0.08767722033927722, 0.09352439929600252, 0.09017129382584636, 0.08923751893424474, 0.09150582074454097, 0.08970508756787018, 0.0966585436558344]]]], "bagging_alg4_obj_avg": [[[0.09171409857051113, 0.09073777663435786]]]}