{
  "seed": 2024,
  "mu": [
    1.4909085469114363,
    1.6052036600406472,
    1.77366500959408,
    1.5500222495692573,
    1.2684745955863723,
    1.774250310743192
  ],
  "b": 1.2978666508478256,
  "sample_args": {
    "type": "pareto",
    "params": [
      3.037039294368627,
      2.6523363390314545,
      2.2925490846802954,
      2.8181082688620993,
      4.7247472067735545,
      2.291571971136975
    ]
  },
  "k_list": [
    [
      50,
      0
    ]
  ],
  "B12_list": [
    [
      200,
      2000
    ]
  ],
  "epsilon": "dynamic",
  "tolerance": 0.0001,
  "number_of_iterations": 20,
  "sample_number": [
    131072,
    524288
  ]
}