{"SAA_obj_list": [[0.6848635675562509, 0.6850464583270998, 0.6872189805776158, 0.6842907111728187, 0.6839931328827606, 0.6964004633054054, 0.6847190366288023, 0.684606626762808, 0.6847985042363076, 0.6842177654760541, 0.6858847855085715, 0.6852492054227339, 0.684810093262247, 0.6837373993320515, 0.686719341781894, 0.684078882887073, 0.6848087883438225, 0.6967439973054318, 0.6875654733273973, 0.688306341569848], [0.6846645941018699, 0.684213426130781, 0.6876397647112131, 0.7006044724641148, 0.6841091673241746, 0.6851149845625739, 0.6859310293819769, 0.6837487912278574, 0.6848207492678107, 0.6839322221628122, 0.6841233225296831, 0.6838258695880857, 0.6841931927833445, 0.683767076993099, 0.6837647375263552, 0.6849233348584072, 0.6837365720394559, 0.6853463702940796, 0.6847932155193001, 0.6861297838881033]], "SAA_obj_avg": [0.6864029777833498, 0.6854691338677548], "bagging_alg3_obj_list": [[[[0.7215292696942223, 0.7215292694661881, 0.7204585654057196, 0.7215292735107737, 0.7215292726208375, 0.7211888592629654, 0.7215292735072024, 0.7210497958885907, 0.7215292737907866, 0.7215292739302797, 0.7207702780215928, 0.7190712984269072, 0.721529273745245, 0.721329406793173, 0.7215292733057539, 0.6844797602719573, 0.7215292731652297, 0.7215292739905894, 0.721529273956712, 0.7206491920920043], [0.7210071879927022, 0.7215292679022156, 0.7215292742420029, 0.7215292740183521, 0.7215291844418039, 0.7199906077883955, 0.7215292735929453, 0.7192427279112152, 0.7215292739966472, 0.7215292740041779, 0.7215292740033004, 0.721529273991412, 0.7211633775774231, 0.7215292741447512, 0.721529273248037, 0.721529273652304, 0.7215292739374952, 0.7201522504871258, 0.721529273974878, 0.7210978515431343]]]], "bagging_alg3_obj_avg": [[[0.7193674215423365, 0.721203187122516]]], "bagging_alg4_obj_list": [[[[0.7215292734584199, 0.721529273460799, 0.7215292541806857, 0.720399940394653, 0.7215292740554768, 0.7215292728214029, 0.7185078428791734, 0.7201901925811076, 0.7215292737944735, 0.721529268070479, 0.7204548224204836, 0.7194124601655947, 0.7213147781777149, 0.7215292734769383, 0.7208831340207975, 0.7215292729422469, 0.7208416838963109, 0.720356478145276, 0.7215292682744767, 0.7215292029902629], [0.7178340801317427, 0.7215292728427869, 0.7215292735612592, 0.7214179765886878, 0.7187462064891796, 0.7215292740276805, 0.7215292722548053, 0.7215292739164989, 0.7123183310946586, 0.721529273903255, 0.7215292739139139, 0.7215292734879513, 0.7215292736531824, 0.7215292733332761, 0.7133114909948106, 0.7215292739656695, 0.7215292545334563, 0.7215292726193129, 0.7215292458223843, 0.7215292739707762]]]], "bagging_alg4_obj_avg": [[[0.7209591620103386, 0.7203283570552644]]]}