{
  "seed": 2024,
  "mu": [
    1.5251761373099655,
    1.5000039407088976,
    1.6153887834811107,
    1.5542428975809897,
    1.4661965680431646,
    1.5772023759146843
  ],
  "b": 1.5974555893016071,
  "sample_args": {
    "type": "pareto",
    "params": [
      2.904123072160431,
      2.999984237288642,
      2.6249889936947395,
      2.8042630845871566,
      3.1450179356691685,
      2.7324946010752544
    ]
  },
  "k_list": [
    [
      50,
      0
    ]
  ],
  "B12_list": [
    [
      200,
      2000
    ]
  ],
  "epsilon": "dynamic",
  "tolerance": 0.0001,
  "number_of_iterations": 20,
  "sample_number": [
    131072,
    524288
  ]
}