{
  "seed": 2024,
  "mu": [
    1.5493082260436453,
    1.619641973090241,
    1.3983164167313125,
    1.3945759544498086,
    1.705667175761312,
    1.3969049367372384
  ],
  "b": 1.341437459838894,
  "sample_args": {
    "type": "pareto",
    "params": [
      2.8204715541990537,
      2.613835155505784,
      3.5105668709471196,
      3.534366295570105,
      2.417098646994804,
      3.5194949909681434
    ]
  },
  "k_list": [
    [
      50,
      0
    ]
  ],
  "B12_list": [
    [
      200,
      2000
    ]
  ],
  "epsilon": "dynamic",
  "tolerance": 0.0001,
  "number_of_iterations": 20,
  "sample_number": [
    131072,
    524288
  ]
}