{"SAA_obj_list": [[0.09981097783363169, 0.0985606381520644, 0.0988914704724568, 0.09850629243815409, 0.09986843059541538, 0.10382326042597331, 0.09881017330271363, 0.09874112213452581, 0.09892983679190752, 0.0988162454684262, 0.09881798304759357, 0.09854065676185582, 0.09860492363134715, 0.09945804587369997, 0.09897884942084965, 0.09970872385748636, 0.09860990208821915, 0.09894144782106812, 0.0998814827619425, 0.09900092621410773], [0.0988139805482108, 0.09867903007338996, 0.09868177435362953, 0.09913613530892565, 0.09871003983074084, 0.09859253964077437, 0.09855512497868964, 0.09876392843162328, 0.09877046859027513, 0.09865036824477527, 0.09867650136281986, 0.0985874433928802, 0.09844623732974694, 0.09859543065488917, 0.09865363461904196, 0.09900850559488947, 0.09848739536486309, 0.0986323300624739, 0.09863945098793961, 0.09935944575962943]], "SAA_obj_avg": [0.09926506945467195, 0.09872198825651039], "bagging_alg3_obj_list": [[[[0.10473251392844923, 0.1001173453431755, 0.10097620233757296, 0.10245443775783823, 0.10266910894278812, 0.10215062735349673, 0.10265306035293724, 0.10319063616384835, 0.10193457247749677, 0.09931657404959378, 0.10650845864880867, 0.09878754575166329, 0.10194499925006092, 0.10153363750669189, 0.10559302511523133, 0.10133317347156921, 0.1028189599338411, 0.10639086709485296, 0.10386767316896454, 0.10090960930738076], [0.10349050411705915, 0.10229336927754983, 0.10041940878928673, 0.09960855922499187, 0.10134908776598796, 0.10222736047630138, 0.10077973162482384, 0.10214354871357413, 0.1034161057478014, 0.10251625509794132, 0.10304657574946119, 0.10163675655360357, 0.10296672307144823, 0.10388463456894806, 0.1057826313021774, 0.10119473957278863, 0.10380945084708858, 0.10070386426695618, 0.10194284658900377, 0.10369456068363306]]]], "bagging_alg3_obj_avg": [[[0.10249415139781308, 0.10234533570202131]]], "bagging_alg4_obj_list": [[[[0.10238864730275915, 0.10290324715314385, 0.09944526715953705, 0.10234780273048483, 0.10308318274485391, 0.10085336795799008, 0.10140476624483641, 0.0998814019865999, 0.1023943151746663, 0.10260321249522764, 0.10289454503340499, 0.10611891427849657, 0.09947613335712177, 0.10334094497415584, 0.10216481334374504, 0.09889673022880263, 0.10678214154503247, 0.10206342488771385, 0.10388896866883582, 0.09988835998485456], [0.10300553515214193, 0.10271312681187023, 0.10577322443876103, 0.1005720972295241, 0.09982957365974268, 0.10317657584071599, 0.10164131509877786, 0.09900375175449352, 0.10061149997205912, 0.10074309363268581, 0.10030785662926185, 0.10143029768095099, 0.10508478245547626, 0.10269639311986437, 0.10229009728879461, 0.10236327627601524, 0.10264606469019213, 0.10498897758685391, 0.10260125428739496, 0.10060514235839563]]]], "bagging_alg4_obj_avg": [[[0.10214100936261314, 0.1021041967981986]]]}