{"SAA_obj_list": [[0.10512944626073134, 0.10125987279585863, 0.10147181071156974, 0.10120635814746576, 0.10218299195331002, 0.10238907825220618, 0.10133194592575254, 0.10204503173370258, 0.1015473061435219, 0.10133125416138147, 0.10136448201222771, 0.10106936751591138, 0.10116019693824196, 0.10262137823916616, 0.10309871199316353, 0.10231068366295035, 0.10135847379073437, 0.10221569977983581, 0.10359694030138147, 0.10224507443395063], [0.10194898559898519, 0.10136374399962791, 0.10124443433617396, 0.10384616651042894, 0.10193120798139313, 0.1012427280957706, 0.10130638723227003, 0.10135666657872937, 0.1016309758396701, 0.10138004369312906, 0.10113918468947114, 0.10116759625854682, 0.10110005809116214, 0.10126813125499956, 0.10112990663594772, 0.10204725767275423, 0.10098359065671503, 0.10115119940786019, 0.10118484362041236, 0.10429665189447707]], "SAA_obj_avg": [0.10204680523765317, 0.10163598800242621], "bagging_alg3_obj_list": [[[[0.10557927426262341, 0.10676859099451975, 0.10331205447985935, 0.10459870506009127, 0.10480694196806832, 0.10536326651104705, 0.10268374505010677, 0.10588875251772338, 0.10629544008923496, 0.10554141981089696, 0.10455878032465744, 0.10204416161012138, 0.1061934042674782, 0.1044195522265787, 0.10568116151536766, 0.10459606658528203, 0.10503240829097854, 0.10536930620704436, 0.10500847428011197, 0.10710870326014738], [0.1016823603207685, 0.10627827572393247, 0.10371707126212447, 0.10518269984296141, 0.1064651254119283, 0.10572826957407441, 0.10346487686763843, 0.10604145378540808, 0.10370294466904414, 0.10270534369576159, 0.1053604726798203, 0.1065964660842953, 0.1065182772479033, 0.10620882064140211, 0.10654432913105528, 0.10169446454884186, 0.10603073252293292, 0.10136588484983376, 0.1028565595927252, 0.1098906607033519]]]], "bagging_alg3_obj_avg": [[[0.10504251046559696, 0.10490175445779018]]], "bagging_alg4_obj_list": [[[[0.10586124268736657, 0.10395689767303705, 0.11031075393250583, 0.10478622131956664, 0.10422113010466, 0.10200633363839415, 0.1067879027437044, 0.10325771140360351, 0.10340053939306551, 0.10842345812655341, 0.10157392353875905, 0.10245874278614725, 0.10407088151137102, 0.1057877245055048, 0.10238837859381414, 0.10114654924952893, 0.10641098751806162, 0.10430828452289735, 0.10487122056368553, 0.10841033427980472], [0.10200716606898882, 0.10446019817168106, 0.10604320539977827, 0.10150129129808351, 0.10549155899681958, 0.10463894535116225, 0.10496542945680364, 0.10232153908662844, 0.10118699417044581, 0.10350896964414191, 0.101854682509412, 0.10537312647067454, 0.10350561824809149, 0.10498194266657042, 0.10676328863840945, 0.10270649519499046, 0.10318873731825925, 0.1064663215623511, 0.10395621848722797, 0.11084248086975365]]]], "bagging_alg4_obj_avg": [[[0.10472196090460158, 0.10428821048051369]]]}