{
  "seed": 2024,
  "mu": [
    1.5981755635050543,
    1.2344699566466706,
    1.4400587639942353,
    1.5457381541706736,
    1.6618369832425521,
    1.5224518817522117
  ],
  "b": 1.43867713002149,
  "sample_args": {
    "type": "pareto",
    "params": [
      2.6717500028594037,
      5.264938733736912,
      3.272423780231996,
      2.83238058830547,
      2.510946086905991,
      2.9140518676019997
    ]
  },
  "k_list": [
    [
      50,
      0
    ]
  ],
  "B12_list": [
    [
      200,
      2000
    ]
  ],
  "epsilon": "dynamic",
  "tolerance": 0.0001,
  "number_of_iterations": 20,
  "sample_number": [
    131072,
    524288
  ]
}