{"SAA_obj_list": [[7.962758013274111, 8.02294270792195, 8.050972915046438, 7.9527847944095384, 8.089425942878277, 8.02838443254912, 7.998453868562524, 8.049350630724335, 7.9162485399250295, 8.062500031187579, 8.02294270792195, 7.955497058176438, 8.056879975984344, 8.047437674658333, 7.956994915127206, 7.861925141653914, 8.028153935989582, 8.005162179469234, 8.052051198728842, 7.9489867692617455], [7.9162485399250295, 8.114291747783678, 7.981668357042331, 8.006653255035207, 8.034296333746267, 7.981668357042331, 7.994639426929508, 8.047437674658333, 7.953456165716742, 8.030001368476114, 8.046547440946874, 8.050972915046438, 8.034296333746267, 7.994013302356083, 8.048151591998657, 7.966914805527304, 7.991997398336661, 7.930172501003768, 7.981502811341476, 7.995866083237724], [8.056879975984344, 7.991997398336661, 7.962758013274111, 7.968496617789833, 7.9788370437713, 8.005049103983424, 8.030167354109008, 8.00817155248796, 7.9489867692617455, 8.041533833012362, 8.048151591998657, 7.998453868562524, 8.034296333746267, 8.030001368476114, 7.934585626537328, 8.041533833012362, 8.11945033086677, 8.046547440946874, 8.048151591998657, 8.002964289168297], [7.9489867692617455, 7.963545441560765, 8.028676278543035, 7.978845171617343, 8.11945033086677, 8.07706176019186, 8.045193838471143, 8.041533833012362, 8.089425942878277, 8.030001368476114, 8.052051198728842, 7.968496617789833, 7.988312721589036, 8.114291747783678, 8.06141849341404, 8.016764678364932, 8.07706176019186, 7.966914805527304, 8.02294270792195, 8.019109603821022]], "SAA_obj_avg": [8.003492671672525, 8.00503982049484, 8.014850696866228, 8.030504253500595], "bagging_alg1_obj_list": [[[[8.045193838471143, 7.894452880643339, 8.019109603821022, 8.00817155248796, 7.934585626537328, 8.02838443254912, 8.029511437219618, 8.050972915046438, 8.02838443254912, 8.030006716871222, 8.050972915046438, 8.005162179469234, 7.998453868562524, 8.047437674658333, 7.978845171617343, 7.861925141653914, 8.028153935989582, 7.9581319191792765, 7.967009082210703, 8.114291747783678], [7.929400766644346, 8.009965892596789, 8.07190317710877, 8.045193838471143, 8.041533833012362, 8.048151591998657, 8.062500031187579, 7.994013302356083, 7.981668357042331, 7.988312721589036, 8.062500031187579, 8.062500031187579, 8.024268186904113, 8.089425942878277, 7.994013302356083, 7.952255530695676, 7.991997398336661, 8.00817155248796, 7.989580427397548, 7.991997398336661], [8.045193838471143, 7.978845171617343, 7.962758013274111, 7.952255530695676, 8.030167354109008, 8.030167354109008, 8.028153935989582, 8.002964289168297, 7.9516490709374645, 8.048151591998657, 8.089425942878277, 8.046547440946874, 7.9788370437713, 8.089425942878277, 7.934585626537328, 8.009033402063917, 8.005162179469234, 8.046547440946874, 7.951633978830589, 8.041533833012362], [8.009033402063917, 8.04092738574364, 8.045193838471143, 8.009965892596789, 7.951633978830589, 7.9872359420305195, 8.030001368476114, 8.030006716871222, 7.988053286892079, 7.9872359420305195, 7.946604803038135, 8.07706176019186, 8.049610065421295, 8.028676278543035, 8.030006716871222, 7.9516490709374645, 8.030001368476114, 8.029511437219618, 8.009965892596789, 8.114291747783678]]]], "bagging_alg1_obj_avg": [[[8.003957853618367, 8.016967665688762, 8.011151949085265, 8.017333344754288]]], "bagging_alg3_obj_list": [[[[7.989580427397548, 7.972068533078289, 8.050972915046438, 7.985878440800484, 8.089425942878277, 8.030006716871222, 7.991997398336661, 7.951633978830589, 7.873742548176394, 8.062500031187579, 8.050972915046438, 7.998453868562524, 8.056879975984344, 8.047437674658333, 7.978845171617343, 8.114291747783678, 8.028153935989582, 7.9581319191792765, 7.972068533078289, 8.089425942878277], [7.929400766644346, 8.030167354109008, 8.048151591998657, 8.006653255035207, 8.030006716871222, 8.062500031187579, 7.950185807987423, 8.028153935989582, 8.048151591998657, 7.995881175344599, 8.046547440946874, 8.009965892596789, 8.02838443254912, 8.009965892596789, 8.017910565095344, 8.029511437219618, 7.991997398336661, 8.00817155248796, 7.956994915127206, 7.951633978830589], [8.045193838471143, 7.9581319191792765, 8.045193838471143, 7.934585626537328, 7.9788370437713, 8.062500031187579, 8.048151591998657, 8.009033402063917, 7.995866083237724, 8.041533833012362, 7.95965118322569, 7.979885875414481, 8.034296333746267, 8.030001368476114, 7.934585626537328, 7.9690270211059016, 8.045193838471143, 8.046547440946874, 8.048151591998657, 8.002964289168297], [8.052051198728842, 8.028153935989582, 8.034296333746267, 7.870817396792217, 7.951633978830589, 8.030001368476114, 7.983896494638886, 7.985878440800484, 7.9957493143762335, 7.963545441560765, 8.028153935989582, 8.030006716871222, 7.988312721589036, 8.009965892596789, 7.930172501003768, 7.954142295639574, 8.07190317710877, 7.966914805527304, 7.995866083237724, 8.078175979987149]]]], "bagging_alg3_obj_avg": [[[8.01462343086908, 8.009016786647662, 8.008466588851059, 7.997481900674545]]], "bagging_alg4_obj_list": [[[[8.034296333746267, 7.966914805527304, 8.002964289168297, 7.907132136741774, 7.990357195651608, 8.048151591998657, 8.114291747783678, 8.049350630724335, 7.950185807987423, 7.911602319828681, 7.962758013274111, 8.056879975984344, 8.114291747783678, 8.047437674658333, 7.978845171617343, 7.861925141653914, 8.028153935989582, 8.028676278543035, 8.028153935989582, 8.048151591998657], [8.07190317710877, 8.002964289168297, 8.030001368476114, 8.006653255035207, 7.978845171617343, 8.034296333746267, 7.969959880739874, 8.028153935989582, 7.920257055420114, 8.030001368476114, 7.95965118322569, 8.017910565095344, 7.990357195651608, 8.056879975984344, 7.98674029037644, 8.005162179469234, 8.049350630724335, 7.922899489024125, 7.930172501003768, 8.030001368476114], [8.04092738574364, 7.988053286892079, 7.981502811341476, 8.07706176019186, 7.969959880739874, 8.050972915046438, 7.979885875414481, 8.00817155248796, 7.995866083237724, 8.049610065421295, 7.966914805527304, 7.981502811341476, 8.046547440946874, 8.030001368476114, 7.939232664547486, 7.894452880643339, 8.089425942878277, 8.052051198728842, 7.995866083237724, 7.967174240224261], [8.114291747783678, 8.009033402063917, 7.981502811341476, 7.9116174119355565, 8.047437674658333, 8.02294270792195, 8.009965892596789, 7.922899489024125, 7.96192850563377, 7.967009082210703, 8.041533833012362, 8.019109603821022, 7.988312721589036, 8.034296333746267, 8.11945033086677, 8.009033402063917, 8.047437674658333, 7.967174240224261, 8.07706176019186, 8.049350630724335]]]], "bagging_alg4_obj_avg": [[[8.006526016332531, 8.001108060740435, 8.005259052653425, 8.015069462803426]]]}