{
  "seed": 2024,
  "N": 8,
  "w": {
    "(1, 2)": 1.9790712457872344,
    "(1, 3)": 1.9646657054823478,
    "(1, 4)": 1.9845813076676622,
    "(1, 5)": 2.003372258673751,
    "(1, 6)": 2.0115463019831132,
    "(1, 7)": 1.9542517342707688,
    "(1, 8)": 2.0141317529282925,
    "(2, 3)": 2.006175658708957,
    "(2, 4)": 1.962250459541956,
    "(2, 5)": 2.046239713130396,
    "(2, 6)": 2.0282889751814497,
    "(2, 7)": 2.010090258614592,
    "(2, 8)": 2.036033009209721,
    "(3, 4)": 1.9699279489289765,
    "(3, 5)": 2.049760410264224,
    "(3, 6)": 1.9684908395780378,
    "(3, 7)": 2.019231010951654,
    "(3, 8)": 1.9982793554639287,
    "(4, 5)": 2.0102514380473737,
    "(4, 6)": 1.9828975541772373,
    "(4, 7)": 2.022110609409712,
    "(4, 8)": 1.9572793076811055,
    "(5, 6)": 1.9560358475155626,
    "(5, 7)": 2.006760926782303,
    "(5, 8)": 1.976932108263151,
    "(6, 7)": 2.019051215736671,
    "(6, 8)": 1.9964954091971618,
    "(7, 8)": 1.9603393228495931
  },
  "A": [
    [
      1,
      1,
      1,
      1,
      1,
      1,
      1,
      1
    ],
    [
      1,
      1,
      1,
      1,
      1,
      1,
      1,
      1
    ],
    [
      1,
      1,
      1,
      1,
      1,
      1,
      1,
      1
    ],
    [
      1,
      1,
      1,
      1,
      1,
      1,
      1,
      1
    ],
    [
      1,
      1,
      1,
      1,
      1,
      1,
      1,
      1
    ],
    [
      1,
      1,
      1,
      1,
      1,
      1,
      1,
      1
    ],
    [
      1,
      1,
      1,
      1,
      1,
      1,
      1,
      1
    ],
    [
      1,
      1,
      1,
      1,
      1,
      1,
      1,
      1
    ]
  ],
  "sample_args": {
    "type": "pareto",
    "params": [
      2.0213761299832043,
      2.036628538069553,
      2.0156601513884747,
      1.9966390752339431,
      1.9885854933575686,
      2.047941506508439,
      1.9860651706373582,
      1.9938622459652016,
      2.0392304727773403,
      1.9558039017730988,
      1.972489275034328,
      1.990010537644001,
      1.9652202112390156,
      2.0310044174974338,
      1.9525983169324328,
      2.032534288538744,
      1.9811318427863593,
      2.001723610256642,
      1.9898525875229756,
      2.017400028873893,
      1.9783676940576114,
      2.044627197074154,
      2.0459858828501947,
      1.9932844763811888,
      2.0236125842745207,
      1.981304947737196,
      2.0035169161548487,
      2.0412986079053
    ]
  },
  "B_list": [
    200
  ],
  "k_list": [
    [
      10,
      0.005
    ]
  ],
  "B12_list": [
    [
      20,
      200
    ]
  ],
  "epsilon": "dynamic",
  "tolerance": 0.005,
  "number_of_iterations": 20,
  "sample_number": [
    128,
    256,
    512,
    1024
  ],
  "obj_opt": 8.11945033086677
}