{
  "seed": 2024,
  "s": 3,
  "p": 2,
  "c": 3,
  "g": 5,
  "C": [
    0.624,
    0.5
  ],
  "Q_sp": [
    [
      [
        0.339,
        0.939,
        0.11,
        0.292,
        0.326
      ],
      [
        0.111,
        0.685,
        0.894,
        0.629,
        0.457
      ]
    ],
    [
      [
        0.305,
        0.25141794,
        0.52145227,
        0.93541722,
        0.09209385
      ],
      [
        0.32229624,
        0.78332703,
        0.97653641,
        0.18445241,
        0.03020424
      ]
    ],
    [
      [
        0.3414426,
        0.45228102,
        0.22978903,
        0.05338668,
        0.24009525
      ],
      [
        0.92622445,
        0.08852084,
        0.84160819,
        0.02508719,
        0.46203217
      ]
    ]
  ],
  "Q_pc": [
    [
      [
        0.08967017,
        0.08001494,
        0.29854161,
        0.6979279,
        0.12176636
      ],
      [
        0.96381038,
        0.1531089,
        0.38302768,
        0.61996695,
        0.90823239
      ],
      [
        0.70189534,
        0.39932218,
        0.55522219,
        0.00271483,
        0.89190262
      ]
    ],
    [
      [
        0.00499716,
        0.94445126,
        0.88466098,
        0.5649098,
        0.54066034
      ],
      [
        0.357,
        0.144,
        0.172,
        0.646,
        0.68
      ],
      [
        0.222,
        0.172,
        0.425,
        0.259,
        0.014
      ]
    ]
  ],
  "R": [
    [
      0.527,
      0.063,
      0.937,
      0.319,
      0.823
    ],
    [
      0.139,
      0.327,
      0.307,
      0.683,
      0.645
    ]
  ],
  "M": [
    0.624,
    0.76
  ],
  "H": [
    [
      0.687,
      0.558,
      0.805,
      0.916,
      0.304
    ],
    [
      0.927,
      0.038,
      0.72,
      0.482,
      0.782
    ],
    [
      0.437,
      0.785,
      0.429,
      0.7,
      0.354
    ]
  ],
  "sample_args": {
    "type": "pareto",
    "size": [
      3,
      3,
      5
    ],
    "params": [
      1.902,
      1.911
    ]
  },
  "B_list": [
    200,
    400
  ],
  "k_list": [
    0.1,
    2,
    50
  ],
  "number_of_iterations": 50,
  "sample_number": [
    64,
    128,
    256,
    512,
    1024,
    2048
  ],
  "large_number_sample": 100000
}