{
  "seed": 2024,
  "r": [
    3.2701236422941093,
    3.3207149493214994,
    3.556858029428708
  ],
  "c": 3.7856629820554946,
  "q": 1.7096129150007453,
  "sample_args": {
    "type": "normal",
    "params": [
      [
        2,
        1.9,
        2.1
      ],
      [
        1,
        1,
        1
      ]
    ]
  },
  "B_list": [
    100,
    200,
    400
  ],
  "k_list": [
    0.1,
    0.2,
    0.4
  ],
  "number_of_iterations": 50,
  "sample_number": [
    64,
    128,
    256,
    512,
    1024,
    2048,
    4096,
    8192,
    16384
  ],
  "large_number_sample": 1000000
}