{
  "seed": 2024,
  "N": 8,
  "w": {
    "(1, 2)": 2,
    "(1, 3)": 2,
    "(1, 4)": 2,
    "(1, 5)": 2.5,
    "(1, 6)": 2.5,
    "(1, 7)": 2.5,
    "(1, 8)": 2.5,
    "(2, 3)": 2,
    "(2, 4)": 2,
    "(2, 5)": 2.5,
    "(2, 6)": 2.5,
    "(2, 7)": 2.5,
    "(2, 8)": 2.5,
    "(3, 4)": 2,
    "(3, 5)": 2.5,
    "(3, 6)": 2.5,
    "(3, 7)": 2.5,
    "(3, 8)": 2.5,
    "(4, 5)": 2.5,
    "(4, 6)": 2.5,
    "(4, 7)": 2.5,
    "(4, 8)": 2.5,
    "(5, 6)": 2.5,
    "(5, 7)": 2.5,
    "(5, 8)": 2.5,
    "(6, 7)": 2.5,
    "(6, 8)": 2.5,
    "(7, 8)": 2.5
  },
  "A": [
    [
      1,
      1,
      1,
      1,
      1,
      1,
      1,
      1
    ],
    [
      1,
      1,
      1,
      1,
      1,
      1,
      1,
      1
    ],
    [
      1,
      1,
      1,
      1,
      1,
      1,
      1,
      1
    ],
    [
      1,
      1,
      1,
      1,
      1,
      1,
      1,
      1
    ],
    [
      1,
      1,
      1,
      1,
      1,
      1,
      1,
      1
    ],
    [
      1,
      1,
      1,
      1,
      1,
      1,
      1,
      1
    ],
    [
      1,
      1,
      1,
      1,
      1,
      1,
      1,
      1
    ],
    [
      1,
      1,
      1,
      1,
      1,
      1,
      1,
      1
    ]
  ],
  "sample_args": {
    "type": "pareto",
    "params": [
      2.0,
      2.0,
      2.0,
      1.6666666666666667,
      1.6666666666666667,
      1.6666666666666667,
      1.6666666666666667,
      2.0,
      2.0,
      1.6666666666666667,
      1.6666666666666667,
      1.6666666666666667,
      1.6666666666666667,
      2.0,
      1.6666666666666667,
      1.6666666666666667,
      1.6666666666666667,
      1.6666666666666667,
      1.6666666666666667,
      1.6666666666666667,
      1.6666666666666667,
      1.6666666666666667,
      1.6666666666666667,
      1.6666666666666667,
      1.6666666666666667,
      1.6666666666666667,
      1.6666666666666667,
      1.6666666666666667
    ]
  },
  "B_list": [
    200
  ],
  "k_list": [
    0.1,
    10
  ],
  "B12_list": [
    [
      20,
      200
    ]
  ],
  "epsilon": 0.2,
  "tolerance": 0.005,
  "number_of_iterations": 20,
  "sample_number": [
    128,
    256,
    512,
    1024
  ],
  "obj_opt": 10.0
}