{
  "seed": 2024,
  "N": 8,
  "w": {
    "(1, 2)": 98,
    "(1, 3)": 98,
    "(1, 4)": 98,
    "(1, 5)": 101,
    "(1, 6)": 101,
    "(1, 7)": 101,
    "(1, 8)": 101,
    "(2, 3)": 98,
    "(2, 4)": 98,
    "(2, 5)": 101,
    "(2, 6)": 101,
    "(2, 7)": 101,
    "(2, 8)": 101,
    "(3, 4)": 98,
    "(3, 5)": 101,
    "(3, 6)": 101,
    "(3, 7)": 101,
    "(3, 8)": 101,
    "(4, 5)": 101,
    "(4, 6)": 101,
    "(4, 7)": 101,
    "(4, 8)": 101,
    "(5, 6)": 101,
    "(5, 7)": 101,
    "(5, 8)": 101,
    "(6, 7)": 101,
    "(6, 8)": 101,
    "(7, 8)": 101
  },
  "A": [
    [
      1,
      1,
      1,
      1,
      1,
      1,
      1,
      1
    ],
    [
      1,
      1,
      1,
      1,
      1,
      1,
      1,
      1
    ],
    [
      1,
      1,
      1,
      1,
      1,
      1,
      1,
      1
    ],
    [
      1,
      1,
      1,
      1,
      1,
      1,
      1,
      1
    ],
    [
      1,
      1,
      1,
      1,
      1,
      1,
      1,
      1
    ],
    [
      1,
      1,
      1,
      1,
      1,
      1,
      1,
      1
    ],
    [
      1,
      1,
      1,
      1,
      1,
      1,
      1,
      1
    ],
    [
      1,
      1,
      1,
      1,
      1,
      1,
      1,
      1
    ]
  ],
  "sample_args": {
    "type": "pareto",
    "params": [
      1.0103092783505154,
      1.0103092783505154,
      1.0103092783505154,
      1.01,
      1.01,
      1.01,
      1.01,
      1.0103092783505154,
      1.0103092783505154,
      1.01,
      1.01,
      1.01,
      1.01,
      1.0103092783505154,
      1.01,
      1.01,
      1.01,
      1.01,
      1.01,
      1.01,
      1.01,
      1.01,
      1.01,
      1.01,
      1.01,
      1.01,
      1.01,
      1.01
    ]
  },
  "B_list": [
    200
  ],
  "k_list": [
    0.1,
    10
  ],
  "B12_list": [
    [
      20,
      200
    ]
  ],
  "epsilon": "dynamic",
  "tolerance": 0.05,
  "number_of_iterations": 20,
  "sample_number": [
    128,
    256,
    512,
    1024
  ],
  "obj_opt": 404.0
}