{
 "seed": 2024,
 "N": 8,
 "w": {
  "(1, 2)": 1.9581963790293306,
  "(1, 3)": 2.031222182010017,
  "(1, 4)": 1.989491305865792,
  "(1, 5)": 2.042653379165228,
  "(1, 6)": 1.9842033617268984,
  "(1, 7)": 1.9728281958398106,
  "(1, 8)": 2.041356987708941,
  "(2, 3)": 2.044781665921599,
  "(2, 4)": 2.0414304342892566,
  "(2, 5)": 2.0427078422174016,
  "(2, 6)": 1.997147845822445,
  "(2, 7)": 2.035537698025044,
  "(2, 8)": 2.045501333761013,
  "(3, 4)": 2.0406897781320454,
  "(3, 5)": 2.006854553584286,
  "(3, 6)": 2.0439664969058957,
  "(3, 7)": 1.9944884538181944,
  "(3, 8)": 2.00249189096509,
  "(4, 5)": 1.9818473831641572,
  "(4, 6)": 1.9531922947848677,
  "(4, 7)": 1.9688974761879379,
  "(4, 8)": 2.0350209369113856,
  "(5, 6)": 2.0237153652977455,
  "(5, 7)": 1.9873077754802195,
  "(5, 8)": 2.0276767161277296,
  "(6, 7)": 1.9727711531831749,
  "(6, 8)": 1.9954386377841131,
  "(7, 8)": 2.0232604683235613
 },
 "sample_args": {
  "type": "normal",
  "params": [
   [
    1.9581963790293306,
    2.031222182010017,
    1.989491305865792,
    2.044781665921599,
    2.0414304342892566,
    2.0406897781320454
   ],
   [
    1.3459612130923437,
    1.0887032568270707,
    1.2068898134408865,
    1.06431258724811,
    1.3257825272156427,
    1.0661397233474703
   ]
  ]
 },
 "B_list": [
  200
 ],
 "k_list": [
  0.1,
  10
 ],
 "B12_list": [
  [
   20,
   200
  ]
 ],
 "epsilon": "dynamic",
 "tolerance": 0.005,
 "number_of_iterations": 50,
 "sample_number": [
  128,
  256,
  512,
  1024,
  2048
 ],
 "obj_opt": 8.157178511007553
}