{
  "seed": 2024,
  "mu": [
    1.298022168012522,
    1.5139145944126466,
    1.74027529860629,
    1.6597781125096558,
    1.6225302291466706,
    1.6631624129206548
  ],
  "b": 1.357202771189245,
  "sample_args": {
    "type": "pareto",
    "params": [
      4.355455088018766,
      2.945848611563368,
      2.350848801631895,
      2.515661070047038,
      2.6063476971563997,
      2.5079262342325284
    ]
  },
  "k_list": [
    [
      20,
      0.01
    ]
  ],
  "B12_list": [
    [
      200,
      200
    ]
  ],
  "epsilon": "dynamic",
  "tolerance": 0.001,
  "number_of_iterations": 30,
  "sample_number": [
    64,
    128,
    256,
    512,
    1024,
    2048,
    4096,
    8192
  ]
}