{
 "seed": 2024,
 "N": 8,
 "w": {
  "(1, 2)": 2.0,
  "(1, 3)": 2.0,
  "(1, 4)": 2.0,
  "(1, 5)": 1.6148964675543849,
  "(1, 6)": 2.3850711896540377,
  "(1, 7)": 1.9027888152319323,
  "(1, 8)": 1.9897372297732883,
  "(2, 3)": 2.0,
  "(2, 4)": 2.0,
  "(2, 5)": 2.4818550797498125,
  "(2, 6)": 2.071123431493765,
  "(2, 7)": 2.3045695211243507,
  "(2, 8)": 1.8637915636142286,
  "(3, 4)": 2.0,
  "(3, 5)": 1.6561383720892124,
  "(3, 6)": 1.9277030401682467,
  "(3, 7)": 2.306444749102087,
  "(3, 8)": 2.4357499475450477,
  "(4, 5)": 1.6585965635269173,
  "(4, 6)": 2.4389799615317473,
  "(4, 7)": 2.1014606385441468,
  "(4, 8)": 2.2153535181833304,
  "(5, 6)": 2,
  "(5, 7)": 2,
  "(5, 8)": 2,
  "(6, 7)": 2,
  "(6, 8)": 2,
  "(7, 8)": 2
 },
 "sample_args": {
  "type": "pareto",
  "params": [
   2,
   2,
   2,
   2,
   2,
   2
  ]
 },
 "B_list": [
  200
 ],
 "k_list": [
  0.1,
  2,
  50
 ],
 "B12_list": [
  [
   20,
   200
  ]
 ],
 "epsilon": "dynamic",
 "tolerance": 0.005,
 "number_of_iterations": 50,
 "sample_number": [
  128,
  256,
  512,
  1024,
  2048
 ],
 "obj_opt": 9.404136855493045
}