{
  "seed": 2024,
  "r": [
    4.274190740856761,
    3.4532790823631223,
    2.553734401951873
  ],
  "c": 3.7620908693653003,
  "q": 1.3802150703969693,
  "sample_args": {
    "type": "normal",
    "params": [
      [
        1.8432260340346258,
        1.6550839716608632,
        1.786452232195217
      ],
      [
        0.9519161509875573,
        0.5055798192930815,
        1.1223363284198673
      ]
    ]
  },
  "B_list": [
    100,
    200,
    400
  ],
  "k_list": [
    0.05,
    0.1,
    10,
    50
  ],
  "number_of_iterations": 50,
  "sample_number": [
    64,
    128,
    256,
    512,
    1024,
    2048,
    4096,
    8192,
    16384
  ],
  "large_number_sample": 1000000
}