{
 "seed": 2024,
 "N": 8,
 "w": {
  "(0, 0)": 1.9712703455253413,
  "(0, 1)": 1.9713281245974605,
  "(0, 2)": 1.9664976550115472,
  "(0, 3)": 1.9942356106749948,
  "(0, 4)": 1.9412503012238826,
  "(0, 5)": 1.9800625860716354,
  "(0, 6)": 1.9072754362051647,
  "(0, 7)": 1.9036010960043968,
  "(1, 0)": 1.9691828772538154,
  "(1, 1)": 2.02013808978071,
  "(1, 2)": 1.9760933592110848,
  "(1, 3)": 1.997243970143767,
  "(1, 4)": 1.9359814619623996,
  "(1, 5)": 1.99251366905923,
  "(1, 6)": 1.9488586313270824,
  "(1, 7)": 1.900740495711305,
  "(2, 0)": 1.9969004265179713,
  "(2, 1)": 1.9553389885729677,
  "(2, 2)": 1.9621665604884824,
  "(2, 3)": 1.9088539359859962,
  "(2, 4)": 1.9302731063078178,
  "(2, 5)": 1.9520226673694328,
  "(2, 6)": 1.9021735065644607,
  "(2, 7)": 1.9696935936049866,
  "(3, 0)": 1.9713055106726374,
  "(3, 1)": 1.9809629047917239,
  "(3, 2)": 1.9790361944272623,
  "(3, 3)": 1.993737874017117,
  "(3, 4)": 1.9080362244477143,
  "(3, 5)": 1.9691764896406632,
  "(3, 6)": 1.9798158594204893,
  "(3, 7)": 1.9159108960590676,
  "(4, 0)": 1.9917803781974146,
  "(4, 1)": 1.9069079811530694,
  "(4, 2)": 1.9692456672059593,
  "(4, 3)": 1.952857541690447,
  "(4, 4)": 1.9207724685878362,
  "(4, 5)": 1.9397517733262073,
  "(4, 6)": 1.9485440814004897,
  "(4, 7)": 1.9696512545693374,
  "(5, 0)": 1.9347003275377326,
  "(5, 1)": 1.9558224860621576,
  "(5, 2)": 1.9281333923518387,
  "(5, 3)": 1.9151073718518508,
  "(5, 4)": 1.958224591642844,
  "(5, 5)": 2,
  "(5, 6)": 2,
  "(5, 7)": 2,
  "(6, 0)": 1.9278541705927486,
  "(6, 1)": 1.975147910050972,
  "(6, 2)": 1.9679698448408078,
  "(6, 3)": 1.9658345249178408,
  "(6, 4)": 1.958929502597224,
  "(6, 5)": 2,
  "(6, 6)": 2,
  "(6, 7)": 2,
  "(7, 0)": 1.988634626950252,
  "(7, 1)": 1.9277882187333182,
  "(7, 2)": 1.9268865748249702,
  "(7, 3)": 1.9566483374447396,
  "(7, 4)": 1.9580940495619923,
  "(7, 5)": 2,
  "(7, 6)": 2,
  "(7, 7)": 2
 },
 "sample_args": {
  "type": "pareto",
  "params": [
   2.029579462203306,
   2.0295182180732403,
   2.034663658845662,
   2.031797015268682,
   1.9802594472430304,
   2.024492166208607,
   2.0031092107090926,
   2.046748862928482,
   2.0393210916541413
  ]
 },
 "B_list": [
  200
 ],
 "k_list": [
  0.1,
  10
 ],
 "B12_list": [
  [
   20,
   200
  ]
 ],
 "epsilon": "dynamic",
 "tolerance": 0.005,
 "number_of_iterations": 50,
 "sample_number": [
  64,
  128,
  256,
  512,
  1024
 ],
 "obj_opt": 15.92127235874564
}