{"SAA_obj_list": [[0.21806696743839504, 0.2523352788852188, 0.2426271794950876, 0.28634145132125105, 0.24638198352278587, 0.24408974716320525, 0.2547249747510742, 0.24977281496250414, 0.2474982071785299, 0.25053188793518744, 0.2655759344760354, 0.2970356532584298, 0.2475327218574363, 0.25683843867433853, 0.22943518961323456, 0.30413708562640285, 0.3188452207326273, 0.30458595517449943, 0.30853571897167725, 0.30106611416329027], [0.24537940017727627, 0.24829739035094334, 0.23418881316279205, 0.26637008022290204, 0.2357132908375517, 0.24590117755277435, 0.2508332785505435, 0.23460344388643478, 0.2727152773956659, 0.22608174463818992, 0.26146215790511823, 0.24013012296968608, 0.2715124564253578, 0.262152036256305, 0.26070348859433357, 0.2276322938024049, 0.26935444613263576, 0.25875163073261587, 0.2666018315400322, 0.2454141253858081]], "SAA_obj_avg": [0.26629792626006055, 0.25118992432596854], "bagging_alg3_obj_list": [[[[0.2972407736596277, 0.30706436044404495, 0.3277940458199917, 0.33054524472716973, 0.30155273314567976, 0.31243124563325714, 0.34275561745253486, 0.35104407868566334, 0.30244579308381203, 0.31395747416379755, 0.35104071858491853, 0.3249136669519248, 0.3201817731942422, 0.2801226322126685, 0.3405344702459361, 0.3227474512603255, 0.30073346048692773, 0.3305288702870619, 0.32311819188609003, 0.33701303508957514], [0.2926109026201502, 0.33986602801384863, 0.3357538987969956, 0.33064688157208877, 0.3274677438010025, 0.3286182973198832, 0.3317215961533857, 0.3438071326241796, 0.34826753563873836, 0.32572932620326883, 0.31324864989936135, 0.3091024043424286, 0.32629179726240964, 0.32074846384605893, 0.34766356364614437, 0.32206752496283264, 0.32609705961458846, 0.32505899774311686, 0.3312388606743485, 0.2857239589761884]], [[0.29363986164206873, 0.3078118662507651, 0.3301464492060452, 0.3185524343834975, 0.31107927268090946, 0.3380897768863171, 0.2993122448441795, 0.2857590639621136, 0.31849361100088286, 0.36368629557500753, 0.32647076804178715, 0.32876656327826165, 0.31869243433898764, 0.2823149332214131, 0.3546685207911672, 0.33990841765714735, 0.3013315009850652, 0.3669379950571889, 0.3170446578581289, 0.32020703197024036], [0.3313036615350034, 0.3461657871060607, 0.360145620467711, 0.3343663915043627, 0.32620846228306033, 0.33980704733581757, 0.3425927112652578, 0.3196044094790616, 0.3501104630358681, 0.312995165235769, 0.31435752379567, 0.3116686566736395, 0.34836933526194014, 0.32998398875565604, 0.30553742902195, 0.3552973233227426, 0.2997027575362497, 0.31353645999947694, 0.3102621534905479, 0.34591339435333607]]]], "bagging_alg3_obj_avg": [[[0.32088828185076246, 0.325586531185551], [0.3211456849815587, 0.329896437072959]]], "bagging_alg4_obj_list": [[[[0.30399502284655494, 0.3335200745921832, 0.3360931748540864, 0.27876974789986625, 0.2941974930471518, 0.2840085079798966, 0.31830201449303, 0.3348134045346044, 0.3088523350391146, 0.39734645319466944, 0.34001008002013716, 0.3065515365537093, 0.3194883883070973, 0.3194988260048987, 0.31410718655397485, 0.3474703860587047, 0.29782381876776365, 0.326260308667946, 0.3371748134808369, 0.2929537038180209], [0.30916842542639034, 0.3253400581370992, 0.3306779182684435, 0.31177571809180793, 0.3151709582643262, 0.30815892180694693, 0.33986211931640653, 0.3206133258178242, 0.3428044257226149, 0.31522464349747814, 0.28634376093244845, 0.3407548739793611, 0.3243254831277348, 0.3133724905925529, 0.33273432301539985, 0.32996002661622265, 0.34603406320118, 0.31464693669577687, 0.32471902505396927, 0.3684200424528188]], [[0.31080718619089964, 0.3007967210069921, 0.32437087460246444, 0.3148876892552785, 0.28590558553158213, 0.3512100048492893, 0.2924950057256027, 0.3227286735030295, 0.33975138051521864, 0.3315374743686248, 0.3396519049816172, 0.2942519897104789, 0.3138278851557345, 0.30483948171219005, 0.3385620447550368, 0.35200639757518115, 0.2934316295826813, 0.34571844910529154, 0.2984589175327592, 0.2911305583787402], [0.33226811912088533, 0.31039337240131804, 0.31047441061301634, 0.310899029378477, 0.3375316887655102, 0.3415076876706725, 0.3150798183116825, 0.32716092681685677, 0.3145731319035286, 0.317131953918417, 0.3366692405642171, 0.3275724956636461, 0.3295153874748814, 0.3371290693043882, 0.3119992918453688, 0.3290804737792833, 0.3228407786695643, 0.3121552159164602, 0.3167185018540447, 0.3056239074646259]]]], "bagging_alg4_obj_avg": [[[0.31956186383571233, 0.3250053770008401], [0.31731849270193463, 0.3223162250718422]]]}