{"SAA_obj_list": [[11.896476488810276, 12.053032934970556, 11.96722534473178, 11.940084067735246, 12.100974824511336, 12.068588873965577, 11.991564861234895, 12.11970987195005, 12.11970987195005, 12.129714324356733, 12.103442349453184, 12.278626002040514, 12.127524631512403, 12.035657250616447, 12.073515127149774, 12.024649283015156, 11.850344199404999, 12.18281908157422, 12.010737980672118, 11.99101200231591], [12.095190597836721, 12.23858968705973, 12.053032934970556, 12.149935037926483, 12.119737655439774, 12.142819052956565, 12.132554649812025, 12.053032934970556, 11.957370997224693, 11.985430633927521, 11.995174846563259, 11.985976283968467, 12.117549087380723, 11.864322620779031, 12.117549087380723, 12.053032934970556, 12.08903639911626, 12.118633446432023, 11.971229176141641, 12.11422083587997], [12.10278273797578, 12.129072714097045, 11.95511074809275, 12.157003465957432, 12.004955994292933, 12.11964741655505, 12.102896699412238, 11.955252493018932, 12.142819052956565, 11.899406142494776, 12.043476940043055, 12.146885052114289, 12.074328274007286, 12.01633566304652, 11.96722534473178, 12.09726972349495, 11.992263332469397, 12.117549087380723, 12.132778314186751, 12.057415920118341], [12.239335937590107, 12.066167463809965, 12.114789517278416, 12.068588873965577, 12.098038800135605, 11.992263332469397, 12.169778422827243, 12.239363721079831, 12.132778314186751, 12.06307585948475, 12.146885052114289, 12.239363721079831, 12.068746905618896, 12.20062211763183, 12.118633446432023, 12.041605628622364, 12.025709003753065, 12.127524631512403, 12.057415920118341, 12.157003465957432], [12.04129749206945, 12.239363721079831, 12.17614583398022, 12.168149156103842, 12.112901151818921, 12.002243806465334, 11.995174846563259, 12.239363721079831, 12.278626002040514, 12.103442349453184, 12.037689941762133, 12.170776804733269, 12.114789517278416, 12.203850173008583, 12.053032934970556, 12.239335937590107, 11.95511074809275, 12.169778422827243, 11.946172731272705, 12.112901151818921], [12.118633446432023, 12.11422083587997, 12.118633446432023, 12.002243806465334, 12.112901151818921, 12.171257504191388, 12.127557344866382, 12.114789517278416, 12.170776804733269, 12.117549087380723, 12.06496543186029, 11.887041471329034, 12.210840903203778, 11.985430633927521, 11.989630821281603, 12.099860037300564, 12.127557344866382, 12.127524631512403, 12.278626002040514, 12.113446801859867]], "SAA_obj_avg": [12.053270468598559, 12.067720945036863, 12.060723755822329, 12.118384506783405, 12.118007322200453, 12.102674351233022], "bagging_alg1_obj_list": [[[[12.041325275559174, 11.96307218244554, 11.988887798062327, 12.113694334788786, 12.004955994292933, 11.850344199404999, 12.23858968705973, 12.004955994292933, 12.170776804733269, 12.119737655439774, 12.13796115367993, 11.988887798062327, 12.06307585948475, 12.053032934970556, 12.132554649812025, 11.988887798062327, 12.203850173008583, 12.11964741655505, 11.924551236695418, 12.004955994292933], [12.051443689402316, 12.13796115367993, 12.102851091883341, 12.094095415347091, 12.06496543186029, 12.149935037926483, 12.016165009845334, 12.157003465957432, 11.985430633927521, 12.022745313599124, 12.103442349453184, 11.957370997224693, 12.146885052114289, 12.010737980672118, 12.13796115367993, 12.141478548246383, 12.157003465957432, 12.08903639911626, 12.129072714097045, 12.278626002040514], [12.10278273797578, 12.278626002040514, 12.016165009845334, 12.113446801859867, 12.18281908157422, 12.127557344866382, 12.23858968705973, 12.239335937590107, 12.118633446432023, 11.957370997224693, 11.896476488810276, 11.96307218244554, 12.035038227058243, 12.132778314186751, 12.09726972349495, 12.157003465957432, 12.09726972349495, 12.239335937590107, 11.991564861234895, 12.002243806465334], [12.118633446432023, 12.041605628622364, 12.170776804733269, 12.11422083587997, 12.035038227058243, 12.239363721079831, 11.9441817283356, 12.035657250616447, 11.99101200231591, 12.102851091883341, 12.23858968705973, 12.035657250616447, 12.210840903203778, 12.149935037926483, 12.114789517278416, 12.169778422827243, 12.06496543186029, 12.169778422827243, 12.102851091883341, 12.102851091883341], [12.210840903203778, 12.06307585948475, 12.149935037926483, 12.141478548246383, 12.094095415347091, 12.143529017123813, 12.169778422827243, 12.102896699412238, 12.118633446432023, 12.11964741655505, 12.11964741655505, 12.119737655439774, 12.203850173008583, 12.113694334788786, 12.074328274007286, 12.149935037926483, 12.278626002040514, 12.129714324356733, 12.117549087380723, 12.08903639911626], [12.11422083587997, 12.143529017123813, 12.170776804733269, 12.10278273797578, 12.11964741655505, 12.114789517278416, 12.127524631512403, 12.11970987195005, 12.132778314186751, 11.96722534473178, 12.095190597836721, 12.113694334788786, 12.053032934970556, 12.01633566304652, 12.102896699412238, 12.113694334788786, 12.051443689402316, 12.169778422827243, 12.113694334788786, 11.9441817283356]]]], "bagging_alg1_obj_avg": [[[12.055687247035168, 12.096710545301537, 12.099368988860359, 12.107668879716165, 12.135501473558952, 12.094346361606242]]], "bagging_alg3_obj_list": [[[[12.132778314186751, 12.08903639911626, 11.878429358706569, 12.278626002040514, 12.06496543186029, 11.960513817162415, 12.278626002040514, 12.23858968705973, 12.100974824511336, 12.127557344866382, 12.142819052956565, 12.117549087380723, 12.102851091883341, 11.96307218244554, 12.210840903203778, 12.252810386423729, 11.99101200231591, 12.252810386423729, 11.96307218244554, 11.924551236695418], [12.102896699412238, 12.18281908157422, 12.146885052114289, 12.043476940043055, 12.11970987195005, 12.036594759272504, 12.057415920118341, 12.127557344866382, 12.11422083587997, 12.09726972349495, 11.96307218244554, 11.843892871351866, 12.02157151371324, 12.252810386423729, 12.022745313599124, 12.113446801859867, 12.073515127149774, 12.278626002040514, 11.843892871351866, 12.143529017123813], [12.041325275559174, 12.149935037926483, 12.016165009845334, 11.96307218244554, 12.043476940043055, 12.142819052956565, 12.102851091883341, 12.114789517278416, 12.004955994292933, 12.170776804733269, 12.157003465957432, 12.127612423045125, 12.01633566304652, 12.102896699412238, 12.112901151818921, 11.887041471329034, 12.129714324356733, 12.170776804733269, 12.278626002040514, 12.010737980672118], [12.210840903203778, 12.127557344866382, 12.074328274007286, 12.06307585948475, 12.146885052114289, 12.04129749206945, 12.119737655439774, 11.9441817283356, 12.278626002040514, 12.157003465957432, 12.114789517278416, 12.210840903203778, 12.142819052956565, 12.06307585948475, 12.210840903203778, 12.01633566304652, 12.113694334788786, 12.05108828369821, 12.041605628622364, 11.972003210161743], [11.992263332469397, 12.23858968705973, 11.899406142494776, 12.278626002040514, 12.169778422827243, 11.94959773361192, 12.117549087380723, 12.11964741655505, 12.169778422827243, 12.102896699412238, 11.971229176141641, 12.239363721079831, 12.094095415347091, 12.157003465957432, 11.972003210161743, 12.142819052956565, 12.129072714097045, 12.06307585948475, 12.114789517278416, 12.239363721079831], [12.000298713007094, 12.169778422827243, 12.035657250616447, 12.113694334788786, 12.11964741655505, 11.985430633927521, 12.153266248643497, 12.18281908157422, 12.13796115367993, 12.146885052114289, 12.041605628622364, 12.004955994292933, 12.053032934970556, 12.05108828369821, 12.127524631512403, 12.146885052114289, 12.252810386423729, 12.169778422827243, 12.074328274007286, 11.988887798062327]]]], "bagging_alg3_obj_avg": [[[12.10357428468625, 12.079297415789267, 12.0871906446688, 12.105031356698209, 12.10804744001316, 12.097816785713272]]],