{
  "seed": 2024,
  "N": 8,
  "w": {
    "(1, 2)": 3.072029795934778,
    "(1, 3)": 2.9639661604103082,
    "(1, 4)": 2.988824804944744,
    "(1, 5)": 3.017651629835706,
    "(1, 6)": 2.9158949757427797,
    "(1, 7)": 3.0705256424007668,
    "(1, 8)": 3.0684589638557993,
    "(2, 3)": 3.0807929932627327,
    "(2, 4)": 2.9396601741556467,
    "(2, 5)": 3.076977806613544,
    "(2, 6)": 3.055080260077185,
    "(2, 7)": 3.062066720341866,
    "(2, 8)": 3.0599722583071745,
    "(3, 4)": 2.9386233364508696,
    "(3, 5)": 3.046013746605355,
    "(3, 6)": 2.9618847036322884,
    "(3, 7)": 3.030328626313575,
    "(3, 8)": 3.0682982627493933,
    "(4, 5)": 2.9489148877292193,
    "(4, 6)": 3.0628242902768115,
    "(4, 7)": 2.9277167529566115,
    "(4, 8)": 2.9480277674717428,
    "(5, 6)": 3.05058863479124,
    "(5, 7)": 2.9294023008510406,
    "(5, 8)": 3.038667460483417,
    "(6, 7)": 3.0487182072665395,
    "(6, 8)": 3.017315563988005,
    "(7, 8)": 2.9328265019718396
  },
  "A": [
    [
      1,
      1,
      1,
      1,
      1,
      1,
      1,
      1
    ],
    [
      1,
      1,
      1,
      1,
      1,
      1,
      1,
      1
    ],
    [
      1,
      1,
      1,
      1,
      1,
      1,
      1,
      1
    ],
    [
      1,
      1,
      1,
      1,
      1,
      1,
      1,
      1
    ],
    [
      1,
      1,
      1,
      1,
      1,
      1,
      1,
      1
    ],
    [
      1,
      1,
      1,
      1,
      1,
      1,
      1,
      1
    ],
    [
      1,
      1,
      1,
      1,
      1,
      1,
      1,
      1
    ],
    [
      1,
      1,
      1,
      1,
      1,
      1,
      1,
      1
    ]
  ],
  "sample_args": {
    "type": "pareto",
    "params": [
      1.4826185424369627,
      1.5091737424799019,
      1.50280949710288,
      1.495625699309364,
      1.5219492783586985,
      1.4829691453811236,
      1.4834516988124857,
      1.480586008909986,
      1.515554226108349,
      1.4814687941372242,
      1.4865990002562925,
      1.4849503607886227,
      1.4854434305934638,
      1.5158299609818728,
      1.4887552694399784,
      1.5097139491166693,
      1.4925311040979996,
      1.4834892616844815,
      1.5131060398256546,
      1.4847722633059597,
      1.5187484097268245,
      1.5133397052639834,
      1.4876648504890426,
      1.518295225189122,
      1.4905164865695537,
      1.4881100760725066,
      1.4957082659012024,
      1.5173770118424057
    ]
  },
  "B_list": [
    200
  ],
  "k_list": [
    [
      10,
      0.005
    ]
  ],
  "B12_list": [
    [
      20,
      200
    ]
  ],
  "epsilon": "dynamic",
  "tolerance": 0.001,
  "number_of_iterations": 20,
  "sample_number": [
    1024,
    2048,
    4096,
    8192,
    16384,
    32768
  ],
  "obj_opt": 12.278626002040514
}