{
  "seed": 2024,
  "mu": [
    1.9637692511464313,
    1.9612008183232224,
    1.957450327484535,
    1.9645135298784855,
    1.9680460508916675,
    1.9544563272704047,
    1.976145429339104,
    1.9542462826056393,
    1.9772981917185595,
    1.9777401213092156
  ],
  "b": 1.951916259822848,
  "sample_args": {
    "type": "pareto",
    "params": [
      2.0375927628013355,
      2.040365323184453,
      2.0444406057359172,
      2.0367920915800792,
      2.033008707673462,
      2.047716874442902,
      2.0244375171402957,
      2.0479474934598927,
      2.023229152037537,
      2.0227666618211164
    ]
  },
  "k_list": [
    [
      50,
      0
    ]
  ],
  "B12_list": [
    [
      200,
      2000
    ]
  ],
  "epsilon": "dynamic",
  "tolerance": 0.0001,
  "number_of_iterations": 200,
  "sample_number": [
    131072
  ]
}