{
  "seed": 2024,
  "N": 8,
  "w": {
    "(1, 2)": 3.0107493306435926,
    "(1, 3)": 2.9069335233683504,
    "(1, 4)": 2.984143308188259,
    "(1, 5)": 2.9910008796450507,
    "(1, 6)": 2.943271805551746,
    "(1, 7)": 3.025062652959848,
    "(1, 8)": 2.9569869581809147,
    "(2, 3)": 3.066631679823422,
    "(2, 4)": 3.0211487646888684,
    "(2, 5)": 3.1490895130410563,
    "(2, 6)": 3.0537780775979844,
    "(2, 7)": 3.034937842291207,
    "(2, 8)": 2.894520516032354,
    "(3, 4)": 3.1625464775537044,
    "(3, 5)": 2.924949308811359,
    "(3, 6)": 2.9152021412773528,
    "(3, 7)": 3.062488357140277,
    "(3, 8)": 2.8035806810702115,
    "(4, 5)": 3.1995719503773947,
    "(4, 6)": 3.157311685212308,
    "(4, 7)": 3.1011074832016976,
    "(4, 8)": 2.8901742815092244,
    "(5, 6)": 2.9029396930552793,
    "(5, 7)": 2.8568539512878135,
    "(5, 8)": 2.8273984662590563,
    "(6, 7)": 3.0642896471342427,
    "(6, 8)": 2.9658038739260144,
    "(7, 8)": 2.8889076242358924
  },
  "A": [
    [
      1,
      1,
      1,
      1,
      1,
      1,
      1,
      1
    ],
    [
      1,
      1,
      1,
      1,
      1,
      1,
      1,
      1
    ],
    [
      1,
      1,
      1,
      1,
      1,
      1,
      1,
      1
    ],
    [
      1,
      1,
      1,
      1,
      1,
      1,
      1,
      1
    ],
    [
      1,
      1,
      1,
      1,
      1,
      1,
      1,
      1
    ],
    [
      1,
      1,
      1,
      1,
      1,
      1,
      1,
      1
    ],
    [
      1,
      1,
      1,
      1,
      1,
      1,
      1,
      1
    ],
    [
      1,
      1,
      1,
      1,
      1,
      1,
      1,
      1
    ]
  ],
  "sample_args": {
    "type": "pareto",
    "params": [
      1.4973270336387101,
      1.5244021292538976,
      1.5039958534613662,
      1.5022599488646518,
      1.5145960524632187,
      1.4938118820859156,
      1.510989608704155,
      1.483879159389177,
      1.4947681325941082,
      1.4653133310324316,
      1.4869075246774275,
      1.4914155013570662,
      1.5278380421523619,
      1.4624178071452183,
      1.5194941993654327,
      1.5221380962601918,
      1.4848512218447334,
      1.5544526011481885,
      1.4546339117610696,
      1.4635398801455928,
      1.475939478582117,
      1.5290517439489983,
      1.5255027280420235,
      1.5385453170974777,
      1.5472260256664994,
      1.4844281428181618,
      1.5086977461301088,
      1.5294065136745496
    ]
  },
  "B_list": [
    200
  ],
  "k_list": [
    [
      10,
      0.005
    ]
  ],
  "B12_list": [
    [
      20,
      200
    ]
  ],
  "epsilon": "dynamic",
  "tolerance": 0.001,
  "number_of_iterations": 20,
  "sample_number": [
    256,
    512,
    1024,
    2048,
    4096,
    8192,
    16384
  ],
  "obj_opt": 12.332912595909917
}