{
  "seed": 2024,
  "N": 8,
  "w": {
    "(1, 2)": 3.0272265140149655,
    "(1, 3)": 2.8279590891409088,
    "(1, 4)": 2.9528216021132403,
    "(1, 5)": 3.0314704835528588,
    "(1, 6)": 3.1573763567739563,
    "(1, 7)": 3.1220649802234015,
    "(1, 8)": 3.107368950000645,
    "(2, 3)": 3.1203796786287556,
    "(2, 4)": 2.804185728628169,
    "(2, 5)": 3.177738289996682,
    "(2, 6)": 3.1145660120937646,
    "(2, 7)": 2.8991216761511898,
    "(2, 8)": 3.0357862953636046,
    "(3, 4)": 2.919316994807402,
    "(3, 5)": 2.8648088027700176,
    "(3, 6)": 3.0360479266329476,
    "(3, 7)": 3.0078826005591153,
    "(3, 8)": 3.063280653317235,
    "(4, 5)": 3.0913082021547065,
    "(4, 6)": 3.1582296544965796,
    "(4, 7)": 3.08066558235356,
    "(4, 8)": 3.04428318455933,
    "(5, 6)": 2.8320131035282246,
    "(5, 7)": 2.961858809713246,
    "(5, 8)": 2.8556386753698297,
    "(6, 7)": 3.146725672235793,
    "(6, 8)": 3.165776114305714,
    "(7, 8)": 2.8665724711886935
  },
  "A": [
    [
      1,
      1,
      1,
      1,
      1,
      1,
      1,
      1
    ],
    [
      1,
      1,
      1,
      1,
      1,
      1,
      1,
      1
    ],
    [
      1,
      1,
      1,
      1,
      1,
      1,
      1,
      1
    ],
    [
      1,
      1,
      1,
      1,
      1,
      1,
      1,
      1
    ],
    [
      1,
      1,
      1,
      1,
      1,
      1,
      1,
      1
    ],
    [
      1,
      1,
      1,
      1,
      1,
      1,
      1,
      1
    ],
    [
      1,
      1,
      1,
      1,
      1,
      1,
      1,
      1
    ],
    [
      1,
      1,
      1,
      1,
      1,
      1,
      1,
      1
    ]
  ],
  "sample_args": {
    "type": "pareto",
    "params": [
      1.4932847874110913,
      1.5470581950879287,
      1.5120795462923253,
      1.4922542602002713,
      1.4635259846341113,
      1.471239104042292,
      1.4745253554199391,
      1.4716136501773576,
      1.554266661204753,
      1.459191999605023,
      1.472910277702722,
      1.5265592050039818,
      1.4912106945004233,
      1.5210186762819484,
      1.5362480048971152,
      1.4911475741407128,
      1.498037086292565,
      1.4846650398200807,
      1.4781695968914026,
      1.4633427206954286,
      1.4806154379065775,
      1.4891690190249067,
      1.545847624164984,
      1.5097206766608064,
      1.5388980156930063,
      1.4658257051346995,
      1.4617282430047354,
      1.5357413202194972
    ]
  },
  "B_list": [
    200
  ],
  "k_list": [
    [
      10,
      0.005
    ]
  ],
  "B12_list": [
    [
      20,
      200
    ]
  ],
  "epsilon": "dynamic",
  "tolerance": 0.001,
  "number_of_iterations": 20,
  "sample_number": [
    256,
    512,
    1024,
    2048,
    4096,
    8192,
    16384
  ],
  "obj_opt": 12.521313578033899
}