{
  "seed": 2024,
  "N": 8,
  "w": {
    "(1, 2)": 3.0361423872250297,
    "(1, 3)": 2.8682445773877636,
    "(1, 4)": 3.06561880906642,
    "(1, 5)": 2.9929550560190123,
    "(1, 6)": 3.179580777264743,
    "(1, 7)": 3.07719516952566,
    "(1, 8)": 3.0988288538272877,
    "(2, 3)": 3.0172932171052844,
    "(2, 4)": 2.8016731034834716,
    "(2, 5)": 2.9274024537508496,
    "(2, 6)": 2.8106781747664495,
    "(2, 7)": 3.0125865068881303,
    "(2, 8)": 3.0837691817213786,
    "(3, 4)": 2.9181185910164302,
    "(3, 5)": 2.8900512168828874,
    "(3, 6)": 3.0844671326577315,
    "(3, 7)": 2.8939458320820677,
    "(3, 8)": 3.1439878444423943,
    "(4, 5)": 2.826414189707007,
    "(4, 6)": 3.117624935510748,
    "(4, 7)": 3.0455873190806657,
    "(4, 8)": 2.831734400155867,
    "(5, 6)": 3.1598692009744154,
    "(5, 7)": 2.8357890395420404,
    "(5, 8)": 2.8366947174111177,
    "(6, 7)": 3.167140378060818,
    "(6, 8)": 3.0776331872875353,
    "(7, 8)": 2.899719013774628
  },
  "A": [
    [
      1,
      1,
      1,
      1,
      1,
      1,
      1,
      1
    ],
    [
      1,
      1,
      1,
      1,
      1,
      1,
      1,
      1
    ],
    [
      1,
      1,
      1,
      1,
      1,
      1,
      1,
      1
    ],
    [
      1,
      1,
      1,
      1,
      1,
      1,
      1,
      1
    ],
    [
      1,
      1,
      1,
      1,
      1,
      1,
      1,
      1
    ],
    [
      1,
      1,
      1,
      1,
      1,
      1,
      1,
      1
    ],
    [
      1,
      1,
      1,
      1,
      1,
      1,
      1,
      1
    ],
    [
      1,
      1,
      1,
      1,
      1,
      1,
      1,
      1
    ]
  ],
  "sample_args": {
    "type": "pareto",
    "params": [
      1.4911247888527368,
      1.5352618239086397,
      1.4841164282639165,
      1.5017674618300374,
      1.4588038261444691,
      1.4814184120350886,
      1.4764561904018354,
      1.4957137571874406,
      1.555039645131259,
      1.5188330014076383,
      1.5522792586424061,
      1.496873051954524,
      1.4798996015354786,
      1.5213441987807907,
      1.5290861914574048,
      1.479738914724447,
      1.5279982051549341,
      1.4664205548516431,
      1.5475209323469064,
      1.4722271556359487,
      1.4888571564128699,
      1.5459306763660208,
      1.462990999431287,
      1.5447248994631007,
      1.5444562945166702,
      1.4614375746599357,
      1.4813169168257054,
      1.5263936365057797
    ]
  },
  "B_list": [
    200
  ],
  "k_list": [
    [
      10,
      0.005
    ]
  ],
  "B12_list": [
    [
      20,
      200
    ]
  ],
  "epsilon": "dynamic",
  "tolerance": 0.001,
  "number_of_iterations": 20,
  "sample_number": [
    256,
    512,
    1024,
    2048,
    4096,
    8192,
    16384
  ],
  "obj_opt": 12.385586751722506
}