{
  "seed": 2024,
  "N": 8,
  "w": {
    "(1, 2)": 3.0557147910413245,
    "(1, 3)": 3.1707699526850104,
    "(1, 4)": 2.8443008092595914,
    "(1, 5)": 2.85205446701741,
    "(1, 6)": 2.9473023411676635,
    "(1, 7)": 3.0340779901570363,
    "(1, 8)": 3.198828447582347,
    "(2, 3)": 3.136794760282043,
    "(2, 4)": 3.070006163175224,
    "(2, 5)": 2.830551573984673,
    "(2, 6)": 3.1243584313925403,
    "(2, 7)": 2.957727549291045,
    "(2, 8)": 3.1510157044639104,
    "(3, 4)": 2.8108229968103053,
    "(3, 5)": 3.0879703803521115,
    "(3, 6)": 2.9336851476240304,
    "(3, 7)": 2.9633352395503425,
    "(3, 8)": 3.0075169161962756,
    "(4, 5)": 2.878052015207802,
    "(4, 6)": 2.8922611479046525,
    "(4, 7)": 3.151108176402632,
    "(4, 8)": 2.8611539934455252,
    "(5, 6)": 3.054158594208563,
    "(5, 7)": 2.9916497707398824,
    "(5, 8)": 2.85464727953637,
    "(6, 7)": 2.882646418479589,
    "(6, 8)": 3.1474695249852735,
    "(7, 8)": 3.0376200395475377
  },
  "A": [
    [
      1,
      1,
      1,
      1,
      1,
      1,
      1,
      1
    ],
    [
      1,
      1,
      1,
      1,
      1,
      1,
      1,
      1
    ],
    [
      1,
      1,
      1,
      1,
      1,
      1,
      1,
      1
    ],
    [
      1,
      1,
      1,
      1,
      1,
      1,
      1,
      1
    ],
    [
      1,
      1,
      1,
      1,
      1,
      1,
      1,
      1
    ],
    [
      1,
      1,
      1,
      1,
      1,
      1,
      1,
      1
    ],
    [
      1,
      1,
      1,
      1,
      1,
      1,
      1,
      1
    ],
    [
      1,
      1,
      1,
      1,
      1,
      1,
      1,
      1
    ]
  ],
  "sample_args": {
    "type": "pareto",
    "params": [
      1.4864488032863008,
      1.4606660409884091,
      1.5422108991002708,
      1.5399409238813708,
      1.5135309391146567,
      1.4916232341331206,
      1.4547876397995116,
      1.4679906646102063,
      1.4830903490963911,
      1.5462834340270672,
      1.470730355679427,
      1.5107963058302631,
      1.4648966522767561,
      1.5522350896589348,
      1.4789339970576412,
      1.5171472725167932,
      1.5093373662610097,
      1.498127807507964,
      1.5324666153558864,
      1.5284682830947116,
      1.4648766672777622,
      1.5373010527456223,
      1.4868173289148032,
      1.5020963096481104,
      1.5391860819217242,
      1.5311671858211127,
      1.4656643497685293,
      1.4907686323216836
    ]
  },
  "B_list": [
    200
  ],
  "k_list": [
    [
      10,
      0.005
    ]
  ],
  "B12_list": [
    [
      20,
      200
    ]
  ],
  "epsilon": "dynamic",
  "tolerance": 0.001,
  "number_of_iterations": 20,
  "sample_number": [
    256,
    512,
    1024,
    2048,
    4096,
    8192,
    16384
  ],
  "obj_opt": 12.56226543572963
}