{
  "seed": 2024,
  "N": 8,
  "w": {
    "(1, 2)": 3.138601888775499,
    "(1, 3)": 2.817840120766479,
    "(1, 4)": 2.9316389647459253,
    "(1, 5)": 3.0234171818987625,
    "(1, 6)": 3.174967547952668,
    "(1, 7)": 3.169887720007571,
    "(1, 8)": 3.156378024310876,
    "(2, 3)": 3.007944734588908,
    "(2, 4)": 2.8731487023537525,
    "(2, 5)": 3.081218277150963,
    "(2, 6)": 2.9306471018070717,
    "(2, 7)": 2.9051472917679964,
    "(2, 8)": 3.0035558644575193,
    "(3, 4)": 2.8866394778742617,
    "(3, 5)": 3.020624758648417,
    "(3, 6)": 2.8183765261433558,
    "(3, 7)": 2.9164707552876847,
    "(3, 8)": 2.954415037268811,
    "(4, 5)": 2.9052309314784295,
    "(4, 6)": 2.9508839984032047,
    "(4, 7)": 3.0326994302920616,
    "(4, 8)": 3.0227463574447824,
    "(5, 6)": 2.863439477888153,
    "(5, 7)": 3.0743922652480973,
    "(5, 8)": 2.9304576198315804,
    "(6, 7)": 2.9512126412512307,
    "(6, 8)": 2.924171835319311,
    "(7, 8)": 3.017779436927991
  },
  "A": [
    [
      1,
      1,
      1,
      1,
      1,
      1,
      1,
      1
    ],
    [
      1,
      1,
      1,
      1,
      1,
      1,
      1,
      1
    ],
    [
      1,
      1,
      1,
      1,
      1,
      1,
      1,
      1
    ],
    [
      1,
      1,
      1,
      1,
      1,
      1,
      1,
      1
    ],
    [
      1,
      1,
      1,
      1,
      1,
      1,
      1,
      1
    ],
    [
      1,
      1,
      1,
      1,
      1,
      1,
      1,
      1
    ],
    [
      1,
      1,
      1,
      1,
      1,
      1,
      1,
      1
    ],
    [
      1,
      1,
      1,
      1,
      1,
      1,
      1,
      1
    ]
  ],
  "sample_args": {
    "type": "pareto",
    "params": [
      1.4675952103327519,
      1.550103382897258,
      1.5176950860128944,
      1.494213456792734,
      1.4597769750363936,
      1.4608533385296594,
      1.4637405819972473,
      1.498021674986355,
      1.5338604451122457,
      1.480487804176373,
      1.5179610499837113,
      1.5248937991938616,
      1.4991126116020523,
      1.5300429741493233,
      1.4948964401826361,
      1.5499411071484337,
      1.5217924652598669,
      1.511662047687397,
      1.524870756336092,
      1.5125881399501448,
      1.4919566489258662,
      1.4943773579517117,
      1.5366420599467527,
      1.4820689012164245,
      1.5180118898892188,
      1.5125018047027114,
      1.5197041041992243,
      1.4955943061460029
    ]
  },
  "B_list": [
    200
  ],
  "k_list": [
    [
      10,
      0.005
    ]
  ],
  "B12_list": [
    [
      20,
      200
    ]
  ],
  "epsilon": "dynamic",
  "tolerance": 0.001,
  "number_of_iterations": 20,
  "sample_number": [
    256,
    512,
    1024,
    2048,
    4096,
    8192,
    16384
  ],
  "obj_opt": 12.280050905234456
}