{
  "seed": 2024,
  "N": 8,
  "w": {
    "(1, 2)": 3.0158429352664142,
    "(1, 3)": 3.043542817205786,
    "(1, 4)": 3.1669131932612897,
    "(1, 5)": 3.1467314427566855,
    "(1, 6)": 2.8936031297484033,
    "(1, 7)": 2.980858571209466,
    "(1, 8)": 3.1335646965676265,
    "(2, 3)": 3.0811886012220056,
    "(2, 4)": 3.043365053835512,
    "(2, 5)": 3.0638886123297677,
    "(2, 6)": 2.9347224075004426,
    "(2, 7)": 2.8717666772208967,
    "(2, 8)": 3.136450729603944,
    "(3, 4)": 2.8036979676766958,
    "(3, 5)": 3.019670801007701,
    "(3, 6)": 3.162854829949071,
    "(3, 7)": 2.8068588369297944,
    "(3, 8)": 2.825448429081741,
    "(4, 5)": 2.8621336956410626,
    "(4, 6)": 2.91777289015584,
    "(4, 7)": 2.8312545316964037,
    "(4, 8)": 3.130486589937699,
    "(5, 6)": 3.188920715768945,
    "(5, 7)": 2.8862035614453423,
    "(5, 8)": 3.101681642818335,
    "(6, 7)": 2.9378267306862464,
    "(6, 8)": 3.1919858495770885,
    "(7, 8)": 2.848287365067278
  },
  "A": [
    [
      1,
      1,
      1,
      1,
      1,
      1,
      1,
      1
    ],
    [
      1,
      1,
      1,
      1,
      1,
      1,
      1,
      1
    ],
    [
      1,
      1,
      1,
      1,
      1,
      1,
      1,
      1
    ],
    [
      1,
      1,
      1,
      1,
      1,
      1,
      1,
      1
    ],
    [
      1,
      1,
      1,
      1,
      1,
      1,
      1,
      1
    ],
    [
      1,
      1,
      1,
      1,
      1,
      1,
      1,
      1
    ],
    [
      1,
      1,
      1,
      1,
      1,
      1,
      1,
      1
    ],
    [
      1,
      1,
      1,
      1,
      1,
      1,
      1,
      1
    ]
  ],
  "sample_args": {
    "type": "pareto",
    "params": [
      1.4960703944267562,
      1.4893462429954554,
      1.4614859529720987,
      1.4658244529720348,
      1.52809376172338,
      1.504831599052235,
      1.4686991688645537,
      1.4804946555121592,
      1.4893888138700146,
      1.4845222721933504,
      1.516870015110822,
      1.5342546227421618,
      1.4680660247125756,
      1.5544165475154792,
      1.4951301962186396,
      1.4623518814822847,
      1.5534466664253612,
      1.5478106004358787,
      1.5370183689500005,
      1.5214381771340708,
      1.5460737339847774,
      1.4693763409368574,
      1.4568461492442455,
      1.5301654712356334,
      1.4758094564022597,
      1.5160420094142617,
      1.4562073246015412,
      1.5410414088739928
    ]
  },
  "B": 200,
  "k_tuple": [
    10,
    0.005
  ],
  "B12": [
    20,
    200
  ],
  "epsilon_list": [
    0,
    0.125,
    0.5,
    2,
    8,
    "dynamic"
  ],
  "tolerance": 0.001,
  "number_of_iterations": 50,
  "sample_number": [
    1024,
    2048,
    4096,
    8192,
    16384,
    32768
  ],
  "obj_opt": 12.381454478138114
}