{
  "s": 3,
  "p": 2,
  "c": 3,
  "g": 5,
  "C": [
    0.5965419066862641,
    0.23304202499604199
  ],
  "Q_sp": [
    [
      [
        0.33959485,
        0.93963167,
        0.11099611,
        0.29228903,
        0.32671781
      ],
      [
        0.11183712,
        0.68568047,
        0.89458674,
        0.6290198,
        0.45712153
      ]
    ],
    [
      [
        0.30562386,
        0.25141794,
        0.52145227,
        0.93541722,
        0.09209385
      ],
      [
        0.32229624,
        0.78332703,
        0.97653641,
        0.18445241,
        0.03020424
      ]
    ],
    [
      [
        0.3414426,
        0.45228102,
        0.22978903,
        0.05338668,
        0.24009525
      ],
      [
        0.92622445,
        0.08852084,
        0.84160819,
        0.02508719,
        0.46203217
      ]
    ]
  ],
  "Q_pc": [
    [
      [
        0.08967017,
        0.08001494,
        0.29854161,
        0.6979279,
        0.12176636
      ],
      [
        0.96381038,
        0.1531089,
        0.38302768,
        0.61996695,
        0.90823239
      ],
      [
        0.70189534,
        0.39932218,
        0.55522219,
        0.00271483,
        0.89190262
      ]
    ],
    [
      [
        0.00499716,
        0.94445126,
        0.88466098,
        0.5649098,
        0.54066034
      ],
      [
        0.35775422,
        0.14473548,
        0.17228491,
        0.64621086,
        0.6801251
      ],
      [
        0.22298374,
        0.17262673,
        0.42564852,
        0.25968014,
        0.01474239
      ]
    ]
  ],
  "R": [
    [
      0.6102688507974723,
      0.04393395260286215,
      0.9790066319581072,
      0.5636188238759097,
      0.4456882713217589
    ],
    [
      0.6710846595343988,
      0.3013251905409112,
      0.14488629212386284,
      0.01395597762338352,
      0.9498486228493433
    ]
  ],
  "M": [
    0.9436855093319053,
    0.16773903216179642
  ],
  "H": [
    [
      0.5259965846284741,
      0.1129140576424491,
      0.4616563410537545,
      0.5274266142376729,
      0.3468394528393588
    ],
    [
      0.9065878865123457,
      0.24868777880812787,
      0.8581634966792447,
      0.133032670621669,
      0.799709343543059
    ],
    [
      0.8297419066690157,
      0.02841991507278907,
      0.1485590799688975,
      0.8373271788407757,
      0.7991545030920565
    ]
  ],
  "sample_args": {
    "type": "pareto",
    "size": [
      3,
      3,
      5
    ],
    "params": [
      1.9457139790409477,
      1.9850562164433143
    ]
  }
}