{
  "s": 3,
  "p": 2,
  "c": 3,
  "g": 5,
  "C": [
    0.5324785767121177,
    0.3485940326910174
  ],
  "Q_sp": [
    [
      [
        0.33959485,
        0.93963167,
        0.11099611,
        0.29228903,
        0.32671781
      ],
      [
        0.11183712,
        0.68568047,
        0.89458674,
        0.6290198,
        0.45712153
      ]
    ],
    [
      [
        0.30562386,
        0.25141794,
        0.52145227,
        0.93541722,
        0.09209385
      ],
      [
        0.32229624,
        0.78332703,
        0.97653641,
        0.18445241,
        0.03020424
      ]
    ],
    [
      [
        0.3414426,
        0.45228102,
        0.22978903,
        0.05338668,
        0.24009525
      ],
      [
        0.92622445,
        0.08852084,
        0.84160819,
        0.02508719,
        0.46203217
      ]
    ]
  ],
  "Q_pc": [
    [
      [
        0.08967017,
        0.08001494,
        0.29854161,
        0.6979279,
        0.12176636
      ],
      [
        0.96381038,
        0.1531089,
        0.38302768,
        0.61996695,
        0.90823239
      ],
      [
        0.70189534,
        0.39932218,
        0.55522219,
        0.00271483,
        0.89190262
      ]
    ],
    [
      [
        0.00499716,
        0.94445126,
        0.88466098,
        0.5649098,
        0.54066034
      ],
      [
        0.35775422,
        0.14473548,
        0.17228491,
        0.64621086,
        0.6801251
      ],
      [
        0.22298374,
        0.17262673,
        0.42564852,
        0.25968014,
        0.01474239
      ]
    ]
  ],
  "R": [
    [
      0.2407945915053522,
      0.6933405833968032,
      0.3868309989461629,
      0.01824300571126669,
      0.3362399070336366
    ],
    [
      0.43169697588193034,
      0.7741797182176482,
      0.578055001012638,
      0.08440104698257955,
      0.5762797745701623
    ]
  ],
  "M": [
    0.9986470453048861,
    0.25012696950837787
  ],
  "H": [
    [
      0.704702360538384,
      0.24880426229486408,
      0.09847400878281998,
      0.0805697316042634,
      0.5444525070732481
    ],
    [
      0.644746857340231,
      0.0698041387327093,
      0.16723965290189735,
      0.8119382786731315,
      0.7788552477202128
    ],
    [
      0.7090691321477581,
      0.9941514461407694,
      0.8428918612872156,
      0.7317762027277777,
      0.8781695638059914
    ]
  ],
  "sample_args": {
    "type": "pareto",
    "size": [
      3,
      3,
      5
    ],
    "params": [
      1.9831475415002027,
      2.1096968945182506
    ]
  }
}