{
  "seed": 2024,
  "mu": [
    1.3892753935482967,
    1.4862153281188657,
    1.6435570063112221,
    1.6421090788209596,
    1.573555943563825,
    1.2588257631690754
  ],
  "b": 1.3359575834838318,
  "sample_args": {
    "type": "pareto",
    "params": [
      3.568875445439456,
      3.056701922312759,
      2.5538639004675883,
      2.557367794637322,
      2.7435090878606165,
      4.8636030190965185
    ]
  },
  "k_list": [
    [
      10,
      0.005
    ],
    [
      20,
      0.01
    ]
  ],
  "B12_list": [
    [
      400,
      200
    ]
  ],
  "epsilon": "dynamic",
  "tolerance": 0.001,
  "number_of_iterations": 20,
  "sample_number": [
    64,
    256,
    1024,
    4096,
    16384
  ]
}