{"SAA_obj_list": [[0.07646402090075069, 0.10889632134003582, 0.11314683601694227, 0.06913529588391426, 0.1902045948905314, 0.08309322155485181, 0.07784251854784205, 0.07770832557145334, 0.1468478537294024, 0.07302421625821715, 0.07966926872957575, 0.1218411600239822, 0.11515641815017907, 0.07014546322045326, 0.07181604441812478, 0.0747937221620239, 0.07402750725091067, 0.08173794808164928, 0.08923520241843808, 0.08232648032492003], [0.0843660841777314, 0.0781178945536633, 0.07155914264974177, 0.08551729123220331, 0.07328607098274993, 0.06869655676476702, 0.07453308121472432, 0.0775898365324752, 0.07227222096014764, 0.07146019915574288, 0.12485539074047403, 0.07638571845477235, 0.07316718633430319, 0.08168486850895125, 0.08610344971704874, 0.07293569876813447, 0.073758719312337, 0.07514542384571334, 0.0799728977167751, 0.07632919105579086], [0.07111510092156469, 0.07346473564301596, 0.06991680046833892, 0.07056175716671328, 0.07117780768032475, 0.07869949535176603, 0.06914698378754458, 0.07397497345997694, 0.07367121083400463, 0.07147406566374279, 0.07510967170679457, 0.06730997815215073, 0.06975950945428877, 0.06891841875404954, 0.06944677149228401, 0.07081429661131435, 0.10988704982664439, 0.06843100891194168, 0.0708281919067208, 0.07236522703213624], [0.06812903140592197, 0.0706550051429141, 0.06868920754232741, 0.07045646137395159, 0.06705480614631669, 0.06989502055700936, 0.0681259566914213, 0.06817686096608061, 0.06815035971359579, 0.06806154399808223, 0.0673033476319724, 0.07239648445665424, 0.06803143041005089, 0.06885783915218885, 0.06804035491967006, 0.06831748496041402, 0.06794077003965787, 0.06972617499553209, 0.06952994132158333, 0.06702065128803392], [0.06728619030517087, 0.06687384884593411, 0.06748083692129592, 0.0682260008563493, 0.06701793289260627, 0.0678755350514223, 0.06802587826082679, 0.06717233084627845, 0.06753603137743572, 0.06775974229879528, 0.06772391366667105, 0.06697804931751897, 0.06699010564667557, 0.06841430905134029, 0.06723575164418441, 0.06749320468890363, 0.06971091444749664, 0.0669108893632143, 0.067993191690705, 0.06728140851702685]], "SAA_obj_avg": [0.09385562097370992, 0.07888684613391236, 0.07330365274126589, 0.06872793663566894, 0.06759930328449257], "bagging_alg3_obj_list": [[[[0.07097033820522423, 0.07225060750203335, 0.08206495300429856, 0.0706142114645471, 0.10124843963263869, 0.07121913914413372, 0.07291303795975777, 0.09306256743408423, 0.07097819041642948, 0.07113062884451667, 0.0718556912313088, 0.08123260019369065, 0.09767299663548373, 0.08991968237692918, 0.07525268096090042, 0.07637382256949435, 0.0731859990867737, 0.07335062532155875, 0.07502594020858883, 0.07940698575208195], [0.07526540037792001, 0.07118831675060085, 0.080487371918405, 0.07316919340831592, 0.08294303746345472, 0.06869335309587189, 0.0759819902418574, 0.07442486138933455, 0.06896028890249684, 0.07453285970681664, 0.07091072545593768, 0.07750447762491375, 0.0692090633849698, 0.06973497968731693, 0.06952718511482606, 0.07616152554238331, 0.07227907476789255, 0.11177611180793269, 0.10706878138561166, 0.07820976089631568], [0.07017189214009713, 0.07042339988603646, 0.07539554106973431, 0.0688601101985317, 0.07287380794224212, 0.07211788253894176, 0.07671060732843868, 0.07778366900529445, 0.07354377400636786, 0.0675387369434502, 0.0808546450805687, 0.07092834260519176, 0.0680020927540945, 0.07992606360425103, 0.0688505664581715, 0.07462227351840416, 0.07941089475717464, 0.06716055541905352, 0.06908657753384742, 0.07139875550620395], [0.06854428346501426, 0.06732994626821348, 0.0686623101493272, 0.06993129387286032, 0.069372794855648, 0.06821726620229891, 0.07337388281434502, 0.06717654938434676, 0.06910161735159882, 0.0685317242555077, 0.06841038910915229, 0.06790359489765013, 0.07558917182917513, 0.07303008000074707, 0.06883928143527453, 0.07198756835682169, 0.06932057365844349, 0.06849605817867352, 0.0757132995340573, 0.0691147181916667], [0.06857369279522812, 0.06882886452662884, 0.06741466296664582, 0.06736601711898833, 0.06763774860695754, 0.07001777444650631, 0.06865852724764329, 0.07013417941997699, 0.06812033752412806, 0.06759784967033178, 0.06763022196765178, 0.07210139031295783, 0.06876815903081046, 0.06888684209226423, 0.07080312297853544, 0.07065013089244618, 0.06774695401519237, 0.0709350109026577, 0.07194869170640869, 0.06912619105184276]], [[0.07778616074865166, 0.08927979142088632, 0.09428998746390121, 0.07251924213425051, 0.11980297331829833, 0.07382460952974779, 0.07509490593995205, 0.09061925170567038, 0.07590595138816882, 0.07240941899035902, 0.07053358995733494, 0.09918346261618244, 0.09977009254027389, 0.0719827237739587, 0.07159873627435645, 0.07683402447567808, 0.08055572406789932, 0.07228073417836134, 0.08753096580667691, 0.08623539562264676], [0.07125069479975972, 0.07149006613467467, 0.06845992456772851, 0.06718037382770305, 0.07457551720283648, 0.07298022474189074, 0.06900509485119542, 0.06911162158740679, 0.0705930824525898, 0.08623181292707668, 0.08061187061469612, 0.07325629141216464, 0.07600610174317285, 0.07095911209149017, 0.06793657865805505, 0.07909017852856759, 0.0730701167616201, 0.08978223256168229, 0.07853967406251035, 0.07698034667924974], [0.06846268535779142, 0.0696156409850717, 0.07231272714806508, 0.0719453181444, 0.07095049280382057, 0.07531910589139879, 0.07660890517134164, 0.06964044404966002, 0.07254989912973199, 0.07257780683005359, 0.07367381493151295, 0.07115072464739461, 0.07030241558677089, 0.07199428884090525, 0.06788216394296523, 0.07003516799498333, 0.07482704174895265, 0.06999227658999158, 0.0718965349500245, 0.06813571118903151], [0.07049300619820636, 0.06920304035529572, 0.07086529131545921, 0.0696065642923879, 0.06816714264177323, 0.06967541422466975, 0.07020606692184517, 0.07813213404881178, 0.06814134598063598, 0.06962873078230745, 0.0681652798571902, 0.0673404592773576, 0.0689484418608538, 0.06686368977040871, 0.06764284291008084, 0.07243995864290126, 0.06774171361855097, 0.06876307654918405, 0.06775987579780213, 0.06761808523286972], [0.06768782393267815, 0.06721900757981863, 0.0681038063401, 0.06759921192077771, 0.06992137974708221, 0.06802491326255253, 0.06907883499835538, 0.06861439240554573, 0.06687455270330012, 0.07195996648579998, 0.06890742087021255, 0.07173331450979863, 0.06743017322572945, 0.06729918934229986, 0.06884208290997398, 0.06929146013293516, 0.06942259103368986, 0.07006861388160954, 0.06807111153854377, 0.06822760164704694]]]], "bagging_alg3_obj_avg": [[[0.07848645689722371, 0.07740141794615871, 0.07278300941480478, 0.06993232019054112, 0.06914731846369013], [0.08290188709766275, 0.07435554581030354, 0.07149365829669338, 0.06937010801392958, 0.0687188724233925]]],