{
  "seed": 2024,
  "mu": [
    1.4658381042742719,
    1.5153793746604252,
    1.7443306394110556,
    1.2434055705622697,
    1.5628986824310138,
    1.2215388533285725
  ],
  "b": 1.2070326485836893,
  "sample_args": {
    "type": "pareto",
    "params": [
      3.1466685331761295,
      2.940318237723198,
      2.3434889645161463,
      5.1083694086786435,
      2.7765186368553194,
      5.513880906103919
    ]
  },
  "k_list": [
    [
      10,
      0.005
    ],
    [
      20,
      0.01
    ]
  ],
  "B12_list": [
    [
      400,
      200
    ]
  ],
  "epsilon": "dynamic",
  "tolerance": 0.001,
  "number_of_iterations": 20,
  "sample_number": [
    64,
    256,
    1024,
    4096,
    16384
  ]
}