{"SAA_obj_list": [[0.042377117081902047, 0.06330295043974749, 0.04923641541756754, 0.03997214464800949, 0.07826629370044995, 0.04870215030723533, 0.048677138434917167, 0.04343662916601607, 0.06283368795568825, 0.04199894706886752, 0.04492845849139873, 0.052786200679047136, 0.06381262299234575, 0.03933110476888255, 0.04054900154504863, 0.041028296246870814, 0.03842858382066455, 0.04982912395326493, 0.05154420708377844, 0.05214921384293363], [0.04139073386721205, 0.043813861715648245, 0.041903626780036424, 0.042810815392441165, 0.040835094849846584, 0.03865288980459236, 0.04181565445476901, 0.0450636387348165, 0.04180832665615651, 0.03825825575620713, 0.06311642749016003, 0.0398878321025381, 0.037611322947138856, 0.04229185861245931, 0.042328972106051486, 0.05345181195434059, 0.039661996047927146, 0.04143985947074144, 0.04019178773480622, 0.040330368675750974], [0.03822525412029086, 0.0392331404594904, 0.03751591795164947, 0.038161239682671655, 0.038094974694979876, 0.044277385283091095, 0.03806309185985838, 0.038335859154465274, 0.03908965807659267, 0.040020704096124966, 0.0398314014661319, 0.038443803178675066, 0.03853370483843921, 0.03716474940853058, 0.03729136729253686, 0.03789910330965625, 0.048319323889623955, 0.03757797513286902, 0.0387610732303721, 0.038393304362248006], [0.03711989668036902, 0.037888037804281745, 0.03734619964142537, 0.03792069784281483, 0.037228590954292734, 0.03802767714024857, 0.0369693382643206, 0.03746925619280175, 0.037104123420208815, 0.037069249454610376, 0.036961257643160814, 0.03821556014010502, 0.03731407658906112, 0.037399526581918134, 0.037259406840851536, 0.03708907028055361, 0.03756166353579769, 0.03747657155964072, 0.03737753588051264, 0.03681952517126019], [0.036868182482668606, 0.03676181458827979, 0.03693143598400956, 0.03706370807626025, 0.03693117235663064, 0.0368365565711842, 0.0368993923126629, 0.03693383326751977, 0.037044101479438596, 0.03723788096666047, 0.037101943515203156, 0.036917449046502716, 0.036818306978848234, 0.037268703819891315, 0.03688357785099512, 0.036899010345898056, 0.03779887520209643, 0.03680943054652783, 0.037073916647433175, 0.036886323212372917]], "SAA_obj_avg": [0.0496595143822318, 0.042833256757682014, 0.03916165157441488, 0.037380863080911764, 0.036998280762554195], "bagging_alg3_obj_list": [[[[0.039851097914796026, 0.04583434166904671, 0.057379266335337485, 0.0429475523166845, 0.04928921065679513, 0.04110627147969878, 0.046909052735460116, 0.0470864420495222, 0.04008842987931021, 0.03963298787186034, 0.042952942373869256, 0.04341841703734387, 0.055871675700020856, 0.03968648945418999, 0.04466367616238571, 0.042125606295450854, 0.04317338506312603, 0.03892336757283873, 0.038991031783378066, 0.04428902010868398], [0.04125220005570611, 0.039134760218624894, 0.043975030911005915, 0.040776292105426715, 0.04090276589290792, 0.039566809728876225, 0.04010678477651234, 0.04088326150866935, 0.04055548538494055, 0.04080339603370259, 0.043296587816508296, 0.04275007090450106, 0.045034691997116245, 0.040344316139434094, 0.04348981455263366, 0.043675807986589765, 0.039604599435994474, 0.046564099715032205, 0.04148787355838288, 0.041370034928432484], [0.03838732154551517, 0.03981233232630749, 0.039402737202727835, 0.0414972811171163, 0.04381410445660977, 0.03933529435051596, 0.03912608211188571, 0.038632719630820975, 0.03957590918137685, 0.041012903331609826, 0.03945328451587033, 0.04372844247053566, 0.03820606578265856, 0.04131660590087789, 0.04218207152306988, 0.03999199489863185, 0.04253468586437794, 0.03799663771816854, 0.041218502804012694, 0.043664799717984586], [0.04064004186899846, 0.03709483105859489, 0.038879353624089466, 0.03970488855303765, 0.038104614417164534, 0.037663936698838996, 0.03867064640775507, 0.039280590991395886, 0.03770772127524593, 0.03962598172528515, 0.038568213409675846, 0.03848146465458287, 0.041926880228741935, 0.03734821463542684, 0.03816524578311249, 0.03784026036341887, 0.03752399462003704, 0.04007189190687925, 0.04237354326262399, 0.0378513920570058], [0.0372358487169984, 0.037471171607978124, 0.03727857525095629, 0.037324981353740794, 0.03706123361114688, 0.037871789482614424, 0.03746895806655276, 0.038639332328914096, 0.03775150297395759, 0.037986066799896336, 0.038400537646772905, 0.037395962479497655, 0.03789472183948364, 0.037068379171170646, 0.03746806580841019, 0.03853107315171653, 0.039240731970031015, 0.03778405467741748, 0.03782547342877322, 0.03754622403668702]], [[0.04032990337686789, 0.06288753441655694, 0.05232935404743587, 0.043342108389473055, 0.05960408746338289, 0.04828982455895106, 0.04835450049178292, 0.04945682829239186, 0.040528914826871765, 0.043884813970181145, 0.04476356759793655, 0.047950013927746005, 0.06831797914500562, 0.039779041532939347, 0.043788903503570974, 0.041818619732440075, 0.04358872604615536, 0.04383690293174782, 0.049221237944732724, 0.04271899965680745], [0.03892059930313342, 0.03787361279969402, 0.03831305602823794, 0.0385304086709083, 0.03802527870180239, 0.0380138181840638, 0.03746761479142899, 0.03931528391811986, 0.04330631765986691, 0.03780224774128836, 0.042019188641670605, 0.043094652813810815, 0.042365476661094977, 0.03988168495386446, 0.043322439915545574, 0.04020661909178817, 0.03833377556053044, 0.04532945834970263, 0.038487669014405416, 0.04112997261647029], [0.047265311637782595, 0.04050293627121297, 0.0388264632560907, 0.03744177880730644, 0.04012075905135484, 0.038782427976109354, 0.036762562811104404, 0.0413986623583358, 0.03956342781410817, 0.03799566572984722, 0.04174402789161673, 0.04095360243661705, 0.03855456375931263, 0.03834050453014632, 0.04123788928541936, 0.04178231724643044, 0.03940414869432926, 0.03761217262251785, 0.03743574243031292, 0.03888245742952572], [0.03726209502362198, 0.03984359002620341, 0.0389942776560985, 0.03870889811857251, 0.03853641840066009, 0.038321354784725474, 0.038441979468679596, 0.038285757556555736, 0.03903134896410079, 0.03725271095642299, 0.03843909544753405, 0.03746477930578448, 0.037389867905075466, 0.03734770592719403, 0.037405810647364784, 0.040192113410076745, 0.038318908122579765, 0.037132349543512196, 0.03732804412461747, 0.03719323009215514], [0.03693188031089023, 0.03686715739860333, 0.03699274170357528, 0.03704426140610298, 0.03786606901585039, 0.03746067787478655, 0.03735945767901376, 0.03706161950392765, 0.03734361294914991, 0.03763519226823846, 0.037315858844886675, 0.040319830044052055, 0.037260783576683845, 0.03738833096956909, 0.0367679465457319, 0.03783809603972453, 0.03818768089820114, 0.03717403903529093, 0.03846694899418669, 0.037708627050593205]]]], "bagging_alg3_obj_avg": [[[0.044211013222989946, 0.04177873418254989, 0.040544488822533684, 0.03887618537709555, 0.0377622342201358], [0.04773959309264887, 0.040086958770871366, 0.03973037110197404, 0.03814451677407676, 0.03754954060545292]]],