{
  "seed": 2024,
  "mu": [
    1.773655979121857,
    1.2438812667562609,
    1.76545091215961,
    1.7246997571761469,
    1.707068206736565,
    1.343864319413
  ],
  "b": 1.4620903546214803,
  "sample_args": {
    "type": "pareto",
    "params": [
      2.2925641719140546,
      5.100355936724805,
      2.306419502693704,
      2.3798817925599747,
      2.4142907154819557,
      3.908123767266894
    ]
  },
  "k_list": [
    [
      10,
      0.005
    ],
    [
      20,
      0.01
    ]
  ],
  "B12_list": [
    [
      400,
      200
    ]
  ],
  "epsilon": "dynamic",
  "tolerance": 0.001,
  "number_of_iterations": 20,
  "sample_number": [
    64,
    256,
    1024,
    4096,
    16384
  ]
}