{"SAA_obj_list": [[0.18461970150263976, 0.19538784751391655, 0.26502790243828717, 0.16708725259858997, 0.2793508130761842, 0.20486654149189745, 0.20346190741866668, 0.18564402167086003, 0.25464597355177504, 0.22096904783765392, 0.2515637042107626, 0.21564173416290666, 0.21484790061918368, 0.16677769011864785, 0.18318140870799116, 0.21804639707762571, 0.2320451017617635, 0.18853444449021867, 0.3836956051839064, 0.2529913332891696], [0.2025683590225837, 0.18323330050707676, 0.20248668089424054, 0.27358027902266374, 0.1729869788534668, 0.17542444426596873, 0.1827430960304274, 0.23392761631426628, 0.22534328703420808, 0.17422860474756974, 0.2975025521081919, 0.18045182588877284, 0.18523832462817993, 0.20145078527155702, 0.21768671571996306, 0.27423583633702026, 0.21586458235291514, 0.1893898198742418, 0.2570573159226955, 0.19744849716773624], [0.18794921652534854, 0.18681245362449722, 0.1797826606886422, 0.21599312171479554, 0.16802325601112433, 0.2285271335855342, 0.17306822218754464, 0.1787315944169385, 0.19817799206588743, 0.19710937380481738, 0.18919804260662915, 0.1686637033677476, 0.185485223762313, 0.17749145255448545, 0.17125340293910452, 0.19131905874934113, 0.23352616207772844, 0.1765915919872615, 0.17490239475467742, 0.21657490540192167], [0.18323593057976273, 0.17527826305141447, 0.18248495780364915, 0.17283256144284248, 0.17856116659113078, 0.21188071159019323, 0.17084873880684548, 0.1702175831558806, 0.1730036391638627, 0.17254619792834397, 0.1708793718747083, 0.1829199601812586, 0.16828384975659644, 0.1733772755145296, 0.17873331727017716, 0.17613513912473178, 0.19362992859797556, 0.2047279417495961, 0.1855585511421923, 0.16735017429991633], [0.16756732621501325, 0.16971421857161506, 0.1673393520285036, 0.17371148827393446, 0.17538421447604224, 0.17434112793820472, 0.17234759681435594, 0.17825188321745594, 0.16950312951600832, 0.181360501745547, 0.1644705615403355, 0.16691273753124525, 0.1781049716511033, 0.1731973781668665, 0.17265036412483176, 0.16820840917085247, 0.1763836937355796, 0.16923361469441422, 0.17062645311421668, 0.16976459697633056]], "SAA_obj_avg": [0.2234193164361323, 0.21214244509818725, 0.18995904814131698, 0.17962426298128037, 0.1719536809751228], "bagging_alg3_obj_list": [[[[0.18430063302890493, 0.20907059936764488, 0.3078761493565548, 0.22119018629080475, 0.2924640090513207, 0.24695374618950955, 0.22280055865886195, 0.21453019295737707, 0.22532314170982826, 0.23273797100174348, 0.2162923231333951, 0.21285598580591944, 0.2172612701770911, 0.215494054287366, 0.18670564282830857, 0.27893641359239074, 0.18804362453431608, 0.23267231045992673, 0.3218610432219052, 0.2042674417917722], [0.1972602988149291, 0.18657078214681364, 0.20816706462755719, 0.1960137980284699, 0.20106196446829014, 0.18598018949278566, 0.1873948250242401, 0.18686626303517762, 0.1939624584985321, 0.1862135874449377, 0.33278093652758745, 0.19350243682113627, 0.23541939311017146, 0.18794872698416704, 0.2314996785115226, 0.24356634080402692, 0.1684727533796615, 0.3209137360072079, 0.24189038759484266, 0.2133152500633549], [0.2270801770014699, 0.18337178556385686, 0.19140344629488276, 0.19788818705391592, 0.22043055857526306, 0.2049030550301064, 0.1989224411464929, 0.20301808048522013, 0.19822272597236712, 0.17620669600988792, 0.205737748226051, 0.2125007521011618, 0.19500039649569623, 0.2564028081328828, 0.20554489642923066, 0.17057890657124886, 0.18744015121688692, 0.2234099636638272, 0.22079927641291727, 0.21973774883639055], [0.2010004853583532, 0.17704800639109752, 0.18079261934588947, 0.17198532530342542, 0.17126866345555253, 0.18755106283044934, 0.18246335485928375, 0.18906935219157237, 0.20119164476029286, 0.20238867123391385, 0.20001455869516033, 0.18095736527134448, 0.17037318782768776, 0.1895684879423048, 0.17955023024106684, 0.18674237083730058, 0.19045931169754235, 0.18973189373194074, 0.17143703632559482, 0.18939361531575624], [0.17375504179820375, 0.17277015901310572, 0.1717187372564004, 0.17181857988298635, 0.18969104782741242, 0.18171411766305015, 0.16725438335669673, 0.17708464758690975, 0.17521714598605947, 0.1817659243585314, 0.16695317096509554, 0.17333893057162608, 0.17090579711425816, 0.1705261101201196, 0.1769081586167112, 0.1875411525297998, 0.16892720845941586, 0.18024172802107594, 0.17432057416789531, 0.1714556738832465]], [[0.1868491638409642, 0.20407685764153244, 0.29426382725384975, 0.20009297307590615, 0.29452599899779913, 0.19942066985278903, 0.19848395058865137, 0.20056121137077992, 0.20113127382621288, 0.17588774290507625, 0.26210060633572274, 0.21004238321548213, 0.22572350688595255, 0.22059909327695487, 0.171886571992875, 0.2479188212001022, 0.20087446281314444, 0.19529256869158426, 0.37609737925062536, 0.2466654503072289], [0.19427372058181502, 0.17312013188848127, 0.245011908803914, 0.19008227614324774, 0.2135970054083446, 0.19181430652173076, 0.24396170654488739, 0.18968523519327818, 0.17645714368354715, 0.18041740625666502, 0.24664280171159084, 0.18254590211539187, 0.22309640694140756, 0.18195918263839506, 0.21691706633126548, 0.43773279452561725, 0.1874368521086992, 0.30288138292985645, 0.2253900423980291, 0.20500234056867178], [0.21640637785226913, 0.1820331643352554, 0.19207688845767676, 0.19920489477137454, 0.22045413189632562, 0.19193253974541194, 0.1706706871594603, 0.19760751799571227, 0.25330352134771883, 0.19292055043903744, 0.1693147421017399, 0.17388707780424228, 0.2357770935477342, 0.1808158957738046, 0.19254250756966887, 0.1758809943850958, 0.17739059507149832, 0.22407220016467938, 0.17541633695956138, 0.1723297975717819], [0.17924893424604224, 0.19062166619316998, 0.206400321232603, 0.1766351926943845, 0.16721269357712193, 0.18665783820939327, 0.17639344867202195, 0.18792626381741526, 0.1801819026495521, 0.18732094079314487, 0.19984356436499584, 0.17242703961040584, 0.17429463551795862, 0.17980057658926862, 0.17824021319953498, 0.1753336649174579, 0.17354268197141318, 0.1751377064667623, 0.172742719635901, 0.168023007134395], [0.1661768311508037, 0.1709531830449295, 0.16982798358543436, 0.16815854403326114, 0.17006981688595665, 0.17280489842002367, 0.17858520021673863, 0.17904850550152923, 0.16897325337152747, 0.17401849130400956, 0.1743445808211606, 0.1737407954193076, 0.16902481362715607, 0.16898588056187075, 0.1702686433988702, 0.1766411030756614, 0.18052221778801772, 0.1723836737878456, 0.1688175411363609, 0.16888422189141036]]]], "bagging_alg3_obj_avg": [[[0.2315818648722471, 0.21494004356927063, 0.20492999006098783, 0.1856493621807764, 0.17519541445893], [0.2256247256661617, 0.2204012806647418, 0.19470187574750245, 0.18039925057464712, 0.17211150895109376]]],