{
  "m": 6,
  "mu": [
    4.410154888722676,
    4.007923247959523,
    4.319948025912364,
    3.672629044144468,
    3.936272306759235,
    2.8778222129926343
  ],
  "p": [
    1.5836956127993977,
    0.999158906215422,
    0.7762670311794226,
    1.4635054646808545,
    0.13176435757220295,
    1.0134238707892786
  ],
  "b": 2.3790685841455543,
  "alpha": 0.95,
  "sample_args": {
    "type": "sym_pareto",
    "params": [
      4.410154888722676,
      4.007923247959523,
      4.319948025912364,
      3.672629044144468,
      3.936272306759235,
      2.8778222129926343
    ]
  },
  "B_list": [
    1
  ],
  "k_list": [
    0.1
  ],
  "B12_list": [
    [
      20,
      100
    ]
  ],
  "epsilon": 0.01,
  "tolerance": 0.005,
  "number_of_iterations": 3,
  "sample_number": [
    128,
    256,
    512,
    1024,
    2048
  ],
  "large_number_sample": 1000000
}