{
  "m": 6,
  "mu": [
    2.6238324479931667,
    3.422098997456435,
    2.6693375114982545,
    3.4023666840178737,
    2.3608684466053718,
    2.39862144734636
  ],
  "p": [
    1.5033521325475632,
    0.7643344222564366,
    0.32653821046014286,
    1.3289555479086055,
    1.5881385231356755,
    1.8076069647317583
  ],
  "b": 2.8242336667567702,
  "alpha": 0.95,
  "sample_args": {
    "type": "sym_pareto",
    "params": [
      2.6238324479931667,
      3.422098997456435,
      2.6693375114982545,
      3.4023666840178737,
      2.3608684466053718,
      2.39862144734636
    ]
  },
  "B_list": [
    1
  ],
  "k_list": [
    0.1
  ],
  "B12_list": [
    [
      20,
      100
    ]
  ],
  "epsilon": 0.01,
  "tolerance": 0.005,
  "number_of_iterations": 3,
  "sample_number": [
    128,
    256,
    512,
    1024,
    2048
  ],
  "large_number_sample": 1000000
}