{
  "m": 6,
  "mu": [
    2.8167958117262084,
    1.6267330866330978,
    3.1453597911816162,
    4.273177080868649,
    1.1815306953310585,
    2.4221549666587485
  ],
  "p": [
    1.5289198527354957,
    1.4820394857311334,
    0.5822294654829774,
    1.769240054211625,
    1.493790014990082,
    1.5564248050955032
  ],
  "b": 1.181819700702819,
  "alpha": 0.95,
  "sample_args": {
    "type": "sym_pareto",
    "params": [
      2.8167958117262084,
      1.6267330866330978,
      3.1453597911816162,
      4.273177080868649,
      1.1815306953310585,
      2.4221549666587485
    ]
  },
  "B_list": [
    1
  ],
  "k_list": [
    0.1
  ],
  "B12_list": [
    [
      20,
      100
    ]
  ],
  "epsilon": 0.01,
  "tolerance": 0.005,
  "number_of_iterations": 3,
  "sample_number": [
    128,
    256,
    512,
    1024,
    2048
  ],
  "large_number_sample": 1000000
}