{
  "m": 6,
  "mu": [
    4.8087408534459595,
    1.8473827168110892,
    3.8020152472962416,
    2.462604115465482,
    3.0307393873019874,
    4.531340224925536
  ],
  "p": [
    0.8014640588279685,
    1.785637729490041,
    1.0782061818010578,
    1.728719928431509,
    0.14894002678996054,
    0.8853057086706166
  ],
  "b": 2.9714794822781556,
  "alpha": 0.95,
  "sample_args": {
    "type": "sym_pareto",
    "params": [
      4.8087408534459595,
      1.8473827168110892,
      3.8020152472962416,
      2.462604115465482,
      3.0307393873019874,
      4.531340224925536
    ]
  },
  "B_list": [
    1
  ],
  "k_list": [
    0.1
  ],
  "B12_list": [
    [
      20,
      100
    ]
  ],
  "epsilon": 0.01,
  "tolerance": 0.005,
  "number_of_iterations": 3,
  "sample_number": [
    128,
    256,
    512,
    1024,
    2048
  ],
  "large_number_sample": 1000000
}