{
  "m": 6,
  "mu": [
    3.0907842581586706,
    1.2615297044797154,
    4.420984087818084,
    3.5073249161375366,
    4.094095824192848,
    4.114694016820456
  ],
  "p": [
    0.31254116075653293,
    0.8420854690947952,
    1.0369112907164761,
    1.3703237483952144,
    0.5144453915450133,
    0.32751645713274624
  ],
  "b": 1.0201458501946488,
  "alpha": 0.95,
  "sample_args": {
    "type": "sym_pareto",
    "params": [
      3.0907842581586706,
      1.2615297044797154,
      4.420984087818084,
      3.5073249161375366,
      4.094095824192848,
      4.114694016820456
    ]
  },
  "B_list": [
    1
  ],
  "k_list": [
    0.1
  ],
  "B12_list": [
    [
      20,
      100
    ]
  ],
  "epsilon": 0.01,
  "tolerance": 0.005,
  "number_of_iterations": 3,
  "sample_number": [
    128,
    256,
    512,
    1024,
    2048
  ],
  "large_number_sample": 1000000
}