{
  "m": 6,
  "mu": [
    1.920395653815163,
    4.581069163451151,
    1.4259250008510858,
    4.72465077171119,
    4.896845339642166,
    2.224087414057317
  ],
  "p": [
    0.9737804789162847,
    0.5898472172522198,
    0.9822297449238822,
    0.5048257096862663,
    1.049674296652781,
    1.1319877270871441
  ],
  "b": 2.7705854032404558,
  "alpha": 0.95,
  "sample_args": {
    "type": "sym_pareto",
    "params": [
      1.920395653815163,
      4.581069163451151,
      1.4259250008510858,
      4.72465077171119,
      4.896845339642166,
      2.224087414057317
    ]
  },
  "B_list": [
    1
  ],
  "k_list": [
    0.1
  ],
  "B12_list": [
    [
      20,
      100
    ]
  ],
  "epsilon": 0.01,
  "tolerance": 0.005,
  "number_of_iterations": 3,
  "sample_number": [
    128,
    256,
    512,
    1024,
    2048
  ],
  "large_number_sample": 1000000
}