{
  "m": 6,
  "mu": [
    4.457771659745287,
    2.1702765631221865,
    2.156839403098362,
    4.369022293841425,
    3.3834687023374843,
    3.8578991348043177
  ],
  "p": [
    0.7872557145025927,
    1.6747216018174702,
    0.8908134421561291,
    1.3391877253296383,
    0.5852306164643846,
    1.7855713715046266
  ],
  "b": 2.207879488941665,
  "alpha": 0.95,
  "sample_args": {
    "type": "sym_pareto",
    "params": [
      4.457771659745287,
      2.1702765631221865,
      2.156839403098362,
      4.369022293841425,
      3.3834687023374843,
      3.8578991348043177
    ]
  },
  "B_list": [
    1
  ],
  "k_list": [
    0.1
  ],
  "B12_list": [
    [
      20,
      100
    ]
  ],
  "epsilon": 0.01,
  "tolerance": 0.005,
  "number_of_iterations": 3,
  "sample_number": [
    128,
    256,
    512,
    1024,
    2048
  ],
  "large_number_sample": 1000000
}