{
  "m": 6,
  "mu": [
    4.444412807110608,
    4.739205903245509,
    1.8480516984562545,
    4.251911018722183,
    1.5184595505400758,
    3.936768457101306
  ],
  "p": [
    0.7758118034068568,
    0.9901516197160851,
    1.376766161642666,
    1.3417980284478506,
    1.8983313974386697,
    1.99325834682603
  ],
  "b": 2.2875468687697103,
  "alpha": 0.95,
  "sample_args": {
    "type": "sym_pareto",
    "params": [
      4.444412807110608,
      4.739205903245509,
      1.8480516984562545,
      4.251911018722183,
      1.5184595505400758,
      3.936768457101306
    ]
  },
  "B_list": [
    1
  ],
  "k_list": [
    0.1
  ],
  "B12_list": [
    [
      20,
      100
    ]
  ],
  "epsilon": 0.01,
  "tolerance": 0.005,
  "number_of_iterations": 3,
  "sample_number": [
    128,
    256,
    512,
    1024,
    2048
  ],
  "large_number_sample": 1000000
}