{
  "m": 6,
  "mu": [
    3.7861636391560176,
    2.95635610066514,
    1.886525455645434,
    3.927289586167975,
    3.874353799534035,
    4.487314077715711
  ],
  "p": [
    1.3191812163993029,
    1.7828392181888801,
    1.2109795977381037,
    1.490779306363767,
    0.7157405006271862,
    0.21554625961559948
  ],
  "b": 1.9718785408276698,
  "alpha": 0.95,
  "sample_args": {
    "type": "sym_pareto",
    "params": [
      3.7861636391560176,
      2.95635610066514,
      1.886525455645434,
      3.927289586167975,
      3.874353799534035,
      4.487314077715711
    ]
  },
  "B_list": [
    1
  ],
  "k_list": [
    0.1
  ],
  "B12_list": [
    [
      20,
      100
    ]
  ],
  "epsilon": 0.01,
  "tolerance": 0.005,
  "number_of_iterations": 3,
  "sample_number": [
    128,
    256,
    512,
    1024,
    2048
  ],
  "large_number_sample": 1000000
}