{
  "m": 6,
  "mu": [
    3.0824755208616836,
    3.844067173355773,
    2.3204807572721564,
    4.505325840892549,
    2.58021307012698,
    1.8773005843648454
  ],
  "p": [
    1.2888437535321782,
    0.1346659206238494,
    0.7536374910335044,
    0.6307310434798019,
    0.13158802908719247,
    1.6133343919217273
  ],
  "b": 2.9346347262887242,
  "alpha": 0.95,
  "sample_args": {
    "type": "sym_pareto",
    "params": [
      3.0824755208616836,
      3.844067173355773,
      2.3204807572721564,
      4.505325840892549,
      2.58021307012698,
      1.8773005843648454
    ]
  },
  "B_list": [
    1
  ],
  "k_list": [
    0.1
  ],
  "B12_list": [
    [
      20,
      100
    ]
  ],
  "epsilon": 0.01,
  "tolerance": 0.005,
  "number_of_iterations": 3,
  "sample_number": [
    128,
    256,
    512,
    1024,
    2048
  ],
  "large_number_sample": 1000000
}