{
  "m": 6,
  "mu": [
    2.6892916320940343,
    3.1149357414473946,
    3.2810009211863185,
    4.138289388978281,
    2.0714346401291084,
    1.1082045245761787
  ],
  "p": [
    0.16231885519216993,
    0.8869483465945038,
    1.2093984109090379,
    0.13190227954810596,
    1.1358253908625415,
    0.4860189364694545
  ],
  "b": 2.9596948870196704,
  "alpha": 0.95,
  "sample_args": {
    "type": "sym_pareto",
    "params": [
      2.6892916320940343,
      3.1149357414473946,
      3.2810009211863185,
      4.138289388978281,
      2.0714346401291084,
      1.1082045245761787
    ]
  },
  "B_list": [
    1
  ],
  "k_list": [
    0.1
  ],
  "B12_list": [
    [
      20,
      100
    ]
  ],
  "epsilon": 0.01,
  "tolerance": 0.005,
  "number_of_iterations": 3,
  "sample_number": [
    128,
    256,
    512,
    1024,
    2048
  ],
  "large_number_sample": 1000000
}