{
  "m": 6,
  "mu": [
    3.3753006335501654,
    2.529329136916931,
    3.053884871248054,
    4.032225458000871,
    1.523213335767887,
    3.1089594517069843
  ],
  "p": [
    0.3144983378674786,
    0.44348360096867556,
    1.525211104586574,
    0.7524922884267047,
    1.0749892637314384,
    1.444572089257313
  ],
  "b": 2.4600478661016147,
  "alpha": 0.95,
  "sample_args": {
    "type": "sym_pareto",
    "params": [
      3.3753006335501654,
      2.529329136916931,
      3.053884871248054,
      4.032225458000871,
      1.523213335767887,
      3.1089594517069843
    ]
  },
  "B_list": [
    1
  ],
  "k_list": [
    0.1
  ],
  "B12_list": [
    [
      20,
      100
    ]
  ],
  "epsilon": 0.01,
  "tolerance": 0.005,
  "number_of_iterations": 3,
  "sample_number": [
    128,
    256,
    512,
    1024,
    2048
  ],
  "large_number_sample": 1000000
}