{
  "m": 6,
  "mu": [
    4.536962593508921,
    4.766319608581721,
    4.19522331139704,
    1.0323281512535663,
    1.3070189031012185,
    3.7032223660073513
  ],
  "p": [
    0.516329321694686,
    0.4718435670595704,
    0.60383763839126,
    1.0848634949682,
    0.23988239892493946,
    0.7513484246533428
  ],
  "b": 1.1416202035330154,
  "alpha": 0.95,
  "sample_args": {
    "type": "sym_pareto",
    "params": [
      4.536962593508921,
      4.766319608581721,
      4.19522331139704,
      1.0323281512535663,
      1.3070189031012185,
      3.7032223660073513
    ]
  },
  "B_list": [
    1
  ],
  "k_list": [
    0.1
  ],
  "B12_list": [
    [
      20,
      100
    ]
  ],
  "epsilon": 0.01,
  "tolerance": 0.005,
  "number_of_iterations": 3,
  "sample_number": [
    128,
    256,
    512,
    1024,
    2048
  ],
  "large_number_sample": 1000000
}