{
  "m": 6,
  "mu": [
    4.427214001663112,
    2.2444313895434127,
    3.295879016752802,
    2.324773020139842,
    2.41364867026627,
    3.1157331535368233
  ],
  "p": [
    0.13771753159888833,
    1.8345420923650477,
    0.1718677444709127,
    1.128175938730182,
    1.0612742642800843,
    0.31549275985232983
  ],
  "b": 1.4347461101403558,
  "alpha": 0.95,
  "sample_args": {
    "type": "sym_pareto",
    "params": [
      4.427214001663112,
      2.2444313895434127,
      3.295879016752802,
      2.324773020139842,
      2.41364867026627,
      3.1157331535368233
    ]
  },
  "B_list": [
    1
  ],
  "k_list": [
    0.1
  ],
  "B12_list": [
    [
      20,
      100
    ]
  ],
  "epsilon": 0.01,
  "tolerance": 0.005,
  "number_of_iterations": 3,
  "sample_number": [
    128,
    256,
    512,
    1024,
    2048
  ],
  "large_number_sample": 1000000
}