{
  "seed": 2024,
  "r": [
    4.137871626846824,
    3.574756489898388,
    4.243141288266895
  ],
  "c": 3.2020631856080115,
  "q": 0.6576100421995871,
  "sample_args": {
    "type": "pareto",
    "params": [
      2.1003910462464446,
      2.016425089010206,
      2.2297527128906287
    ]
  },
  "B_list": [
    100,
    200,
    400
  ],
  "k_list": [
    0.1,
    2,
    10,
    50
  ],
  "number_of_iterations": 50,
  "sample_number": [
    64,
    128,
    256,
    512,
    1024,
    2048,
    4096,
    8192,
    16384
  ],
  "large_number_sample": 1000000
}