{
  "s": 3,
  "p": 2,
  "c": 3,
  "g": 5,
  "C": [
    0.5396102421900247,
    0.6211637861886489
  ],
  "Q_sp": [
    [
      [
        0.45357817689016977,
        0.5238171850715647,
        0.2645512097349966,
        0.35106174348698793,
        0.6002907437114683
      ],
      [
        0.012769545472731347,
        0.03795186846151144,
        0.891802102017758,
        0.10321037482906703,
        0.8358873161712157
      ]
    ],
    [
      [
        0.16074896017060547,
        0.0878778359855088,
        0.9952625039465773,
        0.8128992446396938,
        0.38902248019584296
      ],
      [
        0.9181866807287491,
        0.44841766822188434,
        0.8329191647057669,
        0.9978536077664706,
        0.09332348986144723
      ]
    ],
    [
      [
        0.9153863473104675,
        0.137698485997078,
        0.5502262049006045,
        0.06819969511769752,
        0.29014062842569766
      ],
      [
        0.7872593662926278,
        0.25430536340489096,
        0.3424754628611044,
        0.8325386331089568,
        0.9340676060908032
      ]
    ]
  ],
  "Q_pc": [
    [
      [
        0.9112381648006531,
        0.823669981818551,
        0.37474042345483427,
        0.969835654066123,
        0.25449014210690313
      ],
      [
        0.6050939893696273,
        0.7335925961945347,
        0.21992241647661404,
        0.43763642830828453,
        0.11968978171877254
      ],
      [
        0.6780585613487135,
        0.38127667117041275,
        0.4850073751337224,
        0.46109038953411374,
        0.5650534904071193
      ]
    ],
    [
      [
        0.9155768623260148,
        0.4268596083602261,
        0.12487506381830127,
        0.049398641057763704,
        0.42078475597458276
      ],
      [
        0.2500420558607299,
        0.018992088054710865,
        0.39263289230757314,
        0.07768392395881485,
        0.9071377646254339
      ],
      [
        0.663063128104473,
        0.8058375866700604,
        0.6679069710507246,
        0.22901131203576264,
        0.5254334216646059
      ]
    ]
  ],
  "R": [
    [
      0.3824840423796828,
      0.33439923785710035,
      0.7008723613305552,
      0.3073276065875239,
      0.25014982573124855
    ],
    [
      0.6812076764755453,
      0.24957263602640956,
      0.8616426235164719,
      0.8953064396673891,
      0.7254415058234829
    ]
  ],
  "M": [
    0.236006899408286,
    0.7932523107030282
  ],
  "H": [
    [
      0.3971173118790142,
      0.9537562941203627,
      0.876139126718051,
      0.9263533066991078,
      0.2799675955366695
    ],
    [
      0.9454317786655781,
      0.8109931843469972,
      0.29075009662975015,
      0.5129609470644949,
      0.7912070847630595
    ],
    [
      0.36202736905969246,
      0.031819382114648076,
      0.6105166013291909,
      0.4894195684512477,
      0.1389890748656466
    ]
  ],
  "sample_args": {
    "type": "pareto",
    "size": [
      3,
      3,
      5
    ],
    "params": [
      1.7105836241426593,
      1.9240880679965247
    ]
  }
}