{
  "s": 3,
  "p": 2,
  "c": 3,
  "g": 5,
  "C": [
    0.7294563717369419,
    0.9913706977617225
  ],
  "Q_sp": [
    [
      [
        0.33959485,
        0.93963167,
        0.11099611,
        0.29228903,
        0.32671781
      ],
      [
        0.11183712,
        0.68568047,
        0.89458674,
        0.6290198,
        0.45712153
      ]
    ],
    [
      [
        0.30562386,
        0.25141794,
        0.52145227,
        0.93541722,
        0.09209385
      ],
      [
        0.32229624,
        0.78332703,
        0.97653641,
        0.18445241,
        0.03020424
      ]
    ],
    [
      [
        0.3414426,
        0.45228102,
        0.22978903,
        0.05338668,
        0.24009525
      ],
      [
        0.92622445,
        0.08852084,
        0.84160819,
        0.02508719,
        0.46203217
      ]
    ]
  ],
  "Q_pc": [
    [
      [
        0.08967017,
        0.08001494,
        0.29854161,
        0.6979279,
        0.12176636
      ],
      [
        0.96381038,
        0.1531089,
        0.38302768,
        0.61996695,
        0.90823239
      ],
      [
        0.70189534,
        0.39932218,
        0.55522219,
        0.00271483,
        0.89190262
      ]
    ],
    [
      [
        0.00499716,
        0.94445126,
        0.88466098,
        0.5649098,
        0.54066034
      ],
      [
        0.35775422,
        0.14473548,
        0.17228491,
        0.64621086,
        0.6801251
      ],
      [
        0.22298374,
        0.17262673,
        0.42564852,
        0.25968014,
        0.01474239
      ]
    ]
  ],
  "R": [
    [
      0.2480200912071251,
      0.544702938956268,
      0.1066187777530393,
      0.09038513808769211,
      0.4997450572147545
    ],
    [
      0.47643108304937176,
      0.7253602251163427,
      0.8366998370958245,
      0.21045153487504986,
      0.14966378544738657
    ]
  ],
  "M": [
    0.592442770637846,
    0.9148308112154545
  ],
  "H": [
    [
      0.305795589698148,
      0.41967738214383876,
      0.6425237253582562,
      0.6563162583256469,
      0.33486067332277825
    ],
    [
      0.9135669825470449,
      0.6733355544156996,
      0.21984365373816028,
      0.7961440684117491,
      0.7038799634643498
    ],
    [
      0.9544172923618985,
      0.48684143800216373,
      0.7543298291827731,
      0.9933370266084597,
      0.31890918388557576
    ]
  ],
  "sample_args": {
    "type": "pareto",
    "size": [
      3,
      3,
      5
    ],
    "params": [
      1.9787640029549851,
      2.0577529451113166
    ]
  }
}