{"SAA_obj_list": [[12.801628327965075, 13.048945750804977, 13.264201033318006, 12.50289310019385, 11.847116211717083, 12.71769103986377, 13.072174793206921, 13.072174793206921, 11.896539235780404, 13.039191914959716, 13.264201033318006, 13.264201033318006, 12.824857370367019, 12.71769103986377, 11.791511397083603, 13.048945750804977, 13.264201033318006, 13.048945750804977, 12.801628327965075, 12.824857370367019], [13.264201033318006, 12.71769103986377, 12.683119401194679, 13.039191914959716, 13.264201033318006, 12.775785488327626, 13.072174793206921, 13.264201033318006, 11.399528088827264, 13.264201033318006, 11.951016485825368, 12.775785488327626, 13.264201033318006, 12.138188972901643, 12.824857370367019, 11.545462102269191, 12.683119401194679, 13.264201033318006, 13.264201033318006, 12.775785488327626], [12.494261486666682, 12.775785488327626, 13.048945750804977, 13.072174793206921, 13.264201033318006, 13.072174793206921, 13.264201033318006, 12.775785488327626, 13.072174793206921, 12.824857370367019, 13.039191914959716, 11.847116211717083, 13.264201033318006, 13.264201033318006, 12.683119401194679, 12.50289310019385, 13.072174793206921, 13.048945750804977, 12.824857370367019, 12.775785488327626], [13.039191914959716, 13.048945750804977, 13.048945750804977, 12.824857370367019, 13.072174793206921, 13.072174793206921, 12.71769103986377, 13.048945750804977, 13.048945750804977, 13.264201033318006, 13.072174793206921, 12.775785488327626, 13.264201033318006, 13.048945750804977, 13.264201033318006, 13.072174793206921, 12.801628327965075, 13.072174793206921, 13.039191914959716, 12.34257255367803], [13.072174793206921, 12.801628327965075, 13.264201033318006, 11.969267124683444, 13.264201033318006, 13.264201033318006, 13.264201033318006, 11.68186525590668, 12.801628327965075, 13.264201033318006, 12.683119401194679, 13.039191914959716, 13.264201033318006, 13.048945750804977, 13.264201033318006, 13.264201033318006, 13.039191914959716, 12.775785488327626, 13.039191914959716, 13.264201033318006], [12.34257255367803, 13.264201033318006, 13.264201033318006, 13.264201033318006, 13.264201033318006, 13.072174793206921, 13.264201033318006, 13.264201033318006, 13.264201033318006, 13.264201033318006, 12.683119401194679, 12.775785488327626, 13.264201033318006, 13.264201033318006, 13.264201033318006, 13.039191914959716, 12.824857370367019, 13.264201033318006, 13.048945750804977, 12.71769103986377]], "SAA_obj_avg": [12.805679815411358, 12.76155566344096, 12.899352406407932, 12.996956221506725, 12.966489975739782, 13.083737535610942], "bagging_alg1_obj_list": [[[[13.048945750804977, 13.072174793206921, 12.50289310019385, 13.072174793206921, 11.39340321493548, 12.71769103986377, 13.072174793206921, 13.072174793206921, 11.532484564856713, 13.264201033318006, 12.527244364913887, 11.951016485825368, 12.824857370367019, 12.801628327965075, 12.824857370367019, 12.469452879103537, 13.264201033318006, 13.264201033318006, 13.039191914959716, 13.048945750804977], [12.34257255367803, 13.072174793206921, 12.494261486666682, 12.683119401194679, 12.138188972901643, 12.775785488327626, 12.824857370367019, 12.469452879103537, 12.775785488327626, 13.039191914959716, 12.683119401194679, 13.264201033318006, 13.048945750804977, 12.527244364913887, 12.50289310019385, 12.527244364913887, 13.072174793206921, 11.399528088827264, 11.896539235780404, 12.368865776978597], [12.801628327965075, 13.048945750804977, 13.039191914959716, 13.264201033318006, 13.264201033318006, 13.264201033318006, 13.264201033318006, 12.71769103986377, 13.039191914959716, 12.527244364913887, 12.824857370367019, 13.048945750804977, 12.801628327965075, 13.264201033318006, 13.264201033318006, 13.048945750804977, 13.264201033318006, 12.801628327965075, 12.824857370367019, 12.527244364913887], [13.039191914959716, 13.039191914959716, 13.048945750804977, 12.801628327965075, 13.048945750804977, 13.072174793206921, 13.039191914959716, 13.048945750804977, 12.801628327965075, 13.264201033318006, 12.824857370367019, 13.264201033318006, 12.527244364913887, 12.801628327965075, 12.683119401194679, 13.048945750804977, 13.264201033318006, 13.048945750804977, 13.048945750804977, 13.264201033318006], [13.072174793206921, 13.264201033318006, 13.264201033318006, 13.039191914959716, 13.048945750804977, 12.527244364913887, 13.264201033318006, 13.039191914959716, 12.824857370367019, 12.824857370367019, 13.072174793206921, 13.048945750804977, 13.072174793206921, 13.264201033318006, 13.264201033318006, 13.048945750804977, 12.71769103986377, 13.048945750804977, 13.264201033318006, 13.039191914959716], [13.048945750804977, 13.264201033318006, 13.072174793206921, 13.264201033318006, 13.264201033318006, 13.048945750804977, 13.264201033318006, 13.264201033318006, 13.264201033318006, 13.264201033318006, 12.469452879103537, 13.264201033318006, 13.264201033318006, 13.039191914959716, 13.264201033318006, 13.264201033318006, 13.048945750804977, 13.264201033318006, 13.264201033318006, 13.264201033318006]]]], "bagging_alg1_obj_avg": [[[12.738195720387157, 12.595307312943298, 12.99507039049406, 12.999016764827939, 13.050486973656978, 13.17132356530686]]], "bagging_alg3_obj_list": [[[[12.801628327965075, 12.527244364913887, 13.264201033318006, 13.264201033318006, 13.264201033318006, 13.264201033318006, 13.039191914959716, 12.527244364913887, 11.791511397083603, 13.264201033318006, 13.072174793206921, 12.527244364913887, 12.824857370367019, 13.264201033318006, 12.527244364913887, 12.494261486666682, 12.368865776978597, 13.264201033318006, 12.801628327965075, 12.824857370367019], [12.775785488327626, 13.048945750804977, 13.264201033318006, 13.039191914959716, 13.264201033318006, 12.527244364913887, 13.264201033318006, 12.368865776978597, 13.039191914959716, 13.264201033318006, 12.71769103986377, 13.048945750804977, 13.048945750804977, 13.039191914959716, 12.801628327965075, 13.264201033318006, 13.048945750804977, 12.50289310019385, 13.072174793206921, 13.048945750804977], [13.264201033318006, 13.048945750804977, 13.072174793206921, 13.039191914959716, 12.34257255367803, 13.072174793206921, 13.264201033318006, 12.527244364913887, 12.527244364913887, 12.527244364913887, 13.264201033318006, 13.048945750804977, 13.072174793206921, 13.264201033318006, 13.039191914959716, 13.072174793206921, 12.527244364913887, 13.264201033318006, 12.824857370367019, 13.048945750804977], [13.072174793206921, 13.048945750804977, 13.039191914959716, 12.824857370367019, 13.048945750804977, 13.048945750804977, 13.072174793206921, 13.264201033318006, 13.264201033318006, 13.039191914959716, 13.264201033318006, 13.048945750804977, 13.264201033318006, 13.048945750804977, 13.264201033318006, 13.048945750804977, 13.264201033318006, 13.072174793206921, 13.048945750804977, 13.264201033318006], [13.072174793206921, 12.824857370367019, 12.494261486666682, 13.264201033318006, 13.048945750804977, 13.264201033318006, 13.264201033318006, 12.775785488327626, 13.264201033318006, 13.264201033318006, 13.048945750804977, 13.072174793206921, 13.039191914959716, 13.072174793206921, 13.264201033318006, 13.039191914959716, 13.264201033318006, 12.527244364913887, 13.264201033318006, 12.801628327965075], [13.264201033318006, 13.048945750804977, 13.039191914959716, 13.264201033318006, 13.264201033318006, 13.048945750804977, 13.264201033318006, 13.264201033318006, 13.264201033318006, 13.264201033318006, 13.264201033318006, 13.264201033318006, 13.264201033318006, 13.039191914959716, 12.801628327965075, 12.801628327965075, 13.039191914959716, 13.264201033318006, 13.264201033318006, 13.264201033318006]]]], "bagging_alg3_obj_avg": [[[12.848868072922064, 12.972479627847193, 12.955566640272636, 13.115589653438406, 13.046509250796726, 13.162666866777666]]],