{"SAA_eta": [0.0, 0.012000000000000005, 0.022000000000000006, 0.022000000000000006, 0.022000000000000006, 0.022000000000000006, 0.022000000000000006], "Alg34_eta": [0.04600000000000001, 0.10800000000000007, 0.22600000000000015, 0.23400000000000015, 0.23400000000000015, 0.2740000000000002, 0.2740000000000002]}