{"seed": 2024, "r": [2.68298539, 3.81716309, 4.60084485], "c": 3.3545021076444534, "q": 2.4292864952500386, "sample_args": {"type": "pareto", "params": [1.94402027, 2.18567363, 1.91460062]}, "B_list": [200], "k_list": [[0, 0.05], [0, 0.1], [0, 0.4], [2, 0], [10, 0], [50, 0]], "B12_list": [[1, 1]], "epsilon": 0.005, "tolerance": 0.005, "number_of_iterations": 50, "sample_number": [128, 256, 512, 1024, 2048, 4096], "large_number_sample": 500000, "eval_time": 10}