{
 "seed": 2024,
 "N": 8,
 "w": {
  "(1, 2)": 2.6182572876888703,
  "(1, 3)": 2.399262056222578,
  "(1, 4)": 2.1546084989313665,
  "(1, 5)": 1.154414026938975,
  "(1, 6)": 2.3553611037967017,
  "(1, 7)": 2.51585572511471,
  "(1, 8)": 2.521971956896625,
  "(2, 3)": 2.1734478804682373,
  "(2, 4)": 2.5688070156345715,
  "(2, 5)": 1.9491339166824189,
  "(2, 6)": 2.079015795021878,
  "(2, 7)": 2.4320948094779764,
  "(2, 8)": 2.3466848540267025,
  "(3, 4)": 2.4316665647157074,
  "(3, 5)": 1.733011372607605,
  "(3, 6)": 2.317951644788992,
  "(3, 7)": 2.8019494021051425,
  "(3, 8)": 1.5629959632190278,
  "(4, 5)": 2.8226337671537296,
  "(4, 6)": 2.505716586086866,
  "(4, 7)": 2.6117819938819675,
  "(4, 8)": 1.45799894956123,
  "(5, 6)": 2.7695654042977322,
  "(5, 7)": 2.5988714147076335,
  "(5, 8)": 1.3482540942177461,
  "(6, 7)": 1.0209270346255068,
  "(6, 8)": 2.0223115261591103,
  "(7, 8)": 1.092567038273127
 },
 "sample_args": {
  "type": "pareto",
  "params": [
   1.6179487079141535,
   1.7146624147728136,
   1.8660944388730356,
   1.852189531929593,
   1.6374270321550717,
   1.6984866620801293
  ]
 },
 "B": 200,
 "k": 10,
 "B12": [
  20,
  200
 ],
 "epsilon_list": [
  0,
  0.001953125,
  0.00390625,
  0.0078125,
  0.015625,
  0.03125,
  0.0625,
  0.125,
  0.25,
  0.5,
  1.0,
  2.0,
  "dynamic"
 ],
 "tolerance": 0.001,
 "number_of_iterations": 50,
 "sample_number": [
  64,
  128,
  256,
  512,
  1024,
  2048,
  4096
 ],
 "obj_opt": 10.662293778934071
}