{"seed": 2024, "r": [2.68298539, 3.81716309, 4.60084485], "c": 3.3545021076444534, "q": 2.4292864952500386, "sample_args": {"type": "pareto", "params": [1.94402027, 2.18567363, 1.91460062]}, "B_list": [200], "k_list": [0.1, 10, 50], "B12_list": [[20, 200], [40, 200], [20, 400]], "epsilon": 0.01, "number_of_iterations": 50, "sample_number": [128, 256, 512, 1024, 2048, 4096], "large_number_sample": 200000, "eval_time": 10}