{"seed": 2024, "r": [3.2701236422941093, 3.3207149493214994, 3.556858029428708], "c": 3.7856629820554946, "q": 1.7096129150007453, "sample_args": {"type": "pareto", "params": [2.0033248484659976, 1.9462659915572313, 2.0148555044660448]}, "B_list": [50, 100, 200, 400], "k_list": [10], "B12_list": [[5, 200], [10, 200], [20, 50], [20, 100], [20, 200], [40, 200], [20, 400]], "epsilon": 0.005, "tolerance": 0.005, "number_of_iterations": 50, "sample_number": [128, 256, 512, 1024, 2048, 4096], "large_number_sample": 300000, "eval_time": 10}