{"SAA_eta": [0.008000000000000007, 0.012000000000000007, 0.024000000000000007, 0.024000000000000007, 0.024000000000000007, 0.024000000000000007, 0.024000000000000007, 0.024000000000000007], "Alg34_eta": [0.023999999999999994, 0.07200000000000004, 0.15800000000000008, 0.1720000000000001, 0.1840000000000001, 0.25200000000000017, 0.25200000000000017, 0.25200000000000017], "delta_list": [0.1, 0.6, 1.1, 1.6, 2.1, 2.6, 3.1, 3.6], "epsilon": 4}