{"SAA_eta": [0.0, 0.012000000000000005, 0.022000000000000006, 0.022000000000000006, 0.022000000000000006, 0.022000000000000006, 0.022000000000000006, 0.022000000000000006], "Alg34_eta": [0.04600000000000001, 0.10800000000000007, 0.23600000000000015, 0.23600000000000015, 0.2740000000000002, 0.2740000000000002, 0.2740000000000002, 0.2740000000000002], "delta_list": [0.1, 0.6, 1.1, 1.6, 2.1, 2.6, 3.1, 3.6], "epsilon": 2.5}