{
  "m": 6,
  "mu": [
    2.523172690664364,
    4.190072957784476,
    4.166884335362672,
    3.9991063504778475,
    4.763091379319772,
    1.3178744867501813
  ],
  "p": [
    0.5349158165814392,
    1.4784376676612758,
    0.9971919625125649,
    0.9428271571071241,
    0.5264495738684236,
    1.049599686938587
  ],
  "b": 2.9240844253147595,
  "alpha": 0.95,
  "sample_args": {
    "type": "sym_pareto",
    "params": [
      2.523172690664364,
      4.190072957784476,
      4.166884335362672,
      3.9991063504778475,
      4.763091379319772,
      1.3178744867501813
    ]
  },
  "B_list": [
    1
  ],
  "k_list": [
    0.1
  ],
  "B12_list": [
    [
      20,
      100
    ]
  ],
  "epsilon": 0.01,
  "tolerance": 0.005,
  "number_of_iterations": 3,
  "sample_number": [
    128,
    256,
    512,
    1024,
    2048
  ],
  "large_number_sample": 1000000
}