{
  "m": 6,
  "mu": [
    1.8632657305249714,
    4.234672617888737,
    1.9926523123786541,
    2.5911377576971764,
    1.9543534997994927,
    4.942348140603723
  ],
  "p": [
    1.4087190735810151,
    1.0484656784229724,
    1.4611399165941015,
    1.5702609044178104,
    1.3558326663118263,
    0.5301464789036907
  ],
  "b": 2.0436202788100912,
  "alpha": 0.95,
  "sample_args": {
    "type": "sym_pareto",
    "params": [
      1.8632657305249714,
      4.234672617888737,
      1.9926523123786541,
      2.5911377576971764,
      1.9543534997994927,
      4.942348140603723
    ]
  },
  "B_list": [
    1
  ],
  "k_list": [
    0.1
  ],
  "B12_list": [
    [
      20,
      100
    ]
  ],
  "epsilon": 0.01,
  "tolerance": 0.005,
  "number_of_iterations": 3,
  "sample_number": [
    128,
    256,
    512,
    1024,
    2048
  ],
  "large_number_sample": 1000000
}