{
  "m": 6,
  "mu": [
    4.565286505004948,
    1.0702880094757514,
    2.908014415849261,
    4.462589708427952,
    3.647277913888446,
    1.892290426194636
  ],
  "p": [
    1.8302644585234253,
    0.1692907066736613,
    1.0518674114735531,
    0.31391060967951434,
    0.22807501715581413,
    1.780314592873283
  ],
  "b": 2.013676940674416,
  "alpha": 0.95,
  "sample_args": {
    "type": "sym_pareto",
    "params": [
      4.565286505004948,
      1.0702880094757514,
      2.908014415849261,
      4.462589708427952,
      3.647277913888446,
      1.892290426194636
    ]
  },
  "B_list": [
    1
  ],
  "k_list": [
    0.1
  ],
  "B12_list": [
    [
      20,
      100
    ]
  ],
  "epsilon": 0.01,
  "tolerance": 0.005,
  "number_of_iterations": 3,
  "sample_number": [
    128,
    256,
    512,
    1024,
    2048
  ],
  "large_number_sample": 1000000
}