{
  "m": 6,
  "mu": [
    2.117338286102973,
    2.5896609502799577,
    4.005302812424144,
    3.194208987291586,
    2.0893652800028613,
    2.956624390885073
  ],
  "p": [
    0.471910901601313,
    1.5712797854236942,
    0.056598295787234854,
    1.53503763110228,
    0.6728481644793063,
    0.28870515230136795
  ],
  "b": 1.2830631363296157,
  "alpha": 0.95,
  "sample_args": {
    "type": "sym_pareto",
    "params": [
      2.117338286102973,
      2.5896609502799577,
      4.005302812424144,
      3.194208987291586,
      2.0893652800028613,
      2.956624390885073
    ]
  },
  "B_list": [
    1
  ],
  "k_list": [
    0.1
  ],
  "B12_list": [
    [
      20,
      100
    ]
  ],
  "epsilon": 0.01,
  "tolerance": 0.005,
  "number_of_iterations": 3,
  "sample_number": [
    128,
    256,
    512,
    1024,
    2048
  ],
  "large_number_sample": 1000000
}