{
  "m": 6,
  "mu": [
    4.075363139480371,
    3.0930271431089653,
    2.7280699955747396,
    3.040554341010973,
    1.5851363596432098,
    2.761708917626271
  ],
  "p": [
    0.9700751597162569,
    0.9771104636723029,
    1.0557778081173659,
    0.8934521756950546,
    1.280249457185443,
    0.39030737697894446
  ],
  "b": 1.8403077686276639,
  "alpha": 0.95,
  "sample_args": {
    "type": "sym_pareto",
    "params": [
      4.075363139480371,
      3.0930271431089653,
      2.7280699955747396,
      3.040554341010973,
      1.5851363596432098,
      2.761708917626271
    ]
  },
  "B_list": [
    1
  ],
  "k_list": [
    0.1
  ],
  "B12_list": [
    [
      20,
      100
    ]
  ],
  "epsilon": 0.01,
  "tolerance": 0.005,
  "number_of_iterations": 3,
  "sample_number": [
    128,
    256,
    512,
    1024,
    2048
  ],
  "large_number_sample": 1000000
}