{
  "seed": 2024,
  "mu": [
    1.7475842668294703,
    1.6660645916650865,
    1.4907649391253903,
    1.783978474286725,
    1.312261504782624,
    1.537019759527076
  ],
  "b": 1.5615130614631092,
  "sample_args": {
    "type": "pareto",
    "params": [
      2.3376418477090657,
      2.5013558932777262,
      3.037635373427726,
      2.275545225791836,
      4.202444056292287,
      2.862128873769273
    ]
  },
  "k_list": [
    [
      10,
      0.005
    ],
    [
      20,
      0.01
    ],
    [
      50,
      0.01
    ]
  ],
  "B1_list": [
    100,
    200,
    400,
    600
  ],
  "number_of_iterations": 20,
  "sample_number": [
    128,
    512,
    2048,
    8192,
    32768
  ]
}