{
  "seed": 2024,
  "mu": [
    1.9367129768889861,
    1.7033293134683836,
    1.2301708031827778,
    1.5004752383434894,
    1.6211307309110454,
    1.6204079110596386
  ],
  "b": 1.5140166581891492,
  "sample_args": {
    "type": "pareto",
    "params": [
      2.0675628764332945,
      2.4218090741428377,
      5.344599689326815,
      2.9981008517222056,
      2.609967033080535,
      2.6118427605025687
    ]
  },
  "k_list": [
    [
      10,
      0.005
    ],
    [
      20,
      0.01
    ],
    [
      50,
      0.01
    ]
  ],
  "B1_list": [
    100,
    200,
    400,
    600
  ],
  "number_of_iterations": 20,
  "sample_number": [
    128,
    512,
    2048,
    8192,
    32768
  ]
}