{"seed": 2024, "r": [3.2701236422941093, 3.3207149493214994, 3.556858029428708], "c": 3.7856629820554946, "q": 1.7096129150007453, "sample_args": {"type": "pareto", "params": [2.0033248484659976, 1.9462659915572313, 2.0148555044660448]}, "B_list": [200], "k_list": [0.05, 0.1, 0.2, 0.4, 2, 10, 20, 50], "B12_list": [[20, 200]], "epsilon": 0.005, "tolerance": 0.005, "number_of_iterations": 50, "sample_number": [128, 256, 512, 1024, 2048, 4096], "large_number_sample": 300000, "eval_time": 10}