{
 "seed": 2024,
 "N": 8,
 "w": {
  "(1, 2)": null,
  "(1, 3)": null,
  "(1, 4)": null,
  "(1, 5)": 1.979030189008798,
  "(1, 6)": 2.000028391939306,
  "(1, 7)": 1.9778199756306563,
  "(1, 8)": 2.039010104912812,
  "(2, 3)": null,
  "(2, 4)": null,
  "(2, 5)": 1.981055534269517,
  "(2, 6)": 2.0085453008604026,
  "(2, 7)": 1.9769119412655018,
  "(2, 8)": 2.0142460954016195,
  "(3, 4)": null,
  "(3, 5)": 1.9805327223980478,
  "(3, 6)": 2.0416740002218163,
  "(3, 7)": 1.9875479025974885,
  "(3, 8)": 1.9685894817332865,
  "(4, 5)": 2.021693667947139,
  "(4, 6)": 2.0178266798167472,
  "(4, 7)": 2.038266483022857,
  "(4, 8)": 2.0245720829396414,
  "(5, 6)": 1.989004267584712,
  "(5, 7)": 2.000960276324402,
  "(5, 8)": 1.9891119153104666,
  "(6, 7)": 2.023567606263134,
  "(6, 8)": 1.9930163806991428,
  "(7, 8)": 1.97739582979854
 },
 "A": [
  [
   1,
   5,
   6,
   5,
   7,
   6,
   2,
   9
  ],
  [
   7,
   7,
   4,
   6,
   2,
   1,
   4,
   3
  ],
  [
   6,
   8,
   9,
   4,
   9,
   8,
   3,
   8
  ],
  [
   3,
   3,
   7,
   6,
   1,
   3,
   1,
   4
  ],
  [
   7,
   6,
   4,
   7,
   4,
   1,
   2,
   4
  ],
  [
   5,
   5,
   7,
   6,
   7,
   5,
   3,
   8
  ],
  [
   7,
   4,
   8,
   7,
   9,
   5,
   7,
   8
  ],
  [
   4,
   2,
   5,
   1,
   1,
   4,
   4,
   5
  ]
 ],
 "sample_args": {
  "type": "normal",
  "params": [
   [
    1.9790712457872344,
    1.9646657054823478,
    1.9845813076676622,
    2.006175658708957,
    1.962250459541956,
    1.9699279489289765
   ],
   [
    1.019632325649626,
    1.486362843413794,
    1.4096724570195334,
    1.1917565442365463,
    1.499025013232131,
    1.3340147887416505
   ]
  ]
 },
 "B_list": [
  200
 ],
 "k_list": [
  0.1,
  10
 ],
 "B12_list": [
  [
   20,
   200
  ]
 ],
 "epsilon": "dynamic",
 "tolerance": 0.005,
 "number_of_iterations": 50,
 "sample_number": [
  128,
  256,
  512,
  1024,
  2048
 ],
 "obj_opt": 2.4891037034246377
}