{
  "seed": 2024,
  "N": 8,
  "w": {
    "(1, 2)": 3.5,
    "(1, 3)": 3.5,
    "(1, 4)": 3.5,
    "(1, 5)": 4,
    "(1, 6)": 4,
    "(1, 7)": 4,
    "(1, 8)": 4,
    "(2, 3)": 3.5,
    "(2, 4)": 3.5,
    "(2, 5)": 4,
    "(2, 6)": 4,
    "(2, 7)": 4,
    "(2, 8)": 4,
    "(3, 4)": 3.5,
    "(3, 5)": 4,
    "(3, 6)": 4,
    "(3, 7)": 4,
    "(3, 8)": 4,
    "(4, 5)": 4,
    "(4, 6)": 4,
    "(4, 7)": 4,
    "(4, 8)": 4,
    "(5, 6)": 4,
    "(5, 7)": 4,
    "(5, 8)": 4,
    "(6, 7)": 4,
    "(6, 8)": 4,
    "(7, 8)": 4
  },
  "A": [
    [
      1,
      1,
      1,
      1,
      1,
      1,
      1,
      1
    ],
    [
      1,
      1,
      1,
      1,
      1,
      1,
      1,
      1
    ],
    [
      1,
      1,
      1,
      1,
      1,
      1,
      1,
      1
    ],
    [
      1,
      1,
      1,
      1,
      1,
      1,
      1,
      1
    ],
    [
      1,
      1,
      1,
      1,
      1,
      1,
      1,
      1
    ],
    [
      1,
      1,
      1,
      1,
      1,
      1,
      1,
      1
    ],
    [
      1,
      1,
      1,
      1,
      1,
      1,
      1,
      1
    ],
    [
      1,
      1,
      1,
      1,
      1,
      1,
      1,
      1
    ]
  ],
  "sample_args": {
    "type": "pareto",
    "params": [
      1.4,
      1.4,
      1.4,
      1.3333333333333333,
      1.3333333333333333,
      1.3333333333333333,
      1.3333333333333333,
      1.4,
      1.4,
      1.3333333333333333,
      1.3333333333333333,
      1.3333333333333333,
      1.3333333333333333,
      1.4,
      1.3333333333333333,
      1.3333333333333333,
      1.3333333333333333,
      1.3333333333333333,
      1.3333333333333333,
      1.3333333333333333,
      1.3333333333333333,
      1.3333333333333333,
      1.3333333333333333,
      1.3333333333333333,
      1.3333333333333333,
      1.3333333333333333,
      1.3333333333333333,
      1.3333333333333333
    ]
  },
  "B_list": [
    200
  ],
  "k_list": [
    [
      10,
      0.01
    ]
  ],
  "B12_list": [
    [
      20,
      200
    ],
    [
      100,
      200
    ]
  ],
  "epsilon": "dynamic",
  "tolerance": 0.2,
  "number_of_iterations": 20,
  "sample_number": [
    5000,
    10000,
    20000
  ],
  "obj_opt": 16.0
}