{"SAA_eta": [0.008000000000000007, 0.012000000000000007, 0.024000000000000007, 0.024000000000000007, 0.024000000000000007, 0.024000000000000007, 0.024000000000000007], "Alg34_eta": [0.023999999999999994, 0.07200000000000004, 0.13800000000000007, 0.1600000000000001, 0.25200000000000017, 0.25200000000000017, 0.25200000000000017]}