{"seed": 2024, "N": 8, "w": {"(1, 2)": 2.0, "(1, 3)": 2.0, "(1, 4)": 2.0, "(1, 5)": 1.6019243589320413, "(1, 6)": 1.516278165129409, "(1, 7)": 2.4946025818345543, "(1, 8)": 2.093167920562073, "(2, 3)": 2.0, "(2, 4)": 2.0, "(2, 5)": 1.5012536302329522, "(2, 6)": 2.3332096916501923, "(2, 7)": 2.2531359152024275, "(2, 8)": 1.5927195096204012, "(3, 4)": 2.0, "(3, 5)": 2.425508453846356, "(3, 6)": 1.761602924067154, "(3, 7)": 1.7531742944021391, "(3, 8)": 1.6103383846052868, "(4, 5)": 1.8423577681883925, "(4, 6)": 1.8279567487730057, "(4, 7)": 1.5566285841802934, "(4, 8)": 1.6673304038907535, "(5, 6)": 2, "(5, 7)": 2, "(5, 8)": 2, "(6, 7)": 2, "(6, 8)": 2, "(7, 8)": 2}, "sample_args": {"type": "sym_pareto", "params": [2, 2, 2, 2, 2, 2]}, "B_list": [200], "k_list": [10], "B12_list": [[20, 200]], "epsilon": "dynamic", "tolerance": 0.005, "varepsilon_list": [0.015625, 0.03125, 0.0625, 0.125, 0.25, 0.5, 1, 2, 4, 8], "number_of_iterations": 50, "sample_number": [128, 256, 512, 1024], "obj_opt": 8.920651131221856}