{
 "seed": 2024,
 "r": [
  3.2701236422941093,
  3.3207149493214994,
  3.556858029428708
 ],
 "c": 3.7856629820554946,
 "q": 1.7096129150007453,
 "sample_args": {
  "type": "pareto",
  "params": [
   2.0033248484659976,
   1.9462659915572313,
   2.0148555044660448
  ]
 },
 "B_list": [
  200
 ],
 "k_list": [
  2,
  10
 ],
 "B12_list": [
  [
   20,
   200
  ]
 ],
 "epsilon": "dynamic",
 "tolerance": 0.005,
 "varepsilon_list": [
  0.015625,
  0.03125,
  0.0625,
  0.125,
  0.25,
  0.5,
  1
 ],
 "number_of_iterations": 50,
 "sample_number": [
  128,
  256,
  512,
  1024
 ],
 "large_number_sample": 500000,
 "eval_time": 10
}