{
  "seed": 2024,
  "N": 8,
  "w": {
    "(1, 2)": 3.034412740620203,
    "(1, 3)": 2.9063808315379545,
    "(1, 4)": 2.8145457088165493,
    "(1, 5)": 3.150532907316766,
    "(1, 6)": 2.9105225533891903,
    "(1, 7)": 3.189464789477764,
    "(1, 8)": 3.0652949030446814,
    "(2, 3)": 3.1525780419297766,
    "(2, 4)": 2.9259335599452454,
    "(2, 5)": 3.1100924051575722,
    "(2, 6)": 2.8421338377308594,
    "(2, 7)": 2.8876898026586746,
    "(2, 8)": 3.161353802431299,
    "(3, 4)": 3.0059232215205434,
    "(3, 5)": 3.066840905299109,
    "(3, 6)": 2.942745289211091,
    "(3, 7)": 2.828162412818088,
    "(3, 8)": 2.8181160120747304,
    "(4, 5)": 3.0120733698029056,
    "(4, 6)": 2.929723166197076,
    "(4, 7)": 3.168301455673715,
    "(4, 8)": 2.8544150786495073,
    "(5, 6)": 3.013949239440616,
    "(5, 7)": 2.9960674556327542,
    "(5, 8)": 3.037202656996196,
    "(6, 7)": 2.9893314369280195,
    "(6, 8)": 2.9182797555364064,
    "(7, 8)": 2.825866083062863
  },
  "A": [
    [
      1,
      1,
      1,
      1,
      1,
      1,
      1,
      1
    ],
    [
      1,
      1,
      1,
      1,
      1,
      1,
      1,
      1
    ],
    [
      1,
      1,
      1,
      1,
      1,
      1,
      1,
      1
    ],
    [
      1,
      1,
      1,
      1,
      1,
      1,
      1,
      1
    ],
    [
      1,
      1,
      1,
      1,
      1,
      1,
      1,
      1
    ],
    [
      1,
      1,
      1,
      1,
      1,
      1,
      1,
      1
    ],
    [
      1,
      1,
      1,
      1,
      1,
      1,
      1,
      1
    ],
    [
      1,
      1,
      1,
      1,
      1,
      1,
      1,
      1
    ]
  ],
  "sample_args": {
    "type": "pareto",
    "params": [
      1.4915423404668338,
      1.5245541622411611,
      1.5511021271832288,
      1.465001022117679,
      1.5234170087267696,
      1.456732624706206,
      1.4841923536080919,
      1.4645592310806554,
      1.5192287111028016,
      1.473912894788759,
      1.5428487222360565,
      1.529748054257417,
      1.462672977869289,
      1.4985235672390158,
      1.4838301764959902,
      1.514735516566909,
      1.5469973526359255,
      1.5500199070678977,
      1.4969997689984615,
      1.5182090454822645,
      1.4611904850145891,
      1.5392535961950105,
      1.496536844333651,
      1.5009850730134766,
      1.4908691811125334,
      1.5026814443470655,
      1.5213003979809874,
      1.5476852926270008
    ]
  },
  "B_list": [
    200
  ],
  "k_list": [
    [
      10,
      0.005
    ]
  ],
  "B12_list": [
    [
      20,
      200
    ]
  ],
  "epsilon": "dynamic",
  "tolerance": 0.001,
  "number_of_iterations": 50,
  "sample_number": [
    1024,
    2048,
    4096,
    8192,
    16384,
    32768
  ],
  "obj_opt": 12.42293345463287
}