{"SAA_obj_list": [[0.2200599644900226, 0.2619399001755739, 0.23831335267265136, 0.2586863076154647, 0.3006738339667122, 0.3801635618813731, 0.2664646149104535, 0.23846352388157957, 0.28072996981581066, 0.2606330766731256, 0.22903971224684067, 0.2534192028721683, 0.25564526349327293, 0.23001363829763113, 0.2564982588389221, 0.2328131398720681, 0.22975000161452203, 0.27240404650517175, 0.27802758631138086, 0.21966275942391747], [0.2331521444093172, 0.2211840688949518, 0.24359585098866493, 0.2256703040931442, 0.2789719601790761, 0.2685849498900412, 0.2748309570552186, 0.23759361770317247, 0.24775579738637177, 0.23127883488551432, 0.2678622230635794, 0.2762950937680374, 0.2701913750457483, 0.22837135611819911, 0.2690949337467916, 0.23630589817782302, 0.25227803175219266, 0.24597121986108217, 0.2358938936343974, 0.2689815518550001]], "SAA_obj_avg": [0.2581700857779331, 0.2506932031254162], "bagging_alg3_obj_list": [[[[0.3571772414941576, 0.30348954426504104, 0.322190387360841, 0.34694787291258966, 0.3271391615256837, 0.3210214490685709, 0.3392679508491119, 0.3127291887763262, 0.32824786469655465, 0.34673936084298895, 0.35743446509685717, 0.36198679360908437, 0.3311820025997859, 0.29406668424936033, 0.40216989005733444, 0.2711290984342348, 0.31630690771707504, 0.3671342187170218, 0.30147430592715, 0.3647911761814792], [0.2997729431234102, 0.3559461234084128, 0.3287209141447166, 0.3099090470506065, 0.3329742854002264, 0.3574330147953985, 0.3712040180138739, 0.37731644482984655, 0.3565602708950949, 0.39995921171938786, 0.31749881988310025, 0.32953524677944446, 0.30568599819790254, 0.3240061601868888, 0.3440347332800304, 0.32908993075256804, 0.3110726350272641, 0.34174371792348385, 0.29747889093025354, 0.37873194301305724]], [[0.3560814421009766, 0.31504801267071725, 0.34849164328796334, 0.36907022480316176, 0.3281722402770248, 0.29921303517514786, 0.34588685234508093, 0.37089975672966685, 0.33879796110103755, 0.3869146592704235, 0.30530138301371135, 0.30419358311219413, 0.39172043427967845, 0.3531691608157793, 0.3308204373710305, 0.36970394576640975, 0.3126392623783909, 0.34789801226721057, 0.3413164998349676, 0.3524783948059414], [0.3283170793381083, 0.323556637581032, 0.33090281652151815, 0.31156198659961987, 0.3920014727343482, 0.34809606032959245, 0.3467174226022439, 0.3098121533595879, 0.3443251389620187, 0.3374110992281667, 0.3176897824037917, 0.3520936728328797, 0.3190217365398993, 0.3353301306256738, 0.3790248758299975, 0.31738128192294557, 0.3697399292881273, 0.3131406596888846, 0.36011723676342866, 0.33161588382867824]]]], "bagging_alg3_obj_avg": [[[0.3336312782190624, 0.33843371746774836], [0.3433908470703257, 0.33839285284902715]]], "bagging_alg4_obj_list": [[[[0.3241199965099616, 0.3755686464009239, 0.2814972997234826, 0.29424944782327883, 0.3149821262677363, 0.3419189530586308, 0.3311702621900402, 0.34763537403805245, 0.28912911572232697, 0.35731010145668973, 0.34899292157252515, 0.3389823284795442, 0.3991649846576021, 0.323182903093665, 0.31558523870917393, 0.37577587068455076, 0.35190396566884635, 0.3034599031041798, 0.33935404436211614, 0.36540169230539243], [0.3583810305359665, 0.3369401573856923, 0.37115990407842336, 0.3358761373370007, 0.35607506393197624, 0.31945021744329516, 0.37847170116368556, 0.34040249332383077, 0.3516272090174294, 0.33944295497823357, 0.3036503702080544, 0.3451955062962883, 0.34052026390046747, 0.35469912999131326, 0.3184866122341912, 0.34182315185299295, 0.37631198784251857, 0.3570970332760605, 0.2996848371283439, 0.383805770656282]], [[0.36989737954703145, 0.3175821473168469, 0.3076516353674752, 0.3074334252005896, 0.3353846753615087, 0.29235706532395433, 0.3625411975749854, 0.3702052478861513, 0.31831145018119567, 0.388747132327577, 0.316823356310195, 0.3847818774402549, 0.43720676570979145, 0.3301133540279953, 0.3054380794487889, 0.35535572343907246, 0.340914004813304, 0.30315439010977957, 0.337253460259518, 0.3389289827066276], [0.3016862452916205, 0.3525258041606972, 0.29345038308993654, 0.349637868541645, 0.3189915351487723, 0.34494906514640716, 0.3548579243439341, 0.334262162088927, 0.3485062519352447, 0.32377764359175654, 0.3148403940596766, 0.34377401170874927, 0.3256858874715597, 0.3818621972470894, 0.3779680941795034, 0.3094783573454712, 0.34329163830671705, 0.32434279268838967, 0.371981220229994, 0.3687573110537531]]]], "bagging_alg4_obj_avg": [[[0.33596925879143597, 0.3454550766291023], [0.3410040675176321, 0.3392313393814922]]]}