{"SAA_obj_list": [[5.2724458876201785, 6.706384007400537, 5.558173754213521, 5.10967393058138, 4.898938474216267, 4.571810078006362, 6.2615868448097585, 5.500717747644433, 4.810661893758522, 4.505977412832387, 5.0006646685545215, 5.791602534816591, 4.917080987515095, 5.826179255490579, 5.2825549706242105, 5.389361874331247, 5.163809871375116, 4.656005382588299, 5.77958976662799, 4.843265253255064], [4.5712199943939815, 4.596224192738918, 5.379254864087715, 4.644945626979793, 4.956936099127464, 4.7817357873966415, 5.443419973033932, 4.934158044062336, 5.655552449732397, 5.991871395019377, 4.645547049362019, 5.604636358126855, 5.043023538940623, 4.651874391165138, 5.382600842027691, 4.818752742125777, 4.700454111897713, 4.879428258007343, 5.311234340211835, 7.162768493970474], [4.70915794487042, 4.6780733301470665, 4.918080927756039, 5.931390649547224, 5.492558970349184, 4.900330608232531, 5.4112151969339415, 4.445419840494487, 4.788689169551384, 4.302114979785359, 4.829666278420101, 4.424535538430552, 5.915969835574455, 5.482753543270254, 4.529257806625728, 5.384019530183635, 4.544174726458382, 4.382306279450837, 4.364718957123805, 4.425618278017846], [4.346938449872398, 4.487654657909519, 6.141370406400467, 4.8700403464815665, 5.01541651085339, 5.206983678592631, 4.577475907460306, 5.168267002256012, 4.687625815421377, 4.7127456066926205, 4.8246732347445604, 4.907401148695043, 5.094812444755131, 4.545826318339143, 5.53197042696162, 4.962927673347957, 5.527218373242112, 4.2973091614934615, 4.508633778763026, 4.666302964648291], [4.331807566821979, 4.63167143897066, 4.374281415934582, 4.3865913875681315, 4.57076145122054, 4.484775368302937, 4.6548402679678, 4.521907219118877, 4.926689241758587, 5.495850952104129, 4.907567070462968, 4.710367303956117, 4.369631320475, 4.517264699370069, 4.937323235008093, 4.568530346954818, 4.634427920953963, 5.305192606426608, 4.74540460339182, 4.741953537237332]], "SAA_obj_avg": [5.2923242298131035, 5.157781927620401, 4.893002619561161, 4.904079695346532, 4.690841947700251], "bagging_alg3_obj_list": [[[[5.395723085510393, 5.00030264832696, 4.706709449461056, 4.421812305194389, 4.631728187395415, 5.681342137618506, 5.175849232086794, 5.250007663081854, 4.623838465708542, 5.206268667773551, 4.9628781535616415, 5.449561806270709, 5.101965742338368, 4.368174627206478, 4.863272448910334, 5.344328079035898, 6.040377605771704, 5.186568956835123, 4.939643991776363, 4.865760850696053], [4.43649610290986, 5.023155108902605, 4.879230098859803, 4.6838333139595525, 5.202042656555449, 4.536312338940847, 4.613807454292884, 6.058419259294589, 5.157926582763662, 5.076154212554022, 5.337257688533106, 4.555013972940708, 4.948766848535684, 4.529260237860837, 4.689789923519764, 4.5215999845778345, 4.613182839073219, 4.936559567458638, 5.458779655726961, 5.190947487639062], [5.090947864931891, 4.6639281805292745, 4.704412272272253, 4.727322198948565, 5.343248894053358, 4.95164158657006, 4.44027359736979, 5.31775947119516, 5.481807542119991, 4.515307304121868, 5.202081620042407, 4.560480088154586, 5.094813005504532, 4.7235815199180005, 5.262552853662527, 4.937433800298763, 4.624658745452121, 4.741276101447872, 5.220770705836471, 4.657878009928775], [5.30238902314832, 4.845919285708987, 5.165547890999565, 4.661313738620579, 4.490174761162083, 4.528916701614598, 4.742011534940949, 5.010922885308541, 5.419324280846188, 4.757444605446127, 4.755237461381301, 5.366001668648649, 4.664083095430543, 4.725236131904232, 5.023125093386346, 4.699289656595707, 5.114690993296503, 4.544982155269369, 4.846839381329895, 4.630417498914025], [4.744088290128289, 4.894392378319735, 4.996914143088586, 4.692625183716848, 4.912626304261694, 5.683072897963209, 5.075350460479638, 4.806188409508951, 5.154092042036072, 4.978891752967707, 4.856397392545948, 4.476809449660095, 5.175759610407625, 4.79717340101761, 5.207409028816993, 4.498926249636201, 4.907223068282831, 4.721251196298693, 5.120367306744115, 4.61987133256158]]]], "bagging_alg3_obj_avg": [[[5.060805705228007, 4.9224267667449535, 4.9131087681179135, 4.864693392197626, 4.915971494922121]]], "bagging_alg4_obj_list": [[[[6.190777082192675, 5.949912817080909, 5.495463436524342, 5.035987379788073, 5.665089185555524, 5.012634298352991, 4.873854121614828, 5.504201503344701, 5.183981411900319, 5.290460197750102, 4.9472213702127945, 4.901719953461966, 5.8675642692528305, 5.3131947299616495, 5.784188735255897, 5.588339794225353, 5.463541989755504, 4.987614997767298, 5.479833006374215, 5.183098440564348], [4.536629426684229, 4.882539020683428, 5.653211882957309, 4.901123932314815, 4.928905090084047, 5.235066129997151, 4.671323689231669, 4.745389744592657, 4.693526863888682, 5.184113806440107, 4.735509279379216, 5.817978840033043, 5.300785489650119, 4.883358520390553, 4.486072430076009, 4.846459522437762, 4.490896235137067, 4.778920611404122, 6.096617982065439, 4.921960938350395], [4.410884327290763, 4.537438700463695, 5.3695977740938625, 5.705000364641837, 4.769156189279464, 4.324442552100801, 4.9989375922621555, 4.551403101164199, 4.985118293733234, 4.927397430932701, 4.950560858372929, 5.324441616473143, 5.032504294629926, 5.322557833195708, 5.386656334651924, 4.464562327377536, 4.695087850520729, 5.229097596676715, 5.585777490165652, 4.933545468531726], [5.1895995463075835, 4.752986099572203, 4.659273095377524, 4.717566706650382, 4.752919126941127, 4.368718382122054, 4.912232941173192, 4.808795812157246, 4.675294554550277, 4.575093642570158, 5.529100206718689, 6.073126645660568, 5.062165658685363, 4.540767335101797, 4.976202849959281, 5.6461781488000735, 4.508726839534015, 4.754193180233812, 4.810312972791202, 4.5075916566531], [5.05088370256558, 4.61559514882072, 5.1089099910522435, 4.790343212669516, 4.44451448394965, 4.91482306134103, 5.206584676998949, 4.884721303736323, 4.794790474954344, 4.634592901013687, 4.442230695938524, 4.619167642567489, 4.936622534497908, 5.075399009691097, 4.387621975323442, 4.544268990112891, 4.522673624626731, 4.620279054301645, 4.779492815186404, 5.158671164097537]]]], "bagging_alg4_obj_avg": [[[5.385933936046816, 4.989519471789891, 4.975208399827935, 4.891042270077983, 4.776609323172286]]]}