{
  "seed": 2024,
  "mu": [
    1.9275345634190377,
    1.979678093193425,
    1.9748726447973954,
    1.9288796255645018,
    1.9493288889042164,
    1.9250147430256863,
    1.9203633583495425,
    1.972977947104572,
    1.9620250576763234,
    1.9023947097572982
  ],
  "b": 1.9450405369310375,
  "sample_args": {
    "type": "pareto",
    "params": [
      2.0781269393496706,
      2.020743453332035,
      2.0257750131124324,
      2.0765657599522402,
      2.0533757180341072,
      2.081063850646358,
      2.086527392608575,
      2.027772523494331,
      2.0394739638231476,
      2.108162524876673
    ]
  },
  "k_list": [
    [
      50,
      0
    ]
  ],
  "B12_list": [
    [
      200,
      2000
    ]
  ],
  "epsilon": "dynamic",
  "tolerance": 0.0001,
  "number_of_iterations": 20,
  "sample_number": [
    2048,
    8192,
    32768,
    131072,
    524288
  ]
}