{
  "seed": 2024,
  "mu": [
    1.960069929549838,
    1.9771666712176756,
    1.954059031540174,
    1.9647820985184496,
    1.956685225019799,
    1.978932752333362,
    1.9668333851092628,
    1.9539123646003527,
    1.9519672497932608,
    1.979355054803546
  ],
  "b": 1.9563893339979774,
  "sample_args": {
    "type": "pareto",
    "params": [
      2.041590793775704,
      2.023366872259234,
      2.0481531718070545,
      2.0365034773506183,
      2.0452758899661116,
      2.02152062806809,
      2.0343043748814993,
      2.0483143285588463,
      2.0504563053163545,
      2.021080143605932
    ]
  },
  "k_list": [
    [
      50,
      0
    ]
  ],
  "B12_list": [
    [
      200,
      2000
    ]
  ],
  "epsilon": "dynamic",
  "tolerance": 0.0001,
  "number_of_iterations": 20,
  "sample_number": [
    8192,
    32768,
    131072,
    524288,
    2097152
  ]
}