{"SAA_obj_list": [[7.2364055234431355, 7.476296616747932, 6.366974268033615, 6.621089420019758, 5.631034725913841, 6.192218370274374, 5.518051033209349, 6.063997333740182, 5.570959776203071, 6.600654696992073, 7.068976103632664, 6.568806681214986, 5.888450104394267, 7.1570789129603485, 7.158114160954382, 5.81701476827466, 7.583186868815881, 6.532188348946999, 6.080306414182289, 6.742435263250118], [6.219337594054271, 6.727471834787426, 6.694921115983691, 5.863445018393605, 6.218595043390321, 5.955022041424799, 6.641042119375204, 5.605915372901045, 5.709668649426285, 6.644586843080262, 6.527869460041099, 6.056347754022502, 7.2652152542575275, 6.51580886037408, 6.647618715655901, 6.180368610566366, 6.358654371137499, 6.1320258562701175, 5.617951575371527, 5.621610671470839], [5.649633671418652, 6.093878286642343, 6.876315479688517, 5.91226264290733, 6.623322238226366, 6.928267350403696, 5.983901090029891, 7.116396887921104, 7.282008922543313, 6.428095098691991, 5.564550046205463, 6.139698973501003, 6.833679206338226, 6.778460252722077, 6.132573829451172, 6.297083341264704, 6.195134829163226, 6.606289084279723, 6.6169531117525855, 6.004572582755611], [6.460597337051642, 5.496318876252081, 6.134016574630038, 5.6287571360366355, 5.7143973713451075, 5.597810570629406, 5.3828175899534125, 5.634088701025232, 6.508988623606664, 5.584275821707581, 5.803601923231498, 6.822728940014095, 5.752676631805973, 5.654179743614485, 5.46736382721024, 5.461176508425137, 6.167245892585376, 6.153416962595916, 5.3530364822686325, 7.008645314127704], [5.835650321757345, 6.141256120157957, 5.558953173592868, 6.531338956321302, 5.770669544673827, 5.816903851021281, 5.499447362847366, 5.9289122409727835, 5.421733749764161, 5.439001533746528, 6.350897733845429, 5.593622491698437, 6.3099676775125815, 6.867217298666706, 5.66310010872292, 5.951647901812019, 5.92838532597971, 7.166825723918511, 5.792264398617386, 5.4631785494199345]], "SAA_obj_avg": [6.493711969560197, 6.2601738380992185, 6.403153846295349, 5.889307041405843, 5.9515487032524526], "bagging_alg3_obj_list": [[[[5.965761006487046, 6.010434884518077, 6.266239408023658, 5.683149657806554, 7.201950149639133, 5.890247980816872, 5.389045630401512, 7.080216870687848, 6.027864752652553, 5.8524300341291315, 6.492765923607263, 5.752671019997374, 6.103372131729546, 5.8919941025088365, 6.6708594173919575, 6.0022323540577665, 6.162658915311583, 5.9620386105908, 6.14528050797795, 6.426718598561357], [5.578467212559154, 7.081845824425573, 6.071196350379328, 6.916262328076279, 5.791369187582034, 5.67029583630924, 6.4820187816170645, 5.476118434244542, 6.493772432682856, 5.531594603071585, 5.943538736742441, 6.802829560105186, 6.721920440794456, 6.364593220869315, 6.209960879720008, 6.757327306235755, 7.170322598733959, 6.642680332987921, 6.118582771630629, 5.906471218325085], [6.217539901357967, 6.632139120848081, 6.521974211892115, 6.184072694092265, 6.184045965501732, 6.509616727844081, 5.71754845137649, 6.053980307059139, 5.72749139220681, 7.10411106933965, 6.40886048308791, 6.445206021892546, 5.928080734196399, 5.939318132099595, 6.985370306372609, 6.58767788421154, 6.541786888258722, 6.68464431916763, 7.223338101288661, 5.939375695799793], [5.8844583625434925, 5.969372017453146, 6.948737862807492, 6.312400450263733, 5.400764712616812, 5.906305401030126, 6.8573571282466315, 5.879941615769038, 6.137967042091209, 5.733170353077229, 5.513518107420401, 6.733653984357157, 6.869745941024247, 6.623029366383225, 6.374921931664181, 6.216351747102478, 6.734917301558655, 5.781836065584084, 5.52254968537751, 5.5113535435717305], [6.5935443774611535, 6.189204895869821, 6.013748976062229, 6.094403288752549, 7.226175032473547, 5.987064465139127, 5.749873573092401, 6.833501669603085, 6.077543591507034, 6.401217210100548, 6.744637811175031, 6.259346500609165, 6.0914145686137795, 6.110228611962371, 6.552123754929177, 6.474607924284393, 6.441787958441738, 6.169019623338167, 6.573305943409111, 5.556890939482433]]]], "bagging_alg3_obj_avg": [[[6.14889659784484, 6.28655840285462, 6.376808920394687, 6.14561763099713, 6.306982035815343]]], "bagging_alg4_obj_list": [[[[6.614547451967773, 5.618110572680595, 6.660385705303632, 5.929327276945375, 6.579298649078411, 6.109244092747791, 5.930170469779305, 7.911838216370236, 5.863695450106463, 6.197386246609433, 6.102279250621022, 5.832334426312059, 5.783858776875162, 6.879883453369974, 6.275325745909776, 6.4743304702140065, 6.75788166574568, 6.434082354968499, 6.37944088600883, 6.699367738912503], [6.073330250116088, 6.480775005468823, 6.161037849194271, 5.940685826026294, 6.765538039832475, 6.104562234340143, 6.206664697177925, 7.551342115749642, 6.032716024276012, 6.203378627392983, 6.500948537102105, 6.213989589265691, 6.051755982713328, 6.51116117482533, 6.92506958469785, 6.842296444195579, 6.180792493990271, 6.299633564377275, 6.368684749315239, 6.195589344310681], [6.050179254528086, 6.41898525293694, 5.252718149158837, 5.652352894185462, 6.9192875191266845, 8.614963032070255, 6.545520346036245, 6.316685136080025, 7.003905907172388, 5.88983743603127, 6.352080603278061, 6.919253600209907, 6.348311277351422, 6.091686552848658, 6.870683765120491, 6.158684372032874, 5.892556331704841, 6.4820799159892735, 5.562546019019133, 7.566845837724748], [5.729595091052455, 5.606028884441105, 5.883488413734349, 5.7177108355790285, 5.499328265418623, 6.415159240567574, 6.8870264054725645, 6.253011771865134, 5.579384908775201, 6.166881517810999, 6.616440984012353, 6.152699872572527, 6.2812880220389005, 6.314062625932305, 6.216963835261247, 5.952174426804405, 6.49952417893816, 5.755713566649512, 5.995113688812381, 6.37373503164978], [5.904166497833357, 6.686694958254277, 6.221234485100435, 5.866629119948707, 7.914955199338373, 5.725487755606528, 6.396051946923267, 6.2757187037360165, 7.090503327526072, 6.517163461386919, 6.901178499356347, 6.03246250567904, 6.176224442571554, 6.493913486086001, 6.140564724292922, 6.010557845625727, 6.033288826464758, 6.320437476873621, 5.916019741110777, 6.15358749817294]]]], "bagging_alg4_obj_avg": [[[6.351639445026327, 6.3804976067184, 6.445458160130281, 6.0947665783694305, 6.338842025094381]]]}