{"SAA_obj_list": [[0.06836625759423194, 0.09654907002795393, 0.09634558619142435, 0.05558822514363283, 0.2629679652260726, 0.06860013549026783, 0.07196681380226086, 0.06541799686465694, 0.1283204662338692, 0.06489837740043311, 0.06868128741977853, 0.08162422660494474, 0.09902594736760438, 0.06127006309316847, 0.06258660813489178, 0.07114560344778581, 0.06716071783944817, 0.07544559809327342, 0.07720815212722805, 0.07424306760450086], [0.06865604792401778, 0.0617209582203003, 0.05716029335149833, 0.0720268213890724, 0.05928174755539919, 0.05588748380341078, 0.06298880741302297, 0.06673410285472395, 0.06326777115662362, 0.05839015072001082, 0.12210397723513926, 0.06129075109344437, 0.06066594588466906, 0.07049799811301775, 0.06783513484128212, 0.06589688240886935, 0.06537370418277973, 0.06661419295360642, 0.0725895196964084, 0.06411757935993782], [0.057825266242418155, 0.06117822416527145, 0.058968994313497156, 0.05757537517437093, 0.05771049371094171, 0.06406883775066442, 0.05775571289520082, 0.06260948962474289, 0.05972491825752665, 0.05958475756312399, 0.05921465820497788, 0.05578471593412083, 0.05986557544145532, 0.056685648270774235, 0.05715793294646812, 0.057957664823770676, 0.09192099473076368, 0.056420553986670424, 0.05872119992335025, 0.06078606186949314], [0.05670813235593986, 0.059101631137760194, 0.057983576119734405, 0.05681739611410096, 0.05569650571315514, 0.057867438654390514, 0.05654840660208402, 0.056478544402706055, 0.05735819641942079, 0.05672262272239155, 0.05605768809544691, 0.06085843938589128, 0.05671135318478205, 0.05669996703781659, 0.0565185188123883, 0.05661448161531328, 0.057061976863866215, 0.05723223507589101, 0.05754032351172565, 0.055498077620892115], [0.05605002564579002, 0.055619694957689376, 0.055751486076912105, 0.056268248704750765, 0.05583385244605765, 0.0560267467098026, 0.056729590348901175, 0.05589643600770238, 0.056330956005329766, 0.056222319327846645, 0.05581396882781349, 0.05569381583140022, 0.05576408585619329, 0.056723498076636944, 0.05589463962039586, 0.05594823114286811, 0.05659685453724665, 0.055350272793863335, 0.056098999286248744, 0.05578058283097032]], "SAA_obj_avg": [0.0858706082853714, 0.06715499350786172, 0.06057585379148014, 0.05710377557228484, 0.05601971525172097], "bagging_alg3_obj_list": [[[[0.07021512046054587, 0.07265523382080229, 0.07504860728343578, 0.05583437956808737, 0.08475635231256781, 0.0584697740642971, 0.07185682765071545, 0.07107539197774937, 0.0643156519766711, 0.056759627782522394, 0.06267609805692033, 0.0724815193612981, 0.09100280799449859, 0.07632628706231799, 0.06925070570950319, 0.06907977396475674, 0.060240165675072746, 0.05808805332062336, 0.0831049434221113, 0.0653739658930991], [0.057400602595336074, 0.06160080341922259, 0.06635757855656192, 0.06258734517873454, 0.06335811449515037, 0.05880530857118986, 0.055786754209610635, 0.06003023831649799, 0.06165657234055463, 0.059417515660970775, 0.057563509004368255, 0.06365984516231508, 0.06230932840260037, 0.057246774908532166, 0.057748548859946396, 0.06902234741240573, 0.05798581231048043, 0.07272916413493631, 0.06892070547621798, 0.058362078544131314], [0.06234981870749544, 0.05871915168591563, 0.05980533250077312, 0.06041505381088536, 0.05890430921486405, 0.06945499201980702, 0.06553313779586432, 0.0625188673266123, 0.060640842175215676, 0.06026386414119575, 0.0605716033428509, 0.061074011949640405, 0.06073535762935434, 0.07320587854440255, 0.05915917506685074, 0.06377188914173998, 0.05683930426088216, 0.0623071647210431, 0.059145615082547315, 0.060314960971798046], [0.06267027494811483, 0.060189075381463876, 0.061394733717257205, 0.06060267314064734, 0.056494114102061774, 0.05896697011296556, 0.05983335062209993, 0.06040218183289849, 0.05596594555216655, 0.06042208243387823, 0.06839041261929688, 0.06062395018750993, 0.06392037713624633, 0.06446103814084511, 0.06143937644778353, 0.05791179976596333, 0.06039632186215938, 0.058428691646054416, 0.056253719505384964, 0.05858806917474099], [0.05758666681668456, 0.05859112415987751, 0.056886276357719125, 0.05785731314243135, 0.055652344025483746, 0.05691620092221447, 0.05561703887633003, 0.05696844038915727, 0.057305783654805674, 0.06017095621035143, 0.05625774347305727, 0.05796178021847913, 0.05860311742008404, 0.05908088197282867, 0.05719680907564969, 0.056107147933358865, 0.056971238907523994, 0.0562983550351452, 0.05825334072516969, 0.05570946875803824]], [[0.07143497325659012, 0.08454035393964364, 0.08772623714647271, 0.05550605936264507, 0.11690196116287566, 0.06163871398177339, 0.07120929895916861, 0.059395041261819284, 0.06072833180169057, 0.061380602898165604, 0.06024000826476802, 0.07774700269635071, 0.10694484176603261, 0.05924130328064524, 0.06012972761044818, 0.07387628019141365, 0.0719278772473092, 0.06036614678713864, 0.08452251914715504, 0.06766027234112071], [0.057842968167221204, 0.06248239502187037, 0.059590332922723574, 0.057552204588485076, 0.06251957267095036, 0.058427849182242614, 0.0633910142380353, 0.05975187930503122, 0.05764573831680944, 0.07179858612168516, 0.07985062321297082, 0.0638357739156332, 0.06098462242244001, 0.060868618962095056, 0.06149744877542751, 0.061445866813231054, 0.06043876024293452, 0.06721999997339993, 0.05764031765410706, 0.06244443419254753], [0.057364474879456714, 0.059038644462502406, 0.05711706957935538, 0.05739611083044731, 0.05808892305953246, 0.06843024578582751, 0.057672479825622645, 0.059693850136125604, 0.05838478113294848, 0.060535714220827125, 0.06099993623447674, 0.0573008589017338, 0.0560763446709588, 0.0572187065244106, 0.060316154922004483, 0.06631159378820949, 0.06722786814426905, 0.060324985931657464, 0.06060820478140991, 0.05732025656436564], [0.05653209851956338, 0.05681758857556515, 0.05802771299478261, 0.05679336447922857, 0.058554896529596355, 0.05831361838230423, 0.060382119507755606, 0.06265924612095224, 0.05830987562408743, 0.05748858611749766, 0.05993860671207555, 0.05678765987510681, 0.056895411236598914, 0.05667478125178307, 0.05798556557131365, 0.057531551088855826, 0.05740620812293308, 0.05552225309705226, 0.0581404411630312, 0.05983326357851425], [0.055659742793319096, 0.059526885214118905, 0.05627250052919261, 0.0568238691453347, 0.05601813550017488, 0.05590310574033994, 0.058540815909385084, 0.05696745096039218, 0.056532513337741695, 0.05780082624309076, 0.057034681929555436, 0.05679367422514775, 0.05776698906969202, 0.05753232044946345, 0.056820538659649915, 0.05688964323212123, 0.05627526401871692, 0.05901399149629062, 0.05656343783479665, 0.05677009455805199]]]], "bagging_alg3_obj_avg": [[[0.06943056436787982, 0.06162744737798816, 0.06178651650448691, 0.06036775791647693, 0.057299601403719494], [0.07265587765516132, 0.062361450334992054, 0.05987136021880707, 0.058029742427429885, 0.05707532404232879]]],