{
  "seed": 2024,
  "mu": [
    1.4371361216790033,
    1.6646407850749398,
    1.6472984040345184,
    1.6949337454338345,
    1.419524127244028,
    1.225787748586738
  ],
  "b": 1.215822059247566,
  "sample_args": {
    "type": "pareto",
    "params": [
      3.2876169467741163,
      2.504572127464684,
      2.544882536040786,
      2.438986099855776,
      3.383653132346121,
      5.428938267285318
    ]
  },
  "k_list": [
    [
      10,
      0.005
    ],
    [
      20,
      0.01
    ]
  ],
  "B12_list": [
    [
      200,
      200
    ]
  ],
  "epsilon": "dynamic",
  "tolerance": 0.001,
  "number_of_iterations": 20,
  "sample_number": [
    64,
    256,
    1024,
    4096,
    16384
  ]
}