{
  "seed": 2024,
  "mu": [
    1.7589753141153142,
    1.7743509560412971,
    1.2708318018000546,
    1.7802511547067335,
    1.7947541652595658,
    1.2289084383508107
  ],
  "b": 1.2087233924300107,
  "sample_args": {
    "type": "pareto",
    "params": [
      2.3175659094599563,
      2.2914041006836037,
      4.692328572027387,
      2.281638603118584,
      2.258250719168488,
      5.368558919035841
    ]
  },
  "k_list": [
    [
      10,
      0.005
    ],
    [
      20,
      0.01
    ]
  ],
  "B12_list": [
    [
      200,
      200
    ]
  ],
  "epsilon": "dynamic",
  "tolerance": 0.001,
  "number_of_iterations": 20,
  "sample_number": [
    64,
    256,
    1024,
    4096,
    16384
  ]
}