{"SAA_obj_list": [[0.05793111726673114, 0.10359695143810257, 0.1016021817512058, 0.061791428662359704, 0.2667514226581578, 0.061701233581634346, 0.12367412384760657, 0.07372910330446203, 0.18181635670491458, 0.06555211279913307, 0.07460210488079089, 0.07971845908959009, 0.09212060135399976, 0.05931087393536123, 0.058236253521303655, 0.06673524777509081, 0.06843125877374248, 0.07033423857921023, 0.11691364464664522, 0.05646726856905326], [0.056107852611964236, 0.06646112513263121, 0.05234003130638938, 0.0695725507263016, 0.053083826361289416, 0.05669681185489875, 0.0672947104713926, 0.06273069803559497, 0.05039789215002874, 0.057192305410191144, 0.11459650960977028, 0.052809014078804076, 0.05240444106973248, 0.08133421053554545, 0.05256276091347667, 0.052369510936601985, 0.057633655701963465, 0.05632890123128346, 0.05362660145316302, 0.0562015377407727], [0.05132116116831181, 0.05702251638025144, 0.0571098341506294, 0.05028674901985114, 0.0526556002249446, 0.05503913791372028, 0.051671259301282996, 0.06041535765978519, 0.05124486386266956, 0.051223920577463826, 0.052492339488922575, 0.04932146689814093, 0.05330333805788247, 0.05081730534433552, 0.05136962179183835, 0.04997573866898551, 0.07472910262916281, 0.04877392008363574, 0.0529074640116821, 0.05202314991140712], [0.052815287935127145, 0.052712712222487766, 0.05057117402502844, 0.04894222182253716, 0.05049053095730831, 0.05631347501666126, 0.05068664471873034, 0.05011631615810796, 0.05096610718013877, 0.05046861592329193, 0.04988272770475763, 0.053619332507434884, 0.050469072874206655, 0.05051232013815787, 0.049025825724505576, 0.04965081487653142, 0.050577322777630274, 0.051269599014753316, 0.04956605425961453, 0.04971240736821857], [0.049421747989482304, 0.048691324098088656, 0.05006094369353316, 0.0491751002952077, 0.04969642178301366, 0.05002338857843308, 0.05022335782593289, 0.04905332098858732, 0.05005135288330623, 0.049241046540785406, 0.04924562647237378, 0.04905009244384263, 0.04978409256183565, 0.05004731964606969, 0.04939300764994728, 0.04977128233549635, 0.05001699869602126, 0.04945414532398988, 0.04991747645268207, 0.04871642313336047]], "SAA_obj_avg": [0.09205079915695477, 0.06108724736658979, 0.05368519235724517, 0.050918428160261486, 0.049551723469599476], "bagging_alg3_obj_list": [[[[0.053896235174947155, 0.08229885494674256, 0.11832096932800543, 0.052756280883179955, 0.08979067407425538, 0.06952575295502136, 0.0909593797962766, 0.10361693641244957, 0.08628991365892968, 0.057849294174567314, 0.06267359000264934, 0.054468682019351206, 0.08384995092653266, 0.0542109551828565, 0.05531620744637874, 0.07410598403974583, 0.05813906034834431, 0.05433121301829206, 0.10373272843719572, 0.052154214192971934], [0.05018611971525791, 0.061165025019103564, 0.052278719423630965, 0.053859523617895075, 0.06300823285806186, 0.0565652100911966, 0.06948849476046838, 0.06395050037035938, 0.05297656570232913, 0.055009890673676926, 0.07736774447773528, 0.05590806881816848, 0.049555630973324265, 0.05692050569738368, 0.052199085164401623, 0.050661285060808636, 0.05839581214345776, 0.050256512158030786, 0.05169487916993285, 0.04982753623677292], [0.05760006103830079, 0.04996681224016303, 0.05198066300747179, 0.053436273652140445, 0.0539736646037716, 0.07229395761615257, 0.060122913188417296, 0.0505181716561284, 0.053291167719271504, 0.05741805840938553, 0.05581661843039745, 0.05448489465608191, 0.050517061602460826, 0.06095366868729771, 0.05757678629675735, 0.06413142022028416, 0.05145964986596753, 0.05015881173225804, 0.05119452717359757, 0.060360334320425674], [0.05695467748075436, 0.05095740777115289, 0.05340235262281977, 0.052134204347971363, 0.05430030826103339, 0.04972277673019763, 0.05781548968333371, 0.051804117455975976, 0.0537729627962242, 0.051567649721615025, 0.049078268072899355, 0.05309978755841237, 0.05326824007676313, 0.06233239969761997, 0.0497464546862846, 0.04973625291561033, 0.04958318910873274, 0.05308251548974935, 0.04991025193137515, 0.05664903050757994], [0.05027040485745442, 0.05369041736194963, 0.0514552403191898, 0.052514988548774975, 0.05007530467687844, 0.052664842679901194, 0.05018158803093961, 0.0499089444180144, 0.05290087215703235, 0.05228316975409227, 0.04937384823633731, 0.049373776653886356, 0.0501157550038615, 0.0585077686956519, 0.04883398511440697, 0.05392316667761703, 0.053552789405454874, 0.04990378345580568, 0.0536789704007397, 0.05197103823327258]], [[0.052872936685064834, 0.09042117333423058, 0.07767109336870741, 0.06681554176066332, 0.17997183907710845, 0.07582694848975721, 0.1043395180933154, 0.06081150514455279, 0.07302885575333828, 0.05848547072955474, 0.06580010979440887, 0.08106982312750848, 0.07269294713306362, 0.057406914697610355, 0.05161563985917411, 0.07218925865586864, 0.06913076648745667, 0.05943060764696292, 0.08549157777440772, 0.057751713290683904], [0.051760506766909006, 0.05734444341119739, 0.05159879225940257, 0.06456265778590979, 0.053470945637468806, 0.05666929767318018, 0.057603759279362496, 0.06905354858976068, 0.050956202417912475, 0.05865256371482657, 0.05801187283154867, 0.06584792337725566, 0.04963913339923061, 0.08419757398060015, 0.050068370559469375, 0.05275873958150548, 0.05887791349712595, 0.06001572952511652, 0.0519347277996612, 0.05201348432015594], [0.051519406648403654, 0.05722930277614288, 0.05874213030568835, 0.051366666769817784, 0.051576377056154726, 0.05719965188171484, 0.061876047258668, 0.061361538566280065, 0.05439851630955159, 0.04990040066573017, 0.05137808743096013, 0.051456416919092876, 0.05015803566709694, 0.051481327470631166, 0.05436828219427109, 0.050754079761833805, 0.055864341365509745, 0.04982843591885982, 0.05344672845595398, 0.05568113788599448], [0.050669661398048335, 0.05142508352296726, 0.0515524677930833, 0.04996026706736659, 0.05248928270450835, 0.05157997984736937, 0.05042043743997236, 0.04969850308727999, 0.04966515840326512, 0.05037611144546713, 0.05159637135108855, 0.05250832756044538, 0.05017035511572518, 0.04988094418168701, 0.04953579292677174, 0.052851613688441046, 0.05188274023381341, 0.052252302178021806, 0.053811167724810594, 0.0513021524358027], [0.05425871552596457, 0.049898950797497746, 0.051243253716443504, 0.05097342957937723, 0.05143923259389792, 0.0536429355353958, 0.04966911485653726, 0.05148684562296467, 0.05095503255430366, 0.053772490693696454, 0.049493408893737725, 0.04959513632880694, 0.05240497718496574, 0.051837820610455804, 0.04943325876850703, 0.05132842300582435, 0.05428373708451617, 0.050541447767972106, 0.0531458606913759, 0.04931298735403356]]]], "bagging_alg3_obj_avg": [[[0.07291434385093466, 0.05656376710659979, 0.05586277580583656, 0.05294591684580526, 0.05175903273406305], [0.07564121204517191, 0.05775190932037997, 0.0539793455654178, 0.05118143600529675, 0.05143585295831371]]],