{
  "seed": 2024,
  "r": [
    2.558666592542274,
    3.196059205145521,
    2.8117080697757495
  ],
  "c": 3.348928526590382,
  "q": 1.4297765470559307,
  "sample_args": {
    "type": "pareto",
    "params": [
      2.0620120384954723,
      2.054602662504,
      1.777433746090583
    ]
  },
  "B_list": [
    100,
    200,
    400
  ],
  "k_list": [
    0.1,
    2,
    10,
    50
  ],
  "number_of_iterations": 50,
  "sample_number": [
    64,
    128,
    256,
    512,
    1024,
    2048,
    4096,
    8192,
    16384
  ],
  "large_number_sample": 1000000
}