{
  "seed": 2024,
  "N": 8,
  "w": {
    "(1, 2)": 2.6182572876888703,
    "(1, 3)": 2.399262056222578,
    "(1, 4)": 2.1546084989313665,
    "(1, 5)": 1.154414026938975,
    "(1, 6)": 2.3553611037967017,
    "(1, 7)": 2.51585572511471,
    "(1, 8)": 2.521971956896625,
    "(2, 3)": 2.1734478804682373,
    "(2, 4)": 2.5688070156345715,
    "(2, 5)": 1.9491339166824189,
    "(2, 6)": 2.079015795021878,
    "(2, 7)": 2.4320948094779764,
    "(2, 8)": 2.3466848540267025,
    "(3, 4)": 2.4316665647157074,
    "(3, 5)": 1.733011372607605,
    "(3, 6)": 2.317951644788992,
    "(3, 7)": 2.8019494021051425,
    "(3, 8)": 1.5629959632190278,
    "(4, 5)": 2.8226337671537296,
    "(4, 6)": 2.505716586086866,
    "(4, 7)": 2.6117819938819675,
    "(4, 8)": 1.45799894956123,
    "(5, 6)": 2.7695654042977322,
    "(5, 7)": 2.5988714147076335,
    "(5, 8)": 1.3482540942177461,
    "(6, 7)": 1.0209270346255068,
    "(6, 8)": 2.0223115261591103,
    "(7, 8)": 1.092567038273127
  },
  "A": [
    [
      1,
      1,
      1,
      1,
      1,
      1,
      1,
      1
    ],
    [
      1,
      1,
      1,
      1,
      1,
      1,
      1,
      1
    ],
    [
      1,
      1,
      1,
      1,
      1,
      1,
      1,
      1
    ],
    [
      1,
      1,
      1,
      1,
      1,
      1,
      1,
      1
    ],
    [
      1,
      1,
      1,
      1,
      1,
      1,
      1,
      1
    ],
    [
      1,
      1,
      1,
      1,
      1,
      1,
      1,
      1
    ],
    [
      1,
      1,
      1,
      1,
      1,
      1,
      1,
      1
    ],
    [
      1,
      1,
      1,
      1,
      1,
      1,
      1,
      1
    ]
  ],
  "sample_args": {
    "type": "pareto",
    "params": [
      1.6179487079141535,
      1.7146624147728136,
      1.8660944388730358,
      7.476095597164907,
      1.7378107555239357,
      1.6596933886464207,
      1.6570423295045784,
      1.852189531929593,
      1.6374270321550717,
      2.0535921037311335,
      1.926770492715284,
      1.6982777909547186,
      1.7425642287502638,
      1.6984866620801293,
      2.364235313897809,
      1.7587531788088502,
      1.5549545391406339,
      2.7762116699422235,
      1.548656574908971,
      1.6641356077499627,
      1.6204313013768727,
      3.1834111212657046,
      1.565110505422013,
      1.625441164812405,
      3.871466600403409,
      48.785078865457336,
      1.9781754136697098,
      11.802981478670782
    ]
  },
  "B_list": [
    200
  ],
  "k_list": [
    [
      10,
      0.005
    ]
  ],
  "B12_list": [
    [
      20,
      200
    ]
  ],
  "epsilon": "dynamic",
  "tolerance": 0.005,
  "number_of_iterations": 50,
  "sample_number": [
    1000,
    2500,
    5000,
    10000,
    15000,
    20000
  ],
  "obj_opt": 10.662293778934071
}