{
  "m": 3,
  "a_ls": [
    2.0033248484659976,
    1.9462659915572313,
    2.0148555044660448
  ],
  "r": [
    3.2701236422941093,
    3.3207149493214994,
    3.556858029428708
  ],
  "c": 3.7856629820554946,
  "q": 1.7096129150007453,
  "ratio": 0.1,
  "B_list": [
    5,
    10,
    30,
    50,
    70,
    100,
    200,
    400,
    600,
    800
  ],
  "number_of_iterations": 50,
  "sample_number": [
    128,
    256,
    512,
    1024,
    2048,
    4096,
    8192,
    16384,
    32768,
    65536,
    131072
  ],
  "large_number_sample": 1000000
}