{
 "seed": 2024,
 "N": 5,
 "w": {
  "(0, 0)": 1.8865364093012886,
  "(0, 1)": 2.398555301120877,
  "(0, 2)": 1.8306427790927857,
  "(0, 3)": 1.7492991192565832,
  "(0, 4)": 2.3237863958023786,
  "(1, 0)": 2.137122473241966,
  "(1, 1)": 2.2498292819020653,
  "(1, 2)": 1.8709355265561154,
  "(1, 3)": 1.7336844551004142,
  "(1, 4)": 1.8512613494646823,
  "(2, 0)": 1.873453484656252,
  "(2, 1)": 2.32957861213437,
  "(2, 2)": 2.2815754847013983,
  "(2, 3)": 2.1955418952557166,
  "(2, 4)": 1.9664292773529026,
  "(3, 0)": 1.6368204540890734,
  "(3, 1)": 2.1733533180049087,
  "(3, 2)": 2.29142702055407,
  "(3, 3)": 1.64693564175383,
  "(3, 4)": 2.2760005110017376,
  "(4, 0)": 2.390491551306702,
  "(4, 1)": 2.340076629674212,
  "(4, 2)": 1.8125406416083787,
  "(4, 3)": 1.9427529395181724,
  "(4, 4)": 1.6101934594984615
 },
 "sample_args": {
  "type": "pareto",
  "params": [
   2.127985257580268,
   1.7150235669612395,
   2.203886947758919,
   1.8794127488738956,
   1.8001092745067868,
   2.148190617455044,
   2.1448806577187685,
   1.75211799503506,
   1.7802895825781155
  ]
 },
 "B_list": [
  200
 ],
 "k_list": [
  [
   10,
   0.005
  ]
 ],
 "B12_list": [
  [
   20,
   200
  ]
 ],
 "epsilon": "dynamic",
 "tolerance": 0.001,
 "number_of_iterations": 50,
 "sample_number": [
  64,
  128,
  256,
  512,
  1024,
  2048,
  4096,
  8192,
  16384
 ],
 "obj_opt": 11.451076144820934
}