{"SAA_obj_list": [[10.662293778934071, 10.594364330180404, 10.072808159360942, 10.662293778934071, 10.662293778934071, 10.076767235544562, 10.594364330180404, 10.594364330180404, 10.594364330180404, 10.299939418133677, 10.662293778934071, 10.15529873538804, 10.662293778934071, 10.662293778934071, 10.076767235544562, 10.12729430842898, 10.662293778934071, 10.662293778934071, 10.662293778934071, 10.594364330180404], [10.594364330180404, 10.594364330180404, 10.662293778934071, 10.662293778934071, 10.662293778934071, 10.15529873538804, 10.594364330180404, 10.594364330180404, 10.662293778934071, 10.265151983106854, 10.662293778934071, 10.662293778934071, 10.662293778934071, 10.662293778934071, 10.594364330180404, 10.662293778934071, 10.594364330180404, 10.594364330180404, 10.076767235544562, 10.662293778934071], [10.662293778934071, 10.12729430842898, 10.662293778934071, 10.15529873538804, 10.662293778934071, 10.15529873538804, 10.594364330180404, 10.299939418133677, 10.662293778934071, 10.12729430842898, 10.594364330180404, 10.594364330180404, 10.662293778934071, 10.662293778934071, 10.662293778934071, 10.594364330180404, 10.662293778934071, 10.594364330180404, 10.265151983106854, 10.662293778934071], [10.594364330180404, 10.662293778934071, 10.662293778934071, 10.15529873538804, 10.662293778934071, 10.662293778934071, 10.594364330180404, 10.662293778934071, 10.662293778934071, 10.594364330180404, 10.594364330180404, 10.662293778934071, 10.662293778934071, 10.594364330180404, 10.594364330180404, 10.594364330180404, 10.662293778934071, 10.662293778934071, 10.662293778934071, 10.662293778934071]], "SAA_obj_avg": [10.487067037685472, 10.564035302732151, 10.503137157509162, 10.613168719692986], "bagging_alg1_obj_list": [[[[10.662293778934071, 10.12729430842898, 10.662293778934071, 10.662293778934071, 10.662293778934071, 10.076767235544562, 10.594364330180404, 10.662293778934071, 10.662293778934071, 10.12729430842898, 10.662293778934071, 10.265151983106854, 10.662293778934071, 10.662293778934071, 10.662293778934071, 10.12729430842898, 10.662293778934071, 10.15529873538804, 10.662293778934071, 10.594364330180404], [10.662293778934071, 10.594364330180404, 10.662293778934071, 10.662293778934071, 10.662293778934071, 10.662293778934071, 10.12729430842898, 10.265151983106854, 10.662293778934071, 10.662293778934071, 10.662293778934071, 10.662293778934071, 10.662293778934071, 10.662293778934071, 10.594364330180404, 10.662293778934071, 10.12729430842898, 10.662293778934071, 10.265151983106854, 10.662293778934071], [10.662293778934071, 10.12729430842898, 10.662293778934071, 10.662293778934071, 10.662293778934071, 10.12729430842898, 10.662293778934071, 10.662293778934071, 10.662293778934071, 10.662293778934071, 10.662293778934071, 10.12729430842898, 10.15529873538804, 10.662293778934071, 10.662293778934071, 10.662293778934071, 10.662293778934071, 10.662293778934071, 10.662293778934071, 10.662293778934071], [10.662293778934071, 10.662293778934071, 10.662293778934071, 10.594364330180404, 10.662293778934071, 10.662293778934071, 10.662293778934071, 10.662293778934071, 10.662293778934071, 10.662293778934071, 10.072808159360942, 10.662293778934071, 10.662293778934071, 10.662293778934071, 10.662293778934071, 10.662293778934071, 10.662293778934071, 10.662293778934071, 10.662293778934071, 10.662293778934071]]]], "bagging_alg1_obj_avg": [[[10.500767744344802, 10.562286707425475, 10.556694106181006, 10.629423025517731]]], "bagging_alg3_obj_list": [[[[10.662293778934071, 10.594364330180404, 10.662293778934071, 10.662293778934071, 10.662293778934071, 10.594364330180404, 10.594364330180404, 10.594364330180404, 10.594364330180404, 10.594364330180404, 10.662293778934071, 10.594364330180404, 10.662293778934071, 10.594364330180404, 10.594364330180404, 10.662293778934071, 10.326629127082278, 10.594364330180404, 10.662293778934071, 10.594364330180404], [10.594364330180404, 10.594364330180404, 10.662293778934071, 10.594364330180404, 10.662293778934071, 10.662293778934071, 10.594364330180404, 10.594364330180404, 10.662293778934071, 10.594364330180404, 10.662293778934071, 10.594364330180404, 10.662293778934071, 10.594364330180404, 10.594364330180404, 10.594364330180404, 10.594364330180404, 10.662293778934071, 10.594364330180404, 10.594364330180404], [10.594364330180404, 10.594364330180404, 10.594364330180404, 10.594364330180404, 10.594364330180404, 10.594364330180404, 10.594364330180404, 10.594364330180404, 10.594364330180404, 10.594364330180404, 10.594364330180404, 10.594364330180404, 10.326629127082278, 10.594364330180404, 10.594364330180404, 10.594364330180404, 10.662293778934071, 10.662293778934071, 10.594364330180404, 10.326629127082278], [10.594364330180404, 10.662293778934071, 10.662293778934071, 10.594364330180404, 10.662293778934071, 10.594364330180404, 10.594364330180404, 10.594364330180404, 10.594364330180404, 10.594364330180404, 10.662293778934071, 10.662293778934071, 10.594364330180404, 10.594364330180404, 10.594364330180404, 10.594364330180404, 10.662293778934071, 10.594364330180404, 10.662293778934071, 10.594364330180404]]]], "bagging_alg3_obj_avg": [[[10.608149349526965, 10.61813963724419, 10.574383754745957, 10.618139637244187]]], "bagging_alg4_obj_list": [[[[10.15529873538804, 10.072808159360942, 10.662293778934071, 10.594364330180404, 10.662293778934071, 10.594364330180404, 10.594364330180404, 10.594364330180404, 10.594364330180404, 10.662293778934071, 10.662293778934071, 10.594364330180404, 10.662293778934071, 10.662293778934071, 10.662293778934071, 10.072808159360942, 10.326629127082278, 10.662293778934071, 10.662293778934071, 10.662293778934071], [10.594364330180404, 10.15529873538804, 10.594364330180404, 10.594364330180404, 10.662293778934071, 10.662293778934071, 10.662293778934071, 10.594364330180404, 10.662293778934071, 10.594364330180404, 10.662293778934071, 10.662293778934071, 10.662293778934071, 10.594364330180404, 10.594364330180404, 10.662293778934071, 10.594364330180404, 10.662293778934071, 10.594364330180404, 10.326629127082278], [10.594364330180404, 10.594364330180404, 10.662293778934071, 10.662293778934071, 10.662293778934071, 10.594364330180404, 10.594364330180404, 10.594364330180404, 10.594364330180404, 10.43572143395524, 10.594364330180404, 10.594364330180404, 10.594364330180404, 10.662293778934071, 10.594364330180404, 10.326629127082278, 10.662293778934071, 10.594364330180404, 10.594364330180404, 10.594364330180404], [10.594364330180404, 10.662293778934071, 10.662293778934071, 10.594364330180404, 10.594364330180404, 10.594364330180404, 10.594364330180404, 10.594364330180404, 10.594364330180404, 10.594364330180404, 10.594364330180404, 10.326629127082278, 10.594364330180404, 10.594364330180404, 10.662293778934071, 10.594364330180404, 10.594364330180404, 10.662293778934071, 10.594364330180404, 10.594364330180404]]]], "bagging_alg4_obj_avg": [[[10.540833397580766, 10.58959254222503, 10.590027787402658, 10.594563459776232]]]}