{
 "seed": 2024,
 "N": 8,
 "w": {
  "(1, 2)": null,
  "(1, 3)": null,
  "(1, 4)": null,
  "(1, 5)": 1.952882915656587,
  "(1, 6)": 2.0042572667627283,
  "(1, 7)": 2.037159743599378,
  "(1, 8)": 1.9971020681264737,
  "(2, 3)": null,
  "(2, 4)": null,
  "(2, 5)": 2.0193864542919746,
  "(2, 6)": 2.015471588104476,
  "(2, 7)": 1.996068319258823,
  "(2, 8)": 1.9931051252632517,
  "(3, 4)": null,
  "(3, 5)": 2.0372167694710233,
  "(3, 6)": 1.9775011702580725,
  "(3, 7)": 1.956962586390438,
  "(3, 8)": 1.981763555742091,
  "(4, 5)": 2.036322085834511,
  "(4, 6)": 2.0203091110450826,
  "(4, 7)": 1.9563489249531756,
  "(4, 8)": 1.9717295657679872,
  "(5, 6)": 1.9689030886959997,
  "(5, 7)": 1.9976813110587035,
  "(5, 8)": 2.013939928182366,
  "(6, 7)": 2.02629635733134,
  "(6, 8)": 2.041272147063085,
  "(7, 8)": 1.9850699818806476
 },
 "A": [
  [
   1,
   8,
   1,
   2,
   2,
   3,
   7,
   9
  ],
  [
   8,
   6,
   6,
   9,
   5,
   7,
   4,
   6
  ],
  [
   4,
   8,
   3,
   7,
   6,
   1,
   3,
   6
  ],
  [
   5,
   3,
   2,
   2,
   5,
   7,
   8,
   9
  ],
  [
   8,
   5,
   5,
   4,
   7,
   9,
   7,
   7
  ],
  [
   4,
   9,
   9,
   7,
   4,
   9,
   3,
   6
  ],
  [
   6,
   1,
   2,
   6,
   3,
   6,
   8,
   7
  ],
  [
   4,
   7,
   9,
   1,
   3,
   7,
   1,
   7
  ]
 ],
 "sample_args": {
  "type": "normal",
  "params": [
   [
    1.9790712457872344,
    1.9646657054823478,
    1.9845813076676622,
    2.006175658708957,
    1.962250459541956,
    1.9699279489289765
   ],
   [
    1.2788762336250716,
    1.3814709990159482,
    1.3362632205350826,
    1.3465292378549911,
    1.3670891899032593,
    1.3946337511409017
   ]
  ]
 },
 "B_list": [
  200
 ],
 "k_list": [
  0.1,
  10
 ],
 "B12_list": [
  [
   20,
   200
  ]
 ],
 "epsilon": "dynamic",
 "tolerance": 0.005,
 "number_of_iterations": 50,
 "sample_number": [
  128,
  256,
  512,
  1024,
  2048
 ],
 "obj_opt": 2.3296974315472316
}