{
 "seed": 2024,
 "N": 8,
 "w": {
  "(1, 2)": null,
  "(1, 3)": null,
  "(1, 4)": null,
  "(1, 5)": 2.0394535411842423,
  "(1, 6)": 1.9681689155756785,
  "(1, 7)": 2.0231859848478666,
  "(1, 8)": 2.045367305190509,
  "(2, 3)": null,
  "(2, 4)": null,
  "(2, 5)": 1.9778108300276072,
  "(2, 6)": 1.96684030760227,
  "(2, 7)": 2.0227694763396387,
  "(2, 8)": 1.992906241346266,
  "(3, 4)": null,
  "(3, 5)": 1.9703582073693755,
  "(3, 6)": 1.9967267934123223,
  "(3, 7)": 1.966081430226624,
  "(3, 8)": 2.0267610797156674,
  "(4, 5)": 1.9766248062501397,
  "(4, 6)": 1.9513033330957872,
  "(4, 7)": 1.9520598343212898,
  "(4, 8)": 2.014280203634622,
  "(5, 6)": 2.014885565770794,
  "(5, 7)": 1.9669820666754851,
  "(5, 8)": 1.9642036715074138,
  "(6, 7)": 2.001749939592203,
  "(6, 8)": 1.9894743155237933,
  "(7, 8)": 1.9594602146432085
 },
 "A": [
  [
   8,
   6,
   1,
   2,
   6,
   7,
   7,
   9
  ],
  [
   3,
   8,
   4,
   3,
   1,
   5,
   1,
   5
  ],
  [
   3,
   1,
   7,
   4,
   9,
   4,
   4,
   8
  ],
  [
   2,
   4,
   5,
   1,
   8,
   8,
   8,
   2
  ],
  [
   3,
   5,
   8,
   3,
   9,
   2,
   8,
   2
  ],
  [
   2,
   7,
   4,
   9,
   8,
   5,
   6,
   4
  ],
  [
   3,
   4,
   4,
   9,
   9,
   1,
   2,
   4
  ],
  [
   8,
   4,
   9,
   1,
   1,
   2,
   7,
   2
  ]
 ],
 "sample_args": {
  "type": "normal",
  "params": [
   [
    1.9790712457872344,
    1.9646657054823478,
    1.9845813076676622,
    2.006175658708957,
    1.962250459541956,
    1.9699279489289765
   ],
   [
    1.3778856748688018,
    1.394695496726798,
    1.1449089958271406,
    1.1280422779063342,
    1.3434771042717701,
    1.4864144968950257
   ]
  ]
 },
 "B_list": [
  200
 ],
 "k_list": [
  0.1,
  10
 ],
 "B12_list": [
  [
   20,
   200
  ]
 ],
 "epsilon": "dynamic",
 "tolerance": 0.005,
 "number_of_iterations": 50,
 "sample_number": [
  128,
  256,
  512,
  1024,
  2048
 ],
 "obj_opt": 3.8265739997098245
}