{
  "s": 3,
  "p": 2,
  "c": 3,
  "g": 5,
  "C": [
    0.6249706357729451,
    0.5004067497889869
  ],
  "Q_sp": [
    [
      [
        0.33959485,
        0.93963167,
        0.11099611,
        0.29228903,
        0.32671781
      ],
      [
        0.11183712,
        0.68568047,
        0.89458674,
        0.6290198,
        0.45712153
      ]
    ],
    [
      [
        0.30562386,
        0.25141794,
        0.52145227,
        0.93541722,
        0.09209385
      ],
      [
        0.32229624,
        0.78332703,
        0.97653641,
        0.18445241,
        0.03020424
      ]
    ],
    [
      [
        0.3414426,
        0.45228102,
        0.22978903,
        0.05338668,
        0.24009525
      ],
      [
        0.92622445,
        0.08852084,
        0.84160819,
        0.02508719,
        0.46203217
      ]
    ]
  ],
  "Q_pc": [
    [
      [
        0.08967017,
        0.08001494,
        0.29854161,
        0.6979279,
        0.12176636
      ],
      [
        0.96381038,
        0.1531089,
        0.38302768,
        0.61996695,
        0.90823239
      ],
      [
        0.70189534,
        0.39932218,
        0.55522219,
        0.00271483,
        0.89190262
      ]
    ],
    [
      [
        0.00499716,
        0.94445126,
        0.88466098,
        0.5649098,
        0.54066034
      ],
      [
        0.35775422,
        0.14473548,
        0.17228491,
        0.64621086,
        0.6801251
      ],
      [
        0.22298374,
        0.17262673,
        0.42564852,
        0.25968014,
        0.01474239
      ]
    ]
  ],
  "R": [
    [
      0.5270433880965768,
      0.0637053572326608,
      0.9379577118072836,
      0.3199567984533134,
      0.8235639135829698
    ],
    [
      0.13905102076525377,
      0.32725750596098613,
      0.3078039889507185,
      0.6835392968167335,
      0.6454689385427224
    ]
  ],
  "M": [
    0.6242868854593947,
    0.7607088802407991
  ],
  "H": [
    [
      0.6879676721679994,
      0.55817399595699,
      0.8055601310327637,
      0.9169582065103801,
      0.30417068566412897
    ],
    [
      0.9271636937050269,
      0.0386599888372392,
      0.7208259342873673,
      0.4825505980400824,
      0.7821907579184122
    ],
    [
      0.4374684102472757,
      0.7857946145606081,
      0.429618611644521,
      0.700382844189798,
      0.354244530829664
    ]
  ],
  "sample_args": {
    "type": "pareto",
    "size": [
      3,
      3,
      5
    ],
    "params": [
      1.9021663417839674,
      1.9111373394817528
    ]
  }
}