{
  "s": 3,
  "p": 2,
  "c": 3,
  "g": 5,
  "C": [
    0.3547421334451327,
    0.2656323423247877
  ],
  "Q_sp": [
    [
      [
        0.1306855147123025,
        0.6549084074120326,
        0.22780620747650093,
        0.6422975930720944,
        0.35139694490339934
      ],
      [
        0.923476300142685,
        0.9631883843209482,
        0.31036767312000335,
        0.8619549982524707,
        0.512511101112112
      ]
    ],
    [
      [
        0.5032355853367115,
        0.8997442808204945,
        0.49417501176726886,
        0.35218765832274734,
        0.7827503095242063
      ],
      [
        0.5856139789122695,
        0.5563729624145319,
        0.021827498190930772,
        0.8088315992083472,
        0.12312769572354909
      ]
    ],
    [
      [
        0.7217880582579217,
        0.9128410316771607,
        0.8512544191428282,
        0.4125710734645266,
        0.7344277843312245
      ],
      [
        0.1904980753933997,
        0.9987410368591643,
        0.4386186721557359,
        0.36567640703808046,
        0.5045644181745028
      ]
    ]
  ],
  "Q_pc": [
    [
      [
        0.039868182154646714,
        0.14390726053403124,
        0.07208859632811193,
        0.25947987211651136,
        0.2523514530085734
      ],
      [
        0.18718622210124658,
        0.932905372769388,
        0.7708966419671495,
        0.5143994399978955,
        0.404894414906958
      ],
      [
        0.25783203856996373,
        0.6123139362270422,
        0.39059117231406393,
        0.5201124917704177,
        0.2461553718190551
      ]
    ],
    [
      [
        0.5711073513815637,
        0.9131263119327984,
        0.7851826699738546,
        0.1666623611559771,
        0.05468357929514944
      ],
      [
        0.09324068047450351,
        0.13582086559869277,
        0.6105118803109403,
        0.3323474202152892,
        0.03872706174819662
      ],
      [
        0.4684680606165579,
        0.9651209220449497,
        0.7825527438997305,
        0.1933237266579113,
        0.627328689374529
      ]
    ]
  ],
  "R": [
    [
      0.09674659725424939,
      0.012930839426342433,
      0.5683721079638556,
      0.2067990179138789,
      0.43116093168178704
    ],
    [
      0.03401563236873151,
      0.4945318800111699,
      0.966251367532355,
      0.33348095012022727,
      0.5360101979145073
    ]
  ],
  "M": [
    0.7088709906283877,
    0.29931129115910626
  ],
  "H": [
    [
      0.840666334271478,
      0.6470309336449344,
      0.3223648493322868,
      0.4895780646194605,
      0.35671098316765004
    ],
    [
      0.8014535916508039,
      0.054783264157803435,
      0.08608550006711713,
      0.23251895082259566,
      0.9595208060868715
    ],
    [
      0.4181965166929489,
      0.822837681322316,
      0.07173096546662605,
      0.7987717256943305,
      0.6285379016654408
    ]
  ],
  "sample_args": {
    "type": "pareto",
    "size": [
      3,
      3,
      5
    ],
    "params": [
      1.9080867842840044,
      1.9322775535368388
    ]
  }
}