{"SAA_obj_list": [[2310395.6620101975, 2310395.6620101975, 2310395.6620101975, 2310395.6620101975, 2310395.6620101975, 2310395.6620101975, 3167482.8648951994, 2310395.6620101975, 2310395.6620101975, 2566239.111747327, 2310395.6620101975, 2566239.111747327, 2310395.6620101975, 3065218.995198268, 2566239.111747327, 2566239.111747327, 2746289.611856465, 2566239.111747327, 2310395.6620101975, 3065218.995198268], [2566239.111747327, 2310395.6620101975, 2310395.6620101975, 2310395.6620101975, 2310395.6620101975, 2310395.6620101975, 2310395.6620101975, 2310395.6620101975, 2310395.6620101975, 2310395.6620101975, 2310395.6620101975, 2746289.611856465, 2310395.6620101975, 2746289.611856465, 3200443.848447988, 2566239.111747327, 3065218.995198268, 2746289.611856465, 2746289.611856465, 3200443.848447988], [2746289.611856465, 2566239.111747327, 2310395.6620101975, 2310395.6620101975, 2566239.111747327, 2566239.111747327, 3065218.995198268, 2566239.111747327, 3065218.995198268, 2746289.611856465, 2310395.6620101975, 2310395.6620101975, 2566239.111747327, 2310395.6620101975, 2746289.611856465, 2566239.111747327, 2566239.111747327, 2310395.6620101975, 2746289.611856465, 2746289.611856465], [2310395.6620101975, 2310395.6620101975, 2310395.6620101975, 2310395.6620101975, 2310395.6620101975, 2310395.6620101975, 2310395.6620101975, 2310395.6620101975, 2310395.6620101975, 2566239.111747327, 2746289.611856465, 2310395.6620101975, 2746289.611856465, 2310395.6620101975, 2310395.6620101975, 2566239.111747327, 2310395.6620101975, 2310395.6620101975, 2746289.611856465, 3153055.027951264]], "SAA_obj_avg": [2514487.9153998503, 2549904.7822563467, 2584396.690198567, 2443497.0677579045], "bagging_alg1_obj_list": [[[[2566239.111747327, 2310395.6620101975, 2310395.6620101975, 2310395.6620101975, 2310395.6620101975, 2310395.6620101975, 2746289.611856465, 2310395.6620101975, 2310395.6620101975, 2566239.111747327, 2310395.6620101975, 2310395.6620101975, 2310395.6620101975, 3065218.995198268, 2566239.111747327, 2310395.6620101975, 2566239.111747327, 2310395.6620101975, 2310395.6620101975, 2566239.111747327], [2566239.111747327, 2310395.6620101975, 2310395.6620101975, 2310395.6620101975, 2566239.111747327, 2310395.6620101975, 2310395.6620101975, 2310395.6620101975, 2310395.6620101975, 2310395.6620101975, 2310395.6620101975, 2746289.611856465, 2310395.6620101975, 2746289.611856465, 2310395.6620101975, 2310395.6620101975, 2310395.6620101975, 2310395.6620101975, 2310395.6620101975, 2310395.6620101975], [2566239.111747327, 2566239.111747327, 2310395.6620101975, 2310395.6620101975, 2310395.6620101975, 2310395.6620101975, 2566239.111747327, 2310395.6620101975, 2310395.6620101975, 2566239.111747327, 2310395.6620101975, 2310395.6620101975, 2310395.6620101975, 2310395.6620101975, 2310395.6620101975, 2310395.6620101975, 2310395.6620101975, 2310395.6620101975, 2566239.111747327, 2310395.6620101975], [2310395.6620101975, 2310395.6620101975, 2310395.6620101975, 2310395.6620101975, 2310395.6620101975, 2310395.6620101975, 2310395.6620101975, 2310395.6620101975, 2310395.6620101975, 2310395.6620101975, 2310395.6620101975, 2310395.6620101975, 2746289.611856465, 2310395.6620101975, 2310395.6620101975, 2566239.111747327, 2310395.6620101975, 2310395.6620101975, 2566239.111747327, 2310395.6620101975]]]], "bagging_alg1_obj_avg": [[[2433892.3885961967, 2379569.401968538, 2374356.5244444804, 2357774.7044762243]]], "bagging_alg3_obj_list": [[[[2310395.6620101975, 2310395.6620101975, 2310395.6620101975, 2310395.6620101975, 3065218.995198268, 2310395.6620101975, 2746289.611856465, 2310395.6620101975, 2310395.6620101975, 2746289.611856465, 2310395.6620101975, 2310395.6620101975, 2310395.6620101975, 3065218.995198268, 2566239.111747327, 2746289.611856465, 2746289.611856465, 2566239.111747327, 2310395.6620101975, 3065218.995198268], [2566239.111747327, 2310395.6620101975, 2310395.6620101975, 2310395.6620101975, 2310395.6620101975, 2310395.6620101975, 2310395.6620101975, 2310395.6620101975, 2310395.6620101975, 2310395.6620101975, 2310395.6620101975, 2746289.611856465, 3167482.8648951994, 2746289.611856465, 2746289.611856465, 3250478.1905696513, 3065218.995198268, 2310395.6620101975, 2310395.6620101975, 2310395.6620101975], [2746289.611856465, 3200443.848447988, 2310395.6620101975, 2310395.6620101975, 2310395.6620101975, 2310395.6620101975, 2310395.6620101975, 2310395.6620101975, 2310395.6620101975, 2310395.6620101975, 2310395.6620101975, 2310395.6620101975, 2310395.6620101975, 2310395.6620101975, 2310395.6620101975, 2746289.611856465, 2310395.6620101975, 2566239.111747327, 2310395.6620101975, 2746289.611856465], [2310395.6620101975, 2310395.6620101975, 2310395.6620101975, 2310395.6620101975, 2310395.6620101975, 2310395.6620101975, 2310395.6620101975, 2310395.6620101975, 2310395.6620101975, 2310395.6620101975, 2746289.611856465, 2310395.6620101975, 2566239.111747327, 2310395.6620101975, 2310395.6620101975, 2746289.611856465, 2746289.611856465, 2310395.6620101975, 2746289.611856465, 2310395.6620101975]]]], "bagging_alg3_obj_avg": [[[2536382.2969313744, 2516171.5802056207, 2433074.3362958836, 2410366.6244663084]]], "bagging_alg4_obj_list": [[[[2566239.111747327, 2310395.6620101975, 2310395.6620101975, 3153055.027951264, 3065218.995198268, 2310395.6620101975, 2746289.611856465, 2310395.6620101975, 2310395.6620101975, 3065218.995198268, 2310395.6620101975, 2310395.6620101975, 2310395.6620101975, 3065218.995198268, 2566239.111747327, 2746289.611856465, 3167482.8648951994, 2746289.611856465, 2566239.111747327, 3065218.995198268], [2566239.111747327, 2310395.6620101975, 2310395.6620101975, 2310395.6620101975, 2310395.6620101975, 2310395.6620101975, 2310395.6620101975, 2310395.6620101975, 3153055.027951264, 2310395.6620101975, 3182234.50579793, 2310395.6620101975, 3153055.027951264, 2746289.611856465, 2310395.6620101975, 3182234.50579793, 2566239.111747327, 2310395.6620101975, 2310395.6620101975, 3065218.995198268], [2310395.6620101975, 2746289.611856465, 2310395.6620101975, 2310395.6620101975, 2310395.6620101975, 2310395.6620101975, 2566239.111747327, 2310395.6620101975, 2310395.6620101975, 2310395.6620101975, 2310395.6620101975, 3167482.8648951994, 2310395.6620101975, 2310395.6620101975, 2310395.6620101975, 2310395.6620101975, 2746289.611856465, 2566239.111747327, 2746289.611856465, 2746289.611856465], [2310395.6620101975, 2566239.111747327, 2310395.6620101975, 2310395.6620101975, 2310395.6620101975, 2746289.611856465, 2310395.6620101975, 2566239.111747327, 2310395.6620101975, 2310395.6620101975, 2566239.111747327, 2310395.6620101975, 2566239.111747327, 2310395.6620101975, 2310395.6620101975, 2310395.6620101975, 2746289.611856465, 2310395.6620101975, 2746289.611856465, 2310395.6620101975]]]], "bagging_alg4_obj_avg": [[[2650108.2670266246, 2566965.6921085073, 2466013.1570974146, 2426948.444434564]]]}