{
  "seed": 2024,
  "s": 3,
  "p": 2,
  "c": 3,
  "g": 5,
  "C": [
    0.84902017,
    0.73141691
  ],
  "Q_sp": [
    [
      [
        0.33959485,
        0.93963167,
        0.11099611,
        0.29228903,
        0.32671781
      ],
      [
        0.11183712,
        0.68568047,
        0.89458674,
        0.6290198,
        0.45712153
      ]
    ],
    [
      [
        0.30562386,
        0.25141794,
        0.52145227,
        0.93541722,
        0.09209385
      ],
      [
        0.32229624,
        0.78332703,
        0.97653641,
        0.18445241,
        0.03020424
      ]
    ],
    [
      [
        0.3414426,
        0.45228102,
        0.22978903,
        0.05338668,
        0.24009525
      ],
      [
        0.92622445,
        0.08852084,
        0.84160819,
        0.02508719,
        0.46203217
      ]
    ]
  ],
  "Q_pc": [
    [
      [
        0.08967017,
        0.08001494,
        0.29854161,
        0.6979279,
        0.12176636
      ],
      [
        0.96381038,
        0.1531089,
        0.38302768,
        0.61996695,
        0.90823239
      ],
      [
        0.70189534,
        0.39932218,
        0.55522219,
        0.00271483,
        0.89190262
      ]
    ],
    [
      [
        0.00499716,
        0.94445126,
        0.88466098,
        0.5649098,
        0.54066034
      ],
      [
        0.35775422,
        0.14473548,
        0.17228491,
        0.64621086,
        0.6801251
      ],
      [
        0.22298374,
        0.17262673,
        0.42564852,
        0.25968014,
        0.01474239
      ]
    ]
  ],
  "R": [
    [
      0.75762425,
      0.60499893,
      0.64820431,
      0.86142707,
      0.01262116
    ],
    [
      0.67859456,
      0.37513025,
      0.86190007,
      0.18231789,
      0.20731563
    ]
  ],
  "M": [
    0.96766421,
    0.5369463
  ],
  "H": [
    [
      0.19395032,
      0.81790575,
      0.78516185,
      0.20974165,
      0.90638053
    ],
    [
      0.00704014,
      0.96558659,
      0.15616022,
      0.7461778,
      0.73652027
    ],
    [
      0.72572877,
      0.98864562,
      0.39330404,
      0.68259888,
      0.92669604
    ]
  ],
  "sample_args": {
    "type": "pareto",
    "size": [
      3,
      3,
      5
    ],
    "params": [
      1.90394177,
      2.00408536
    ]
  },
  "B_list": [
    200
  ],
  "k_list": [
    0.1,
    10
  ],
  "B12_list": [
    [
      20,
      200
    ]
  ],
  "epsilon": "dynamic",
  "tolerance": 0.005,
  "number_of_iterations": 50,
  "sample_number": [
    128,
    256,
    512,
    1024,
    2048,
    4096,
    8192,
    16384
  ],
  "large_number_sample": 100000,
  "eval_time": 20
}