{"SAA_obj_list": [[5.387670322974712, 5.733578641678119, 5.1999411076904725, 5.434781076949178, 4.71229721202236, 5.1721220856004795, 5.113648357850248, 5.144743403790322, 4.59423133968849, 4.851421571406876, 5.207336703365013, 5.739773371321541, 5.170043226811977, 5.094022166650133, 5.418015071082648, 4.738304539269752, 5.8195341629640795, 5.006809980814445, 5.007413731558918, 5.287046177550614], [4.8294177983597, 5.217570002317569, 5.050719545348372, 4.768625660301666, 5.281244555849176, 5.436582051029502, 5.186394489657315, 5.119119454492594, 4.664134627008666, 5.258868528989229, 4.856801803085246, 4.708015419008292, 5.302714146535404, 5.45543781533955, 5.005698323844172, 4.825019573703572, 4.724252091420558, 5.088450437957641, 4.584084933370316, 4.683797938533586], [4.63196403883322, 4.780724430378567, 5.424416001209035, 4.532087081996238, 4.857311555713275, 5.117533931046892, 4.79338528281533, 5.328094700461431, 5.197759369609888, 5.038458215789003, 4.767320142111899, 4.621414732207223, 5.208548669865409, 5.2088487813498485, 4.719850093490437, 5.661679981762045, 5.30841031239278, 5.018075315458071, 5.150233098607873, 4.658080903021776], [4.636126130523174, 4.581888795479978, 4.549538963702434, 4.424216936701438, 4.569621880533216, 4.5872690100862075, 4.558422673022182, 4.5173473272366484, 5.045589499572983, 5.046800217208397, 4.746196028635528, 4.9133777927165365, 4.608165875228248, 4.676494262603239, 4.553183072182273, 4.494763942905531, 4.900673334438022, 5.317581290334221, 4.675797254064479, 5.122135235459415]], "SAA_obj_avg": [5.191636712552018, 5.0023474598076065, 5.001209831906012, 4.726259476131707], "bagging_alg3_obj_list": [[[[5.674775511048724, 4.754550553583583, 5.194160748955003, 4.981708137178963, 5.16509848211226, 5.2076862624952955, 4.668610102656533, 5.6953676412613605, 4.868639831667299, 4.804202361592603, 5.214852554715973, 4.758940014740986, 4.808506651132748, 4.778525745252284, 4.905351153343205, 4.733374986454508, 5.172251123528356, 4.964212912349084, 5.136645995653746, 5.107069877033256], [4.799316506132655, 4.869873235103875, 4.92827863165837, 5.334632287390216, 4.93555451365532, 4.663599586692429, 4.941241156163701, 4.610088949203033, 4.998163759468041, 4.68122156036538, 4.872448534765193, 5.241965572099819, 4.985809730087854, 4.9599112253829345, 4.763729849194489, 5.223622939918662, 4.969764891181297, 4.814459039277197, 4.699052683439691, 4.563556743220171], [4.815287812381628, 5.125691206546623, 5.1116594415282615, 4.7284228468933325, 4.708409612736722, 4.912604726228479, 4.842719319415229, 4.949344983521066, 4.744174803135125, 5.158162928747127, 4.958114996636241, 5.317328540109248, 4.997349733146005, 4.795468958693325, 5.052968679763643, 4.9310541380432245, 4.780563140990992, 4.999546562768661, 5.17532279418533, 5.3390701192055285], [4.726476094158802, 5.25465307576412, 5.0736016444735155, 5.211565466186733, 4.76719787961861, 4.8648718049768975, 4.984330995721397, 4.823366260695788, 4.578273052785307, 4.697934035075359, 4.756886592092587, 5.038115255964145, 4.963828302009248, 5.218931941862931, 4.942223945692222, 4.817564477105255, 4.755233317465816, 5.458914319839667, 4.787717854829234, 4.669858022767175]]]], "bagging_alg3_obj_avg": [[[5.029726532337788, 4.8928145697200165, 4.97216326723379, 4.919577216954241]]], "bagging_alg4_obj_list": [[[[5.024684083216936, 4.810441637848449, 5.259887146061491, 4.710288985478672, 5.013388567390339, 5.007492659389635, 4.890609484075624, 5.522027658917288, 4.766283265535878, 4.975700976573703, 4.782094918295519, 4.823583063910295, 4.976207226171297, 4.624738474655096, 5.0516542257673605, 5.061636644704943, 5.07690411313593, 4.596108531994544, 5.101869210982105, 4.984745087342777], [5.173786825444105, 4.971129323705399, 4.80156619036777, 4.87654570149985, 5.086433693528177, 5.4481120089529895, 4.610741138497054, 5.348310677582353, 5.250478878504165, 5.038229497363466, 5.204645261147274, 5.299150003755516, 4.686011844986961, 4.900267553744825, 4.699860165804214, 5.178852085934102, 5.025918457150384, 5.202894770880129, 4.885027451517304, 4.582742814682438], [4.750052243291313, 4.904811709345483, 4.937901945393776, 4.861257167521641, 5.458438534044829, 5.828784100418272, 4.754697776366296, 5.117668453262854, 4.917165375973063, 5.188947474306702, 5.125158256862941, 4.851626193982502, 5.1062683279805015, 4.800578742474953, 5.105996583498369, 4.7537397414028675, 4.812449439786325, 4.909090233471912, 4.80093472224881, 5.209446656617153], [4.750143991431027, 4.7202108304832056, 5.038734546907615, 4.840621995923519, 4.714061955849633, 5.029211826169377, 4.953503988169838, 4.743021489468774, 4.69655098014296, 4.702107019411869, 4.843550878722125, 4.9716060987880155, 4.8962442627386835, 4.6680740266826035, 4.9862513220234606, 4.605635531857377, 4.904683711986838, 4.854561516104422, 4.821012597003683, 5.285921909839224]]]], "bagging_alg4_obj_avg": [[[4.953017298072393, 5.013535217252423, 5.009750683912527, 4.851285523985212]]]}