{
  "seed": 2024,
  "mu": [
    1.95204882162299,
    1.9560454316808575,
    1.968272784733999,
    1.9790008053474566,
    1.9597078539802817,
    1.967893770732645,
    1.9765187574603718,
    1.9523338371166554,
    1.9628869591259523,
    1.9751233846484118
  ],
  "b": 1.9509342801934617,
  "sample_args": {
    "type": "pareto",
    "params": [
      2.050366301903789,
      2.0459753970497663,
      2.0327668150610236,
      2.021449619385237,
      2.0419837618840058,
      2.0331712324618563,
      2.0240458694318333,
      2.0500519471487664,
      2.0385435076488485,
      2.025511248877041
    ]
  },
  "k_list": [
    [
      50,
      0
    ]
  ],
  "B12_list": [
    [
      200,
      2000
    ]
  ],
  "epsilon": "dynamic",
  "tolerance": 0.0001,
  "number_of_iterations": 20,
  "sample_number": [
    8192,
    32768,
    131072,
    524288
  ]
}