{"SAA_obj_list": [[6.779266318015079, 7.014243411623656, 6.323108729138936, 6.156034288999351, 5.678429579419862, 7.1606450359743326, 6.3053453434756985, 6.8381988167713255, 5.833537612080992, 5.636466202270388, 6.667512302671634, 6.977811829188006, 6.509862182782185, 6.105227777793928, 7.2377213128287075, 6.138717091996094, 8.188889725427488, 5.94859760025318, 5.9444053129432435, 7.325346503209632], [6.647751295786072, 6.6051673680737055, 6.467922210163417, 5.817801312120603, 6.940781575280548, 6.785608016988644, 6.914922986563335, 6.067062475609891, 5.863608620124151, 7.098419278687815, 5.9299777740544295, 5.575550345766298, 6.419016384192151, 7.177695000154293, 6.591345672695906, 6.317763351875294, 6.765191240922371, 6.2367900432676, 5.623231191610144, 6.073015595500969], [5.777684135809251, 5.755031638673625, 6.1487337068119485, 5.5988897605311365, 5.956984557920387, 6.772140609650997, 6.685113841164259, 7.26393095858113, 6.316852421584326, 6.157891777195523, 5.892817474077743, 5.978367395491967, 7.168118672820992, 6.198381511507768, 5.685029698848167, 7.278022438668539, 6.2615716856884385, 7.252497041150076, 6.2820956401281505, 5.9266243479171195], [6.127381752068047, 5.845634717636696, 5.9113127692512455, 5.578518586322859, 5.6517316914903954, 5.814771105194574, 5.609359631542006, 5.48690444345835, 6.068007123390222, 5.8389281415452725, 5.877068078501571, 6.154921507171028, 5.784050605197352, 6.126503530086111, 5.848169154050755, 5.425706564505122, 6.539662581236861, 6.059327386323467, 5.812772740395354, 6.014965004658662]], "SAA_obj_avg": [6.538468348843186, 6.395931086971882, 6.317838965711077, 5.878784855701299], "bagging_alg3_obj_list": [[[[7.292718931058136, 5.804494193008694, 6.597320089685946, 5.881588336005428, 7.3726196106418005, 6.972151837574737, 5.8660063495843024, 6.850977990569074, 5.82623652233167, 6.559180487488229, 5.708732940434476, 5.964772575146313, 6.457083859655726, 5.814452415708035, 6.44502698873295, 5.523031232850377, 6.621872541199512, 6.946891275391123, 5.758501524873678, 6.430128273357496], [5.928561151896583, 6.408793777140571, 6.474567989675284, 6.002197820075296, 5.761121439316003, 6.632156930489161, 7.111188353473417, 5.911516474955416, 6.6753816670487485, 5.663039093541304, 6.245809021451913, 7.195702738382443, 6.3705427076793075, 5.621404143548089, 5.682596369249188, 5.977127713240321, 6.871447189329139, 5.946926843285239, 6.741423791706917, 5.668934271251992], [5.777841848497729, 5.956922666303915, 6.3271120036794954, 6.562507723858918, 5.932327500925441, 6.816858387639106, 6.121607603861432, 6.329356283863405, 6.227926634993791, 6.203306795461764, 7.033620268126768, 7.4580069730824965, 6.484048495997606, 5.86875377322977, 7.0800490633024085, 6.210101018449199, 5.743229923727112, 6.2855625082440625, 6.396532301268787, 6.417471828672089], [5.982463815465943, 6.841978244180141, 6.3791362259798055, 6.4916936436729396, 6.023264572837052, 5.6308146473186, 6.151203781599039, 6.695957065653707, 5.808218996703979, 6.045885330986824, 6.116203606586175, 6.435930924438816, 6.455702531095908, 6.566804794781262, 6.289000547493014, 6.639906714205833, 5.971293226054232, 6.7856156144206805, 5.7631349403436, 5.727498735703777]]]], "bagging_alg3_obj_avg": [[[6.334689398764885, 6.244521974336817, 6.361657180159265, 6.240085397976066]]], "bagging_alg4_obj_list": [[[[7.503747103583523, 6.075555949520902, 6.2142357562080885, 5.698109814310339, 7.205035210182054, 5.835953693306559, 5.759331632087522, 7.041146766668469, 5.659290894192419, 6.480030216180718, 5.920970048696729, 6.074462589555706, 5.98060210461508, 5.786852841222151, 5.87642550138636, 5.751252421980494, 6.9582861580799, 6.21656848401116, 6.040939006776722, 7.326778124043287], [6.953654170924771, 6.367735035471852, 6.862331107361766, 6.036359787553522, 6.310071634959212, 7.4146697513996855, 5.575427736324111, 6.679524215647563, 6.047345860414096, 6.17043580260567, 6.752183152742734, 7.187797099536141, 5.641991258078272, 6.182307016677626, 6.466372548975395, 6.52300876381894, 5.957822491044483, 6.246930199411055, 6.34336747742565, 5.89026033677561], [6.469019173338491, 6.139227722105006, 6.3400580863809735, 6.347444964246323, 6.995132562393815, 7.08320162966772, 6.150132662825314, 6.518011809236225, 6.497030730736826, 7.073791397832677, 6.515199604423369, 6.734414422364813, 6.2725093498302105, 6.879571062509129, 6.694944064708593, 5.585192761775256, 5.96148920677869, 6.265319568103717, 5.644927482446609, 6.65792492349833], [6.507731714753542, 5.602291442601215, 5.937913569997579, 5.904994160374846, 5.439975591034988, 6.720912485129178, 5.540198204338826, 5.744506726290492, 5.82074677149815, 5.731083019790359, 6.846398376020125, 6.3251144608556755, 6.318873208240616, 6.304951931405914, 6.908771323721183, 5.927167961331085, 6.50054547437983, 5.663420789299886, 6.115977719778747, 6.2429092377777256]]]], "bagging_alg4_obj_avg": [[[6.270278715830409, 6.380479772357408, 6.441227159260104, 6.1052242084309984]]]}