{"SAA_obj_list": [[6.077056518882708, 6.045689936011701, 5.955542376915518, 6.523141434071572, 5.659591396573368, 6.155660535960973, 5.894708276113872, 6.466744905558703, 5.5536431196411495, 5.546215641764054, 6.492560387824969, 6.336263015707507, 5.955634422276166, 6.031011084028018, 6.71734856448481, 5.82959291638017, 6.727132632090415, 6.160213838660783, 5.814352224023553, 5.874503376673241], [5.959636076083538, 6.156585999369136, 5.628523167467701, 5.554925845223895, 6.600055213011568, 6.783380239161903, 6.0868286221138685, 6.263563142700417, 5.448316250522881, 6.813237314469515, 5.738521013979738, 5.263601183813392, 6.366242753749768, 6.865707873059853, 6.04208490942647, 6.096877642200068, 5.791091899002499, 6.352445181565241, 5.453100996450433, 5.715498747252308], [5.3867887395778045, 5.824873628711213, 5.957602427236045, 5.475904236488876, 6.318090942093106, 6.434939106394882, 5.724531189602322, 6.185432780437278, 6.555867267350204, 5.592699873434694, 5.618936886304244, 5.414402406935815, 6.244402443505018, 6.150117727359875, 5.54470145586897, 6.708705388498778, 6.368492309422369, 6.28634417055376, 5.935868872943026, 5.423870560856511], [5.55664333166553, 5.477889975550164, 5.41305613608641, 5.183507968428455, 5.7910383654026445, 5.405886586131709, 5.659845377454312, 5.3004799727659275, 6.270497477721953, 5.95469801686351, 6.041307262031888, 6.261592836424841, 5.229018632722295, 5.771456101762125, 5.500973238396511, 5.273489603604872, 6.0585749617908995, 6.126997987289929, 5.520501280974307, 6.1962534554479]], "SAA_obj_avg": [6.090830330182163, 6.04901120353121, 5.957628620678739, 5.699685428425809], "bagging_alg3_obj_list": [[[[6.854248983943229, 5.496106543389554, 5.915810469838155, 5.527754342588099, 6.350019294371898, 5.9364883702099505, 5.53087509212113, 6.007910551133649, 5.814920843324832, 5.636666094936148, 5.7669442024587445, 5.750697385970112, 5.761404189423471, 5.93544212428408, 6.040297151995001, 5.693049053653879, 5.758119334741701, 5.761824870427934, 6.071639124274259, 5.977559899838341], [5.452657549866848, 5.965224421180036, 6.092528609075303, 6.114054260499671, 5.622890387471584, 5.67699973379762, 5.746247962431239, 5.713066570188381, 5.814373349789481, 5.731952675795309, 5.46939766549084, 5.788473660326288, 5.714484302883227, 6.272217642042926, 5.690293949241125, 6.288795732487314, 6.618278098381411, 5.671034768695497, 5.720426892560174, 5.623657389604773], [5.55685318457946, 5.970538441174259, 6.019596547826513, 5.529254775323501, 5.502144250514003, 6.228103983724093, 5.779121838687182, 6.08389149448175, 5.991619866216954, 6.101219249791356, 5.7695244775381465, 5.903396180608363, 5.8085353718864265, 5.636283012554047, 6.514639326087503, 6.621648578301777, 5.9819663122064535, 5.59297716460923, 6.233559514945313, 6.705220032693378], [5.489938261766199, 5.572243504323342, 6.010167364773944, 6.53406348122515, 5.942308249223595, 5.728002089276233, 5.981507175204019, 6.051899334831264, 5.539178650869732, 5.52167910659378, 5.905991311381103, 5.740944253423185, 5.893913754876681, 5.886691287279316, 6.142443253265409, 5.782832254248136, 5.494321736987452, 6.199859490963197, 5.660904927628405, 5.547937786893912]]]], "bagging_alg3_obj_avg": [[[5.879388896146208, 5.839352781090453, 5.976504680187485, 5.831341363751703]]], "bagging_alg4_obj_list": [[[[6.172695902450743, 5.704450904032768, 6.629312295655854, 5.515945960943874, 5.873722155740675, 5.924790456960656, 6.095842929681946, 6.413823197550742, 5.636884794747876, 6.407302173680222, 6.462387414937309, 5.610320092484692, 5.573564977238618, 5.567550034226212, 5.88456803421386, 5.641479851844664, 6.204938455765589, 5.564456294862893, 6.033590020257257, 5.890461321525708], [5.664612269576861, 5.91667361934388, 5.888220396557838, 6.428856044141943, 5.982158880143236, 5.78635271812875, 5.729177971360132, 6.843747909282046, 5.902038819915238, 5.524150074665517, 6.209896199125744, 5.778692116981893, 5.731310148706967, 5.402818709659771, 6.086527892235498, 5.937582149955257, 6.025141634944882, 5.879608151188214, 5.797717474974418, 5.841992822915932], [5.872913395945652, 5.756377583335151, 6.153668026221055, 5.701055628074693, 6.2117522634329045, 7.166821647102491, 5.815019671540615, 5.927132812033567, 6.26025267069912, 6.058605595063736, 5.977951122000163, 6.134005417576112, 6.362479777794118, 5.7686590979656005, 6.301898186535858, 5.8795578542460705, 5.632617391205393, 5.461075183224209, 5.676996660535098, 6.493127111121348], [5.456781182353743, 5.641723668486347, 6.358547306075076, 5.880762593377345, 5.505670429659918, 6.396017180773864, 5.66189612490076, 6.186499926090194, 5.485303965412784, 5.582003231005801, 5.677877042349511, 5.644019628968346, 5.604542464598881, 5.985438754090474, 6.176996661099748, 5.518679551321313, 5.818663623425622, 6.013464562301229, 5.910364717707387, 6.200731019817545]]]], "bagging_alg4_obj_avg": [[[5.940404363440107, 5.9178638001902, 6.030598354782649, 5.835299181690793]]]}