{
  "seed": 2024,
  "mu": [
    1.9513106050683522,
    1.9576475893864416,
    1.965538931040963,
    1.9603817427569632,
    1.966430990875036,
    1.9755149444359728,
    1.967317916631234,
    1.966789066334485,
    1.9599025240185524,
    1.9681527054147332
  ],
  "b": 1.9560541445093704,
  "sample_args": {
    "type": "pareto",
    "params": [
      2.0511813856297225,
      2.044225465696304,
      2.0356910196483575,
      2.0412526139129894,
      2.034735029652319,
      2.025099621183337,
      2.033786289705647,
      2.0343517886393068,
      2.041772445616231,
      2.032894908424208
    ]
  },
  "k_list": [
    [
      50,
      0
    ]
  ],
  "B12_list": [
    [
      200,
      2000
    ]
  ],
  "epsilon": "dynamic",
  "tolerance": 0.0001,
  "number_of_iterations": 20,
  "sample_number": [
    8192,
    32768,
    131072,
    524288
  ]
}