{
  "seed": 2024,
  "mu": [
    1.9547807900974379,
    1.9630957923073755,
    1.962222184858076,
    1.9646072095852647,
    1.9537344823047695,
    1.963061404997444,
    1.9530244513439958,
    1.953283202205628,
    1.963130174237811,
    1.9572286907930887
  ],
  "b": 1.9509628041973082,
  "sample_args": {
    "type": "pareto",
    "params": [
      2.0473608291783365,
      2.0383183147381527,
      2.0392610103325524,
      2.036691401497976,
      2.04850985106822,
      2.0383553891900115,
      2.049291021431567,
      2.0490062110464997,
      2.038281248732931,
      2.0446824354705395
    ]
  },
  "k_list": [
    [
      50,
      0
    ]
  ],
  "B12_list": [
    [
      200,
      2000
    ]
  ],
  "epsilon": "dynamic",
  "tolerance": 0.0001,
  "number_of_iterations": 20,
  "sample_number": [
    8192,
    32768,
    131072,
    524288
  ]
}