{"SAA_obj_list": [[6.125123269327816, 6.087696289117346, 6.125450573800701, 6.3062233003488455, 5.394752613722939, 6.450887834433724, 5.616453747204481, 6.2995466311816735, 5.5537227880071365, 5.687792485241633, 6.6244904074880155, 6.395997473846026, 5.70947237892982, 5.778110269151386, 6.524511240328373, 5.6184393773066, 6.804632837597671, 5.735772183097581, 5.705821510730062, 5.954107505053312], [5.946801414957972, 6.436437555501283, 5.475154979589639, 5.420457172416292, 6.202014807547481, 6.704730796373222, 6.366847214269951, 5.982402112942964, 5.36827687645788, 6.750543206599843, 5.678988920967467, 5.308951623198855, 6.006914167527828, 6.743277372712171, 6.142934428228722, 5.888017216231003, 5.709289677595555, 5.991208440883117, 5.497203409172679, 5.635645860178611], [5.3267048463686395, 5.683187205165755, 6.043225370043546, 5.335509929066784, 6.098553913053991, 6.18966436297798, 5.738267663120553, 6.51334544674022, 6.26641371329071, 5.750042414703882, 5.270763301138709, 5.32076934703748, 6.45938418928609, 5.84106456456332, 5.553168785330339, 6.692914160039168, 6.3193156400532535, 6.180772668550199, 5.611956928341301, 5.50563730827934], [5.534772288545601, 5.356651887744457, 5.339479847091513, 5.185487378550566, 5.4714279000574155, 5.230779811139085, 5.576594971050673, 5.34615434457692, 6.053948610905816, 5.787461796489575, 5.866985975147159, 6.110415761004304, 5.133752747729953, 5.446462484718934, 5.452090762711122, 5.297936387588351, 5.818603840332175, 5.651432076601063, 5.451534748601537, 6.069042230339079]], "SAA_obj_avg": [6.024950235795758, 5.962804862667626, 5.885033087857563, 5.559050792546264], "bagging_alg3_obj_list": [[[[6.874004757947066, 5.427775391877092, 6.0145289957500445, 5.423204278799896, 6.685324002258109, 6.0410845222270515, 5.415573463209185, 6.029409432783999, 5.815581054448013, 5.707932636408549, 6.07823941931139, 5.84120063809453, 5.624276850372101, 5.681054065167063, 5.688835090298538, 5.519066688500498, 5.542065563816469, 5.826789138224652, 6.0172761892732165, 6.18945685480383], [5.290073611534337, 6.058890316695632, 6.011173472384822, 5.97930089790508, 5.476089565371449, 5.786996985097361, 6.024976545225784, 5.45735828850295, 5.74393354878501, 5.391113861637447, 5.563859729326271, 5.746157901538708, 5.913532236612272, 6.188880416509224, 5.696825953230579, 5.779350839374989, 6.5226535023706305, 5.669946854323746, 5.827271357637877, 5.3028151919304385], [5.57578977530939, 5.687183414533628, 6.102864459164142, 5.530400347512392, 5.518547534838651, 6.500819139507834, 5.904972180614699, 5.852652007502824, 6.04531773768196, 6.1926029391715876, 5.719624396725056, 5.74820668469034, 5.817915814778085, 5.4004803043959555, 6.13341889738668, 6.331462384670194, 5.6431493873598235, 5.827509483131823, 6.483996348208407, 5.9546001857237085], [5.278587589209343, 5.6183802072844005, 5.985012293071914, 5.973490619327707, 5.590165937050504, 5.355282196740767, 5.772481364459203, 5.791558500770912, 5.683020539437223, 5.333830664518201, 5.775186109277967, 5.8033190453667975, 6.3214937587001785, 5.656030635570212, 6.359812473374065, 5.7765410787497915, 5.574974969811508, 5.839218116370457, 5.5586485378832124, 5.186127044410255]]]], "bagging_alg3_obj_avg": [[[5.872133951678565, 5.77156005379973, 5.898575671145359, 5.711658084069231]]], "bagging_alg4_obj_list": [[[[6.540125224742097, 5.750400668997601, 6.395499456163162, 5.442719871411039, 6.12470932674675, 5.8810969360668235, 6.040779122653552, 6.751510905467615, 5.239524484400884, 6.212546782383917, 5.9354899119229145, 5.72021029783012, 5.445795197432395, 5.475100978482497, 5.569094949655162, 5.610240434694932, 5.982320829486992, 5.604356892734462, 6.086461489672801, 5.831157120539629], [5.751540545670517, 6.124243698899456, 6.15187526616162, 6.3513234720536005, 6.281152714099235, 5.7441451130770105, 5.4866141842786105, 7.016396922888878, 5.534446174620656, 5.417567886458764, 6.411040206597261, 5.725699446372281, 5.79577124564111, 5.450172625725622, 5.981633117945497, 5.711808856956905, 5.64804608287995, 5.556949546786316, 5.778724620487723, 5.6383434109294654], [5.718265763753681, 5.721631741176097, 5.807268790576362, 5.963533196039083, 6.310029452491477, 7.5070366152919465, 5.601395221643131, 5.957238411098304, 6.23424591280127, 5.870075875928992, 6.0261099891146115, 6.320720863446658, 6.387646370474045, 5.867474651255664, 6.339992468921879, 5.5795895280471015, 5.624452113543397, 5.362404166168435, 5.593006999268977, 6.2959138088862545], [5.493180686057617, 5.3611178918763756, 6.275544664188864, 5.723919101071794, 5.32021270094892, 5.854633250054779, 5.681238146989202, 5.953356742048794, 5.438290867915187, 5.595684107094576, 5.657232093430245, 5.713699700547203, 5.601710211360706, 5.746376300556806, 6.040206780903262, 5.642731768947501, 5.788055837721757, 5.828754074445708, 5.916995583433788, 6.699869836494209]]]], "bagging_alg4_obj_avg": [[[5.881957044074267, 5.8778747569265235, 6.004401596996368, 5.766640517304364]]]}