{
  "seed": 2024,
  "mu": [
    1.9517731327982466,
    1.9583947967311666,
    1.9668265572253327,
    1.9587340469006713,
    1.9640610830784797,
    1.9711673616592025,
    1.9607621948876428,
    1.9690677894333497,
    1.96998797547169,
    1.9731805597048864
  ],
  "b": 1.9591397499450285,
  "sample_args": {
    "type": "pareto",
    "params": [
      2.0506705490414134,
      2.043411340932503,
      2.0343116793045803,
      2.043042127514643,
      2.0372786720181244,
      2.02968864016552,
      2.040840288388893,
      2.031919552898087,
      2.0309406150253726,
      2.0275585450486666
    ]
  },
  "k_list": [
    [
      50,
      0
    ]
  ],
  "B12_list": [
    [
      200,
      2000
    ]
  ],
  "epsilon": "dynamic",
  "tolerance": 0.0001,
  "number_of_iterations": 20,
  "sample_number": [
    8192,
    32768,
    131072,
    524288
  ]
}