{
  "seed": 2024,
  "mu": [
    1.9672132681129553,
    1.955202749696244,
    1.9549361474473042,
    1.9568765751916315,
    1.9586730991815782,
    1.9781737449990409,
    1.9581586787919358,
    1.955658856360981,
    1.9532971830695347,
    1.9793541145677946
  ],
  "b": 1.95254320373542,
  "sample_args": {
    "type": "pareto",
    "params": [
      2.03389814115248,
      2.046898158865227,
      2.0471904353743007,
      2.0450668622541337,
      2.0431084390014727,
      2.022313270124604,
      2.0436684675870374,
      2.046398506479461,
      2.0489908265333234,
      2.0210811239010487
    ]
  },
  "k_list": [
    [
      50,
      0
    ]
  ],
  "B12_list": [
    [
      200,
      2000
    ]
  ],
  "epsilon": "dynamic",
  "tolerance": 0.0001,
  "number_of_iterations": 20,
  "sample_number": [
    8192,
    32768,
    131072,
    524288
  ]
}