{"SAA_obj_list": [[6.748164789609978, 6.018022703484072, 5.6377342612312145, 6.022866670779606, 5.219322728676214, 5.548018814806378, 5.136102355306054, 5.840294371272668, 5.376567148193076, 5.8370647251879175, 6.805191584587163, 6.023353925852435, 5.259153553302979, 6.458710220846518, 6.976138678914524, 5.590410778199261, 6.650943058219239, 5.5681509788989905, 5.542158456270442, 5.689819249196692], [5.5701356583543715, 6.660746469498553, 6.011435546476684, 5.168543479777645, 5.912795641844177, 5.712057891771313, 5.8968093253205165, 5.345538952108642, 4.929397114095812, 6.420735727935856, 5.428651610539884, 5.2465285938516155, 5.992196415833286, 6.541672897780826, 6.130017524972233, 6.05457390153441, 5.978175702634211, 5.67808855143774, 5.171853221478809, 5.506266084463813], [5.152902086872992, 5.825500373687315, 5.8424342017211774, 5.465707611655939, 6.4696161958198255, 6.567925399324695, 5.674537918543357, 6.511763835968469, 6.359585019304842, 5.682678696431376, 5.181201426013571, 5.392341912444724, 5.943414016455435, 6.222269402969302, 5.424415887992515, 5.632937670476199, 6.0239009602048235, 6.224977415228366, 5.683407553977492, 5.333821992563017], [5.702331523073731, 4.919650850889224, 5.468963022982821, 5.055465091284276, 5.381442437289051, 5.031302980777786, 5.130564700655768, 5.031900761452438, 5.779235243605083, 5.007315345695285, 5.636823577748127, 6.314491283835174, 4.991919390412032, 5.228191123116384, 5.164364657019339, 5.070049258375231, 5.833482124588869, 5.4215203545371615, 5.166643699671876, 6.573699195012447]], "SAA_obj_avg": [5.89740945264177, 5.7678110155855205, 5.830766978882772, 5.395467831101106], "bagging_alg3_obj_list": [[[[5.9200852259075365, 5.112741657483058, 5.64635388976291, 5.049126859931341, 6.333187189656294, 5.653187298641075, 4.828316671434068, 5.765790233802857, 5.330880714689221, 5.0883973525403725, 5.708109732883218, 5.180130730299842, 5.568303395209625, 5.288533480853157, 6.427294166629846, 5.086972489802883, 5.2885583723124, 5.5798400636141565, 5.9867200901434945, 5.458392516309304], [5.0994083059592015, 6.450693090281796, 5.693376229211196, 5.7467665203285065, 5.466071717203082, 5.204027459872622, 5.883832811609483, 5.295428243131826, 6.242068804042157, 4.974053810450681, 5.280883247357757, 6.354114804956273, 6.091066757071914, 5.969890670085686, 6.01342486538991, 5.6505492483381765, 6.640660578135657, 5.876597505792956, 5.711943783160411, 5.400853418537632], [5.31707625128197, 5.428644970668385, 5.625125500184528, 5.318503206455871, 5.512296460203867, 5.797629751702103, 5.35302320719681, 6.230881686777454, 5.406702843010027, 6.131512757760487, 5.449426312709327, 5.989577886905996, 5.131678626003183, 5.794914679052466, 6.718823957548711, 6.336648298365231, 6.158406039294142, 5.3881183162796455, 6.125834177352887, 6.013725323195064], [5.672436174316168, 5.395571224616261, 5.662923742897208, 6.225591239269313, 5.1696386367038505, 5.249486186436769, 5.598698806869626, 5.540147697955896, 5.446563065797268, 5.289047719990755, 5.8975634593701525, 5.710511910317518, 6.248078470085497, 5.5166337864112265, 6.0413989780614585, 5.671647757935258, 5.406840888831628, 5.650919189639642, 5.41097867056817, 5.1778589532456785]]]], "bagging_alg3_obj_avg": [[[5.515046106595333, 5.752285593545846, 5.761427512597407, 5.599126827965966]]], "bagging_alg4_obj_list": [[[[6.095849310540132, 5.08461873239356, 5.985665438440429, 5.3702539733908345, 5.55823492469901, 5.80161049750195, 5.940518878278843, 6.5122574047524475, 5.14446840033571, 5.715415055779882, 5.534085196799665, 5.211616172614912, 5.192788934652212, 5.8016443564263245, 5.235717372971932, 5.435364916555393, 6.4236779924980825, 5.92116434775556, 6.457474356692985, 6.077388692073191], [5.7457300275228445, 6.331302729510866, 5.545871237540428, 5.717458854560338, 6.410178638921364, 5.774479780286065, 5.817324617477074, 7.137680666382506, 5.311311820616184, 5.203946826707137, 5.966033916075672, 5.161915641148749, 5.6032841698037466, 5.446824697616601, 6.588121157314838, 5.201224171912181, 5.42003680158385, 5.233046942557276, 6.102212592711634, 5.94685856254282], [5.808192228946865, 5.2006606586495785, 5.347305117761084, 5.23766048826116, 6.161811568334749, 7.710315709715884, 5.798300016927952, 5.8917266450907935, 6.630413539071494, 5.285492061503813, 5.428015825235325, 6.554597620496308, 5.358665671481931, 6.211372797081942, 6.641380990687848, 5.498700600175881, 5.278697088579675, 5.451411846264784, 5.535264750636104, 6.756884581915813], [5.41800053935914, 5.168324215088613, 5.710875750784579, 5.651585890639431, 5.255024687090772, 5.880506593586372, 5.590504981067245, 6.009129102745144, 4.870979822201879, 5.838284376586972, 5.993401738165375, 5.7129118154418626, 5.596822755066436, 5.9778064860398965, 5.921029127688535, 5.967974253221085, 5.6783068318153465, 5.595898348008654, 5.47472996083371, 5.539008585753691]]]], "bagging_alg4_obj_avg": [[[5.724990747757653, 5.783242192639609, 5.88934349034095, 5.642555293059237]]]}