{"SAA_obj_list": [[6.799154955326683, 8.015312407747103, 7.315279096578723, 7.019780436811026, 6.609061395947798, 7.468987907310322, 7.101343161103415, 6.405160996374159, 5.745405620685637, 5.992219196055046, 6.530753616913574, 6.956228812470842, 7.29651237771577, 6.766375630819239, 7.285786462589588, 6.897964372629049, 8.057083324907007, 7.053214463248388, 6.3781634244934375, 6.8944671254489505], [6.08565481650012, 7.0060567083837135, 6.77820713009366, 6.810944434433497, 7.023635549461659, 7.192308919277341, 7.045935479390776, 6.949760486485944, 5.992956585059443, 7.255111606402155, 6.475102069214681, 6.191387521264812, 6.9225657592046, 7.0253476917425965, 6.322225040381924, 6.541001062878358, 6.36896677954243, 6.6965572727303435, 5.844851009803379, 6.392688535563556], [5.921183297179455, 6.2374999727906655, 7.230248179497289, 5.728814831288226, 6.427417472843534, 7.076468744207572, 6.339410025403323, 6.5977148338485705, 6.81893833473817, 6.585598978850543, 6.555587110257227, 6.332222526755525, 6.816310950065903, 7.124940056503815, 6.176418272780599, 8.420894077964709, 6.7359774175683285, 6.78334128628477, 7.143008663721983, 6.181366191750012], [6.072138371527483, 6.213818965446862, 6.0819735495209475, 5.855574761164246, 6.160784613517607, 6.2156992146220045, 5.990348119944663, 5.853117953420812, 6.836268057419293, 6.741273871418853, 6.179239017396484, 6.522477053924155, 6.425833254356464, 6.604612966536146, 5.758823103236935, 5.869386879937169, 6.974624358613609, 7.184699587372403, 6.219279665622352, 6.529411974704491]], "SAA_obj_avg": [6.9294127392587885, 6.64606322289075, 6.6616680612150105, 6.314469266985149], "bagging_alg3_obj_list": [[[[6.399600798907959, 6.138904520411921, 6.707955481360509, 6.333709286677453, 6.398215382212486, 6.377436520580819, 6.516436965643931, 7.967110832999519, 6.6736473952772855, 6.420380913632002, 5.8309157227756385, 6.493930653019775, 6.491726932852681, 6.312642735916502, 6.428043369266428, 6.234346433104246, 6.868788906434128, 6.6013518013668255, 6.086476609325961, 6.826054150740745], [6.195685262419598, 6.687987310529555, 7.1619577037175075, 6.8460680144032695, 6.119217553322552, 6.382082437258025, 6.440709428403488, 6.15182584047467, 6.902717015692259, 6.713464583704239, 6.73685242000149, 7.291796662412953, 6.644955054217441, 6.292613429326081, 6.085647997103135, 7.439219500352992, 6.27582799194245, 6.449950612722138, 6.3473967658426345, 6.384017149143623], [6.154845874666493, 6.728872292855916, 6.256769262429473, 6.318797831279091, 6.4145982189583695, 6.286530976166933, 6.382452076001332, 6.718636424916672, 6.628783341367701, 6.0722638493985475, 6.9722806562767214, 7.618993300716606, 7.265447879187043, 6.750035936411964, 6.600519270091458, 6.231410431578314, 6.169838683184915, 6.2114822253377415, 6.803488564345163, 7.5416362532164225], [6.236652178072536, 7.428620981321398, 5.96176496461836, 7.690163165096461, 6.75751613653139, 6.467089834476202, 7.1850119000191635, 6.475896085717457, 5.939351789015224, 6.776696780222319, 7.070572128306303, 6.858691717789685, 6.0321943275814185, 7.1775422404497204, 6.563940027469279, 5.994640892152376, 6.301160367938019, 7.175383678046342, 6.819820127269421, 6.532050687679652]]]], "bagging_alg3_obj_avg": [[[6.505383770625341, 6.577499636649504, 6.606384167419344, 6.672238000488636]]], "bagging_alg4_obj_list": [[[[6.709827918285972, 6.979782809266513, 6.887323175105257, 6.6790880532279635, 6.426110962984618, 7.122908650607832, 6.368977380672502, 6.77924247512305, 6.784386066610986, 6.913744293416612, 5.958072239707902, 6.524618259064545, 5.83781423330462, 6.014031106282765, 6.64260920961208, 6.807557672316562, 6.7116653885978055, 5.900282284780623, 6.195114239399703, 7.040300358798085], [6.729795683602195, 6.017743150030981, 6.138919997889479, 6.6158446661054935, 6.279629340976693, 7.686987247723605, 6.025925128841862, 6.27674015971145, 7.623320953314523, 6.682524936312277, 5.977489555194828, 7.381900903839042, 6.005684091695822, 6.400617364077942, 6.09202935160964, 6.930722615777536, 6.962269973361178, 7.4998268674992525, 6.040403206704545, 6.182589807981703], [6.448135927139084, 6.8353490450423635, 6.61553724611762, 6.089305450568663, 7.012234960217436, 6.815552672436272, 6.392161250643209, 6.15639778931618, 6.4566033775417555, 7.331285310592588, 7.105483892028018, 6.086555896694952, 6.033459793857544, 7.354486490356688, 6.0733514361386955, 6.116912297263788, 6.646243526018059, 6.815979192652991, 6.382216276875884, 6.423097083798479], [6.367116813402407, 6.461926289660235, 6.357909224256553, 6.663310760363524, 6.654271782668303, 7.133619891967424, 6.313421896123974, 6.266787475750463, 6.458913750979073, 5.858288564579094, 6.721342164238001, 6.457803609325225, 6.179779158299544, 6.470966386952178, 6.749556358949465, 5.770698933448826, 6.646803491161493, 6.959451375791877, 6.493433331013548, 7.528723881779385]]]], "bagging_alg4_obj_avg": [[[6.5641728388583, 6.5775482501125015, 6.559517445765013, 6.525706257035528]]]}