{
  "seed": 2024,
  "mu": [
    1.9632228170031145,
    1.9705303252167403,
    1.9568724507759678,
    1.9782766822661886,
    1.9724517313542138,
    1.9573843889112972,
    1.9632729279290222,
    1.9629092110495927,
    1.978705477915327,
    1.9669833831258083
  ],
  "b": 1.9539236851394801,
  "sample_args": {
    "type": "pareto",
    "params": [
      2.038181386848072,
      2.0303645069273633,
      2.0450713668149376,
      2.0222056991928796,
      2.028328674583594,
      2.0445125401900106,
      2.0381273790699574,
      2.038519507887953,
      2.0217578449954434,
      2.0341439340637524
    ]
  },
  "k_list": [
    [
      50,
      0
    ]
  ],
  "B12_list": [
    [
      200,
      2000
    ]
  ],
  "epsilon": "dynamic",
  "tolerance": 0.0001,
  "number_of_iterations": 20,
  "sample_number": [
    8192,
    32768,
    131072,
    524288
  ]
}