{"SAA_obj_list": [[7.834016427818143, 6.947383880473961, 6.265129167906766, 7.017721605848109, 6.559993817834661, 6.106734987941448, 7.261624999100716, 6.5016152398700555, 6.132842941346524, 6.715738934395736, 6.310613810385485, 6.927179431483943, 7.324240075949409, 7.9538367407914805, 8.246373543619375, 6.70170289524756, 7.130432093429668, 7.2099243335919025, 6.758697665922076, 6.348211005135181], [6.085999167379655, 7.038690579463579, 7.0342969341113255, 6.741715578864077, 7.282980482253656, 6.653204561750218, 5.906727348408749, 7.31788082880472, 6.253414449837563, 6.695676238923484, 6.2978681142555075, 6.463181047115334, 7.257877085519421, 7.8631826970890515, 6.2837707062152806, 6.721540912902754, 6.485349367917776, 6.701918090835257, 6.257486399620911, 6.292634209189114], [6.454958154316645, 6.441491798394937, 6.788795673907964, 6.546458842628121, 7.265023456291486, 6.667279157022232, 6.189370697263082, 6.379279068625667, 7.422769560734563, 6.620220669850335, 6.604300224194215, 6.160858944662026, 6.3972170630622776, 8.10769366570408, 6.0114683457813705, 6.978145222161492, 7.543152565692744, 6.527201276948215, 7.047946536456287, 6.100376229110828], [6.093011479687846, 6.279065940272995, 5.969376128365892, 5.950634436573969, 6.639656515486478, 6.176003781516397, 6.1277405087030345, 5.953172871942383, 7.256293745504275, 6.618738932411815, 6.790690507266828, 6.693650507347232, 6.161937188076446, 6.411577952578439, 5.979610540072192, 6.153360068872436, 6.362394123650393, 7.462669744984996, 6.293042912125068, 7.544515441415344]], "SAA_obj_avg": [6.912700679904608, 6.681769740022872, 6.712700357640429, 6.445857166342722], "bagging_alg3_obj_list": [[[[7.277692342676822, 6.1955808224279805, 6.358498573144174, 6.837556327709042, 6.514245935115534, 6.02551417184236, 6.481922320367173, 6.750975483546713, 6.204066801834447, 6.296915315004905, 6.4861620264747355, 6.138196807324673, 6.581168984677273, 7.030505127200445, 6.871146061367022, 6.85921073646712, 6.771996619041378, 6.583575031764568, 7.46717356921078, 6.204713779905834], [6.5305047827397535, 6.647863037085841, 6.3054446024175625, 6.945778554639042, 6.404671214320597, 6.257682742195726, 6.7833717654719905, 6.952227487244892, 6.388274322898269, 6.696400023729256, 5.89859542892681, 7.316883851902283, 6.52108451929791, 7.509124232184094, 6.492554269649412, 7.466849737266811, 6.768628030443655, 6.193219548157928, 6.000771106376085, 6.773377939853756], [6.995230100251493, 7.09828776090061, 6.120813736241523, 6.265285605915337, 6.027569487927348, 6.3435342734851305, 5.896079241392954, 7.191320472083774, 7.272330272757708, 6.49487389058113, 6.30297287231706, 6.729716701934552, 6.255799657231093, 7.054481219601174, 6.873331739883328, 7.183108084366092, 7.341055163241693, 6.265016784954969, 6.2409108992436755, 8.359490668664812], [6.969790925091046, 6.990216923718848, 6.709917968715713, 7.414311731513594, 6.021324419355646, 7.13255168145943, 6.391680770368182, 6.605982994339913, 5.807341919303629, 6.34233970742961, 6.621111874125191, 6.15566294031349, 5.886055454460628, 7.301597576177879, 6.0529404637472295, 5.992935610979496, 6.354964957670159, 7.218984772154891, 6.563580414482091, 6.84294954884263]]]], "bagging_alg3_obj_avg": [[[6.596840841855149, 6.642665359840083, 6.715560431648773, 6.568812132712466]]], "bagging_alg4_obj_list": [[[[6.597887761403833, 6.328898246431014, 6.991508897044905, 6.578695499659093, 6.605461423283595, 7.05876287884584, 7.334355741884496, 6.425450062394235, 7.009878625919496, 6.980213683462474, 6.522950303281838, 6.367332433566084, 6.5458234043922605, 6.94630702533608, 6.909464832849214, 6.856431956520318, 6.66511185927565, 6.523791343830834, 7.230486842392304, 6.116575764247036], [6.195546007532617, 6.518414532717281, 6.011407446076411, 7.2797434921866575, 6.393211188862395, 7.144336681566999, 6.893537930052702, 6.419589671257517, 7.108820513555914, 5.804637435226844, 6.7504952909566915, 6.330545793994697, 6.83728404989968, 6.259251222653245, 6.59135823321048, 6.46061076584474, 7.41809519765842, 6.972748584706213, 6.997021273240427, 6.778502072197047], [6.8607885999736045, 6.33075003642405, 6.124939172056122, 6.370505677788968, 7.22248767338519, 6.713837822762639, 6.973433354752583, 6.594903444420012, 6.158769117639686, 6.475160810115244, 6.052646628115631, 6.20698005252928, 7.125065406494307, 7.508135539128338, 6.51895503653575, 6.735811401846171, 6.767538224666525, 6.380990162263023, 7.585329521646447, 6.670202751522947], [6.488424112435027, 6.7855073055487445, 6.806260288545832, 6.620193292916217, 6.890644870020743, 7.221961223098259, 7.048395949320355, 6.821105497844529, 6.031115024474593, 6.412036491221081, 6.126939900982111, 6.653068106663879, 6.251758793664958, 6.355774928869515, 6.595224069910124, 6.3680696904030585, 6.511320633948906, 7.431096940844403, 6.492642053313886, 7.544429320577894]]]], "bagging_alg4_obj_avg": [[[6.729769429301031, 6.658257869169849, 6.668861521703326, 6.672798424730206]]]}