{
  "seed": 2024,
  "mu": [
    1.9784176532037658,
    1.9716919621630333,
    1.96435521297692,
    1.958150536409421,
    1.9553314865477622,
    1.9569713562469178,
    1.9571255131720056,
    1.9768122936730723,
    1.9770514313781646,
    1.9730175201829543
  ],
  "b": 1.959353385016899,
  "sample_args": {
    "type": "pareto",
    "params": [
      2.0220584192502704,
      2.029132728209413,
      2.0369623003468256,
      2.04367733670265,
      2.04675708283588,
      2.0449633559794655,
      2.044795051681262,
      2.0237381393304705,
      2.023487574844925,
      2.027730723504313
    ]
  },
  "k_list": [
    [
      50,
      0
    ]
  ],
  "B12_list": [
    [
      200,
      2000
    ]
  ],
  "epsilon": "dynamic",
  "tolerance": 0.0001,
  "number_of_iterations": 20,
  "sample_number": [
    8192,
    32768,
    131072,
    524288
  ]
}