{"SAA_obj_list": [[8.656479782260183, 7.809292738378787, 6.946561493273152, 6.7027303654273584, 6.472690313806274, 7.503676388814757, 7.611946160731554, 6.7750863197408195, 6.433890048233868, 7.127654188036953, 6.749542435010341, 7.184161510714149, 7.098314323353665, 8.132050174763869, 8.427090285176957, 6.789500681133254, 8.296978054482254, 7.041884037628266, 6.5515218821758126, 7.605798166937097], [6.714372571832369, 7.8454312443930245, 7.45712642449737, 7.0516959792699305, 6.876191580725861, 6.806549322465274, 6.946842086639728, 6.960904854882502, 6.627034309332273, 7.421577649369077, 6.784759403291342, 6.9132424965652435, 7.066375669428423, 7.87605171771345, 6.389822340163719, 6.458149292015241, 7.196142787592172, 6.3943962891353445, 6.738180958638802, 6.650365996355071], [6.984811663082522, 6.242864100384165, 7.339660255838638, 6.618304795778572, 6.796573676071005, 6.748049038239641, 7.023522015667791, 7.775821250428764, 7.358778163725431, 7.332525386540614, 6.716897391070435, 6.852523648003475, 7.1968211881537165, 8.07450556843655, 6.163470773402976, 7.558688675355731, 7.7296106669046, 7.157733531525314, 7.143469898614816, 6.517262407794507], [6.7170544506343814, 6.488030629152481, 6.402005026202165, 6.399174918150379, 6.249121488915385, 6.7125442766090355, 6.001284175923474, 6.399282492192732, 7.267017010444147, 6.588157006574224, 6.708240305721728, 6.867532048650877, 6.792418516966859, 6.535985766465238, 6.251040518473772, 6.532095487913729, 6.769844851752576, 7.25931619553207, 6.466590252224391, 7.272891587827682]], "SAA_obj_avg": [7.295842467503969, 6.958760648715311, 7.066594704750964, 6.633981350316366], "bagging_alg3_obj_list": [[[[7.456964124098417, 6.825185303479962, 7.002650102604554, 7.074522024960706, 8.144476142148756, 7.061033815675925, 7.04434551808815, 7.475407563098626, 6.251355537685958, 6.6604160824838745, 7.078106202510992, 6.4333616564735525, 6.560280668344247, 6.746828690441864, 7.941466151530654, 6.662945144557099, 7.160445924645348, 7.693604005000702, 7.093669577932366, 7.325967170043425], [6.648827346429766, 6.837488888236512, 7.141405173063717, 6.818185330615612, 7.458765328579376, 7.378408184066098, 8.735065688786973, 6.8960841934280435, 6.972359238201871, 6.586708061133104, 6.605870523955021, 8.285744578786804, 7.103271071961397, 6.581759192921114, 6.563983300974214, 7.248531586512964, 7.048520304964558, 6.524815239264197, 7.263300799097557, 6.702837246763408], [7.605471753541261, 6.469497522545574, 6.668127406308354, 6.504120138447586, 6.338851824292417, 7.465569623536714, 6.589878255829663, 7.632636645029972, 7.100597150977852, 6.667301803130917, 7.17604606759525, 7.281440404885022, 6.7889985816801275, 7.351923464771422, 6.877364933820013, 6.4641740740933615, 6.859326578333926, 6.653370100779485, 7.15084125210307, 7.598076814843384], [7.161624098508334, 7.897861580749758, 7.5355748661015065, 7.195602870082923, 6.898964235153547, 6.978748408628194, 7.690651549217511, 6.929426545915643, 6.390743224423293, 6.802975371920051, 6.755176975317882, 6.776585009279252, 6.794811376430408, 7.006109034155209, 6.221099500051043, 6.683278687469572, 7.749501848089331, 7.78140752636145, 6.801480266441278, 6.849713600090645]]]], "bagging_alg3_obj_avg": [[[7.084651570290258, 7.070096563887115, 6.962180719827268, 7.0450668287193405]]], "bagging_alg4_obj_list": [[[[8.722043038672158, 7.007661437064075, 6.6049732706374105, 6.775985829090362, 8.541026786318323, 7.587887081841818, 6.91704181765567, 7.775512045491533, 6.939308551460843, 7.270700301584563, 6.7780815592948604, 7.278990125034861, 6.543678752073376, 6.9759848745166195, 7.090160416121703, 7.1176194025633786, 7.065170196321786, 7.319069950389103, 7.337686099102055, 6.881750163503639], [7.144165639980402, 6.9794789823959755, 7.184732173670111, 6.8409406012627665, 7.041683835454779, 8.14406297948273, 6.5081817574820295, 6.568805411619385, 6.9343778380826775, 7.474337716381325, 7.478616428188267, 7.31727730268661, 6.979562311424219, 7.249706655402968, 6.859923187721396, 7.651837145470237, 7.03328385016839, 7.58297363084672, 7.274885791561227, 6.609092852051726], [7.302663623138088, 7.053418234141019, 6.320427485970649, 6.46329947284857, 6.837036002332818, 6.83812450045522, 7.2047273462400225, 7.245714460540086, 6.353021416007492, 6.851770859422286, 6.818005441955223, 6.920778517557818, 6.679594909293586, 7.007496307687118, 6.449778035180991, 6.313428384577112, 6.927882048848174, 7.018593747352664, 7.658330488626294, 6.564187060923264], [7.26321301397739, 7.6973664470243435, 6.280799720214613, 6.315932793023664, 6.98437148315387, 7.334618339451371, 7.255169943165726, 6.189295772658943, 6.339716729770321, 6.43137865171345, 6.89704266462442, 6.374001630751732, 6.529978293701255, 6.296809706716081, 6.5973396284895625, 6.645553998507953, 7.155674911272151, 6.775297698112928, 7.0768978992087845, 6.730319580980197]]]], "bagging_alg4_obj_avg": [[[7.226516584936905, 7.142896304566696, 6.8414139171549255, 6.758538945325938]]]}