{
  "seed": 2024,
  "mu": [
    1.9730376033106332,
    1.9765001119457393,
    1.9743464435753446,
    1.9554296661722599,
    1.953159943932519,
    1.9752736545883425,
    1.963893108114615,
    1.9552258074280333,
    1.9532678483319172,
    1.978603854617286
  ],
  "b": 1.951029725336822,
  "sample_args": {
    "type": "pareto",
    "params": [
      2.0277095115313437,
      2.024065422795944,
      2.026328988619818,
      2.0466495184373983,
      2.049141863719356,
      2.0253532383401605,
      2.0374594356795543,
      2.046872888299074,
      2.049023106936689,
      2.021863949627586
    ]
  },
  "k_list": [
    [
      50,
      0
    ]
  ],
  "B12_list": [
    [
      200,
      2000
    ]
  ],
  "epsilon": "dynamic",
  "tolerance": 0.0001,
  "number_of_iterations": 20,
  "sample_number": [
    8192,
    32768,
    131072,
    524288
  ]
}