{
  "seed": 2024,
  "mu": [
    1.9781839126486715,
    1.975344437021677,
    1.9610641003847016,
    1.9705390737969641,
    1.961773804822327,
    1.9582482087849515,
    1.9798387161411335,
    1.9613230726302253,
    1.9727215042168642,
    1.9678526866272061
  ],
  "b": 1.9506041276113488,
  "sample_args": {
    "type": "pareto",
    "params": [
      2.0223026437761136,
      2.025278826681589,
      2.040513322264054,
      2.0303552190719927,
      2.0397455149911625,
      2.043570956702324,
      2.0205761249547955,
      2.0402330168399607,
      2.0280434797266023,
      2.0332150892558056
    ]
  },
  "k_list": [
    [
      50,
      0
    ]
  ],
  "B12_list": [
    [
      200,
      2000
    ]
  ],
  "epsilon": "dynamic",
  "tolerance": 0.0001,
  "number_of_iterations": 20,
  "sample_number": [
    8192,
    32768,
    131072,
    524288
  ]
}