{"SAA_obj_list": [[8.144031713395991, 7.499263021178976, 6.639373775279399, 6.299913792805499, 6.3758858130958895, 7.249484723259646, 6.863420874013818, 7.033348588717539, 6.411265194184383, 6.8241960100609615, 6.498143297884561, 7.456268261663822, 6.943672757550506, 7.702597074256632, 7.954018124115518, 6.5018951346464435, 7.756349941864049, 6.605544286410197, 6.406433284801802, 7.523375901018163], [6.912712640517826, 7.660032491992339, 7.351588022755128, 6.595525659181973, 6.8768321175828095, 6.928034825893356, 6.608780511825477, 6.9799634135369315, 6.63843386338844, 7.108428019299255, 6.40485446051202, 6.710467940133173, 7.17232878836302, 8.278865955026609, 6.600299090496116, 6.426725639468789, 7.347794313241275, 6.408016926627134, 6.415513298398581, 6.3685590971449955], [6.665141759461115, 6.008310881304529, 7.049009238995977, 6.597113635658847, 6.633879923425249, 6.47490057037576, 6.836786427176613, 7.429396020859532, 6.960343480906478, 6.8878126599654355, 6.447098775981478, 6.526005818773606, 7.318238513119784, 7.445463846429839, 6.128923029238803, 7.219218742974602, 7.030194971128154, 7.05802330747675, 6.687581574121571, 6.370936491946921], [6.553944937543699, 6.456505267142319, 6.297827648875607, 6.252285404262262, 6.2534694949870175, 6.361665916107855, 5.9768394074353814, 6.152912202688753, 6.6095529167747, 6.42181712291724, 6.377244816053497, 6.737619018173664, 6.451204048889835, 6.250657093259526, 6.237376938097219, 6.261677296135617, 6.418432634365278, 6.9604441157401356, 6.178704258999687, 6.891950552995287]], "SAA_obj_avg": [7.034424078510189, 6.889687853769263, 6.788718983466052, 6.405106554572228], "bagging_alg3_obj_list": [[[[7.993192585273963, 6.541197202808841, 6.617861301985208, 7.047820298232195, 7.663371969365528, 6.865179754190255, 6.702894731877759, 7.034927363124632, 6.166473618351938, 6.482402495963565, 6.779359819080023, 6.255330542245933, 6.627922007929043, 6.439508167617211, 7.767278832588311, 6.460313754110123, 7.208391334877976, 7.731200527652762, 6.89835077164915, 7.185631831990503], [6.561961230589345, 6.712291758721788, 6.69331854247951, 6.832735812449151, 7.265648691211143, 7.098021247151104, 8.338504486752111, 6.654898020012695, 6.8065184764797895, 6.144684251132017, 6.341566157196002, 7.930408502456772, 6.905461928706002, 6.592132503067129, 6.330652743549581, 6.742866339613384, 7.147474393290901, 6.469166890641038, 7.035013552268575, 6.433683114681263], [7.168344573736205, 6.259056373672882, 6.6115320865656955, 6.612507451259428, 6.352725601997042, 7.186625456025898, 6.400707407458506, 7.020542209585158, 6.45414679692795, 6.623908669231014, 7.244135640520369, 7.39663681052256, 6.58800326994211, 6.878340830076246, 7.229168123183317, 6.549334701825601, 6.8368944456847744, 6.804847332787652, 6.823018130138208, 6.998483716374978], [7.0937588977752, 7.7355464610820475, 7.47210234738285, 6.748398669711183, 6.504963068654154, 6.693920047346245, 6.941459417891123, 6.913105912641717, 6.179537978278105, 6.589067112203212, 6.853216271110941, 6.545640950097731, 6.658669554137627, 6.607430888017182, 6.325981964857862, 6.9704606898978785, 6.523914312367047, 7.498515295051979, 6.411273411910684, 6.348387087108576]]]], "bagging_alg3_obj_avg": [[[6.923430445545746, 6.851850432122466, 6.801947981375778, 6.780767516876165]]], "bagging_alg4_obj_list": [[[[8.141173499462697, 6.779983583972639, 6.719578151301597, 6.6521467668321765, 8.307697404477487, 7.037816401236513, 6.556451929469457, 7.356768425164071, 6.4516804211934256, 6.585774706747227, 6.423203152383281, 6.777564978220714, 6.292142668967431, 7.034228506716568, 6.8335275279365195, 7.115307338905497, 7.337188172867, 7.138507088934499, 7.017315577542492, 6.991356313772522], [7.097973378769813, 6.781769537742689, 7.176163666222957, 6.522962525003484, 6.583390487016132, 7.733440968560548, 6.556959901682989, 6.396421594539975, 6.389013647181371, 7.073221964977304, 7.860836106733574, 7.425089755983059, 6.566445508200826, 6.994958660397905, 7.074237560600852, 6.339248008701145, 6.535428857334056, 6.865703138935676, 7.457105176170582, 6.7449662724967965], [6.868759521240408, 6.792765802882506, 6.327186390147985, 6.808963698624322, 7.047402428029668, 6.644685915933983, 7.127204764526668, 7.1404888462796805, 6.654236767470095, 6.865567491809151, 6.7928450530744815, 7.077281642162742, 6.923336614078909, 7.690428252605237, 6.727848618594027, 6.209422193537854, 6.82813379833415, 6.764871535569899, 7.0810503092259145, 6.750130164959226], [7.281506126357893, 7.273237444549392, 6.102882392951643, 6.742019389858178, 6.350291667112408, 6.889271461089615, 6.885085795319213, 6.093803919601415, 6.273531776888839, 6.288839095325611, 7.024001751807963, 6.6514025409218, 6.791141403176998, 6.3599458648904115, 6.796487471447651, 6.376031200669028, 6.754203636890999, 6.691136484069461, 7.1295583430136364, 6.088679082025758]]]], "bagging_alg4_obj_avg": [[[6.977470630805191, 6.908766835862588, 6.856130490454345, 6.642152842398396]]]}