{
  "seed": 2024,
  "mu": [
    1.9755859477985795,
    1.9741103370533655,
    1.9700819277335164,
    1.9718894503282425,
    1.962463855257322,
    1.9559574630480001,
    1.977703712351458,
    1.962659796984749,
    1.956194371943596,
    1.9743363543086543
  ],
  "b": 1.9549197678651007,
  "sample_args": {
    "type": "pareto",
    "params": [
      2.0250250142045516,
      2.0265777519874693,
      2.030840768610527,
      2.028923608196656,
      2.0390000565087636,
      2.046071649267294,
      2.022804748889536,
      2.0387885763300893,
      2.0458124721727478,
      2.02633961627097
    ]
  },
  "k_list": [
    [
      50,
      0
    ]
  ],
  "B12_list": [
    [
      200,
      2000
    ]
  ],
  "epsilon": "dynamic",
  "tolerance": 0.0001,
  "number_of_iterations": 20,
  "sample_number": [
    8192,
    32768,
    131072,
    524288
  ]
}