{"SAA_obj_list": [[7.860853577070299, 7.181924812770507, 6.182235673710841, 6.910287606097269, 6.027028710543246, 5.877462528125447, 6.082368961265906, 6.977729066559644, 6.2497964789057745, 6.933828902776872, 7.075133789479816, 7.614143734976444, 6.015057560306896, 7.5831400340654165, 7.3363846730051865, 5.806380483020445, 6.988437318315639, 6.4810776510354895, 6.478668368380198, 6.90791993427155], [6.56094476839764, 7.066693325294867, 7.049067788245051, 5.860929118144343, 6.604427836966633, 6.62067426321873, 6.176159780925379, 6.396884976738673, 6.19432015808464, 6.704750897782439, 6.363575716085153, 6.352672002707987, 7.434282878650805, 7.521146080188438, 6.611818606409837, 6.234385445245816, 6.605799661536796, 6.627739462557495, 6.0827371040140985, 5.906715173456313], [6.260349806576465, 6.298755964970021, 7.05028368010252, 6.4951744830368705, 6.744021673572309, 6.644864612851849, 6.217300934905078, 7.233677627063787, 7.235754791092237, 6.532688473403831, 6.135106366325643, 6.157921339301025, 6.600949827143172, 7.074297082194565, 6.195243477411214, 6.006358463261124, 6.863253602344671, 6.496388642552376, 6.590404000236944, 5.939065743196691], [6.390062097644087, 5.744214393559792, 6.119707211943602, 5.8280890532928185, 6.038976153268529, 5.950991501861825, 5.702883481035898, 5.89067791513537, 6.38995575556181, 6.131582681187231, 6.199104777858725, 6.92198500621733, 5.861709769611242, 5.749373088824981, 5.990434154777802, 5.888124384439246, 6.095848083953045, 6.948218465601623, 5.772652880703918, 7.205469045790169]], "SAA_obj_avg": [6.728492993234144, 6.548786252232557, 6.538593029577119, 6.141002995113452], "bagging_alg3_obj_list": [[[[6.76448364794778, 6.445204663443697, 6.459257611247918, 6.74141160494148, 7.059482791574507, 7.33234287739295, 5.635308373544798, 7.113691457297415, 5.977226885520207, 6.0674318236004545, 6.298526780559438, 5.675541416002509, 6.135371891451921, 6.096081598457193, 7.170470662896558, 6.196687026159409, 7.157791640294887, 6.631392723648189, 7.202389347065911, 6.7828466006513395], [6.294052171913412, 6.813651894575541, 6.040085770750256, 6.654961765422523, 6.991062613048431, 5.794800385866465, 6.923037673478997, 6.076414685153926, 6.5621196314594945, 5.6602978343729395, 5.859811526508331, 7.059039159258692, 6.589668653716251, 6.593758446734724, 6.634695634228683, 6.760565314519009, 7.21149911843416, 6.595155928065619, 6.258265984616394, 6.121733085373884], [6.645281758161528, 5.914909896873632, 6.898122366049179, 6.166264675305467, 6.126774810392164, 6.400098700496703, 5.945076327369687, 6.979919090078107, 6.384107456318148, 7.276484556975666, 6.243830434965645, 6.599184426448401, 5.661613696805634, 6.45980044500471, 7.530588725109036, 6.847280095470417, 7.113363188719954, 6.779327473346426, 6.878204991605801, 6.775832515210468], [6.712992904107418, 6.468596222135522, 6.833715500806038, 6.606851271373745, 5.683438310939958, 6.624313338094293, 6.663345947007224, 6.29636026937791, 6.067721637523208, 5.984425839781835, 5.819272406200059, 6.346077893855702, 6.787376156949906, 6.717077714194968, 6.218156536936465, 6.814866823697892, 6.591733838305782, 7.004102799901996, 5.845155200500225, 5.969240216248463]]]], "bagging_alg3_obj_avg": [[[6.547147071184929, 6.474733863874887, 6.581303281535338, 6.402741041396931]]], "bagging_alg4_obj_list": [[[[6.641002817722485, 5.70384334667575, 7.0268797623729, 6.113552208424862, 6.975797836113414, 6.525530784792174, 6.317593957781034, 7.66686817352585, 6.069675543873187, 6.0339957083173585, 6.2907277251974785, 6.00881571254732, 6.032186209240861, 6.8999496796955215, 6.9017792714958475, 6.8594681948197715, 7.2684207432925385, 6.730143622437209, 7.302810639908962, 6.367563820725362], [6.289642419999188, 6.940399569130974, 6.28956286869036, 5.889993577950324, 6.882107716701782, 6.578898204778616, 6.610021361860419, 7.446882373399342, 6.013045782644929, 6.6519290476690776, 7.403329680878574, 6.449043274161527, 6.271002250681694, 6.732741965004584, 7.019692370206446, 6.983355723862435, 6.2254972385926415, 6.4463062872657835, 7.206998563955599, 6.500199025140308], [6.231711615530203, 6.241706092054068, 5.845765253999559, 6.145188523426064, 6.95523714607994, 8.04032134429143, 6.684400385684143, 7.240363368348945, 6.982855021012034, 5.99168589527378, 6.450220654483653, 6.978326571953675, 7.296564561286833, 6.899297173520228, 7.266613686609147, 6.450887988585407, 5.964003526019333, 6.3989857669536185, 6.336858327114267, 7.637833124976483], [6.294388953888405, 6.605154473771174, 6.286107671721511, 5.898565874720056, 5.933239677912159, 6.54356235060774, 7.103251950653877, 6.303657421481402, 5.743188401141277, 6.516712633677737, 6.526014117017972, 6.513728223776601, 6.7545578575410605, 6.195371461934778, 6.238618800440401, 6.060764016638146, 6.267219478911306, 6.520706258405852, 6.506078018980598, 6.441999709174702]]]], "bagging_alg4_obj_avg": [[[6.586830287947994, 6.641532465128729, 6.701941301360141, 6.362644367619838]]]}