{"SAA_obj_list": [[0.3676445225497358, 0.2990047359595628, 0.6843616318430704, 0.9715360712962363, 0.52419826351582, 0.34562456736840336, 0.28069335202103146, 0.44196680024166646, 0.4396625640183966, 0.38580975869039, 0.23231275246876645, 0.3579695094512048, 0.8573677849697203, 0.7558429565291995, 0.4008460352734521, 1.2236013856867423, 0.7598922614031876, 1.1617562204021485, 0.32562239919202574, 0.2670112238590189], [0.24983373702093023, 0.7314934214880883, 0.36648430249650105, 0.2856219570052432, 0.5922466866265201, 0.27714563278757226, 0.5338303661406004, 0.3661292505074431, 0.3196727931849044, 0.4529383977026731, 0.5113998259419676, 0.3171067379739748, 0.5643678628018307, 0.46868724464741496, 0.9184648884529518, 0.6229740359669858, 0.27903401515083603, 0.5192282157386285, 0.31056519542367256, 0.45994086788088095], [0.36820357132179804, 0.3819559004513774, 0.2314101656542749, 0.40660606774366287, 0.38270258774081306, 0.5096404677026863, 0.3953473865685907, 0.45842483894470787, 0.5676885420283622, 0.2404313904675432, 0.32971081764805044, 0.22206091829211907, 0.3584328634829353, 0.2453625210673448, 0.5568957253745647, 0.6069230936742991, 0.24375296453057782, 0.5567093293370424, 0.539591077206869, 0.26406342258764065], [0.2571565310340966, 0.2341863879791532, 0.23404856637192667, 0.4167146772844224, 0.2570080284303682, 0.22696391780758018, 0.23880154208327553, 0.35816385668703127, 0.276545926421671, 0.2605506238086573, 0.2405935311734275, 0.2864522435689005, 0.32790331900517133, 0.2660921258853956, 0.3294823007718252, 0.41440748208754724, 0.3088551438198229, 0.2909772030425593, 0.32309866349656674, 0.29820217578915753], [0.22629093392139904, 0.25522792137055733, 0.3127572532299502, 0.27226731364269957, 0.3286177968561998, 0.25331959142453536, 0.24725195500785185, 0.21989995967032627, 0.28852055673328675, 0.21759829144764792, 0.33659731055624575, 0.2650036671243928, 0.25697741715489847, 0.282794850948634, 0.41526992190552015, 0.25330899235599635, 0.2899781172692943, 0.22416147255721924, 0.28543068979017416, 0.25289702813581655]], "SAA_obj_avg": [0.5541362398369889, 0.45735827174698096, 0.393295682591263, 0.2923102123274278, 0.27420855205513234], "bagging_alg3_obj_list": [[[[0.43000874499744074, 0.25384951295069236, 0.5730088645071922, 0.6677477582616045, 0.8125545270986261, 0.28340226247160444, 0.4132425767005766, 0.9504533697213795, 0.6357271727081527, 0.27676216352213817, 0.4188808698978745, 0.24083841718250937, 0.8149609925351916, 0.25626440168296777, 0.786118515505701, 0.537660310780124, 0.8146791237123572, 0.4847209381777802, 0.3115058289669993, 0.2562054554999123], [0.3243698275650899, 0.3903971490122592, 0.36215594643420324, 0.27256574008887335, 0.5273754475102364, 0.2897895903084645, 0.5265789757043408, 0.74254031285689, 0.32586070245251464, 0.3254086169073784, 0.2710069721278886, 0.4729065992780528, 0.31552390977781797, 0.5023685519306964, 0.9080350106720151, 0.458258390903229, 0.3647069729464919, 0.4250620621048708, 1.1042647242643981, 0.43364128993355616], [0.7076776545827337, 0.3068089571124542, 0.2710908281788194, 0.3398529581025563, 0.5116986203740275, 0.44471262625650204, 0.28515484137909797, 0.4576073977687785, 0.3627594765749975, 0.2613340260377181, 0.7762328944082879, 0.28074799164364556, 0.4065040842990057, 1.052128054499951, 0.3416471061450472, 0.2851316855095314, 0.24069520102524175, 0.324425808308228, 0.406031798359196, 0.5442027704585398], [0.2877637595491899, 0.3128764391101179, 0.48155600289768163, 0.27533360702686915, 0.509320685918506, 0.29851800159962494, 0.35460583651628874, 0.36139428665596873, 0.5480748893054133, 0.37303430763555817, 0.2946571971713791, 0.5287487165324869, 0.3855373964948666, 0.265196493347649, 0.4669798643183443, 0.42948206927490595, 0.4284484378415215, 0.27787822373881454, 0.3819189635186441, 0.30182837880036706], [0.3983387766348065, 0.42810350205290176, 0.3438672082521598, 0.3143857108001894, 0.31975278938553386, 0.5240248594177191, 0.2851930395961413, 0.3530323191635667, 0.29631052783082773, 0.3037546497345852, 0.3279409857851516, 0.27441576009916646, 0.43088277748890236, 0.275489942547364, 0.4204217869858936, 0.34316910476748924, 0.3806229611647959, 0.27381513467842583, 0.27721110454615533, 0.4123331600552839]], [[0.5656894894539132, 0.23875834939121876, 0.547212180576657, 0.733049530523048, 0.4238863471466588, 0.40798527862009126, 0.34420199778392346, 0.5278179100856427, 0.5154622756790275, 0.3129535676209686, 0.5448137784462476, 0.2887004751531957, 0.8894106354016672, 0.4433761892610152, 0.4550562164877232, 0.4159352095315213, 0.9354461780965845, 0.40716100902918084, 0.4866445132103565, 0.35088110441211107], [0.38143786118248085, 0.481468490290912, 0.23431138424849846, 0.26885683287503426, 0.4420082100992898, 0.2917069133965495, 0.32473862687199617, 0.6646597344377545, 0.4618077038272198, 0.3397154881349611, 0.5295574648458907, 0.23019169340546547, 0.36490411944141526, 0.42010958441126184, 0.8800526804198162, 0.4486995921318151, 0.28568280164351467, 0.5164060187030651, 1.1015357197020412, 0.43774288005022977], [0.3802615294646539, 0.28973961981764307, 0.43325131119691457, 0.44014499374150406, 0.42105811119180375, 0.4252249630710165, 0.304670512344417, 0.634449289990929, 0.5387301164059717, 0.2806759992883278, 0.27997534297077215, 0.4362858698510418, 0.5890518404087614, 0.4487531089728398, 0.4613829329703273, 0.8341877435357633, 0.24234913575819195, 0.36239773927481406, 0.6071223752821608, 0.4736652123886201], [0.37702518344752184, 0.5712434429323685, 0.39911713333819354, 0.3694673655356311, 0.45864801566521374, 0.30237347221588484, 0.33300521640561853, 0.3528017884062073, 0.2981251168867809, 0.24640396799691128, 0.2985713253035308, 0.44065277472977593, 0.3486811770186715, 0.32602859066346207, 0.4544535160175574, 0.23822160054207467, 0.508934458985993, 0.325316092043316, 0.27300352282795165, 0.34403132929965363], [0.3727083057692883, 0.4781103365654553, 0.27605236359993107, 0.38963526765258183, 0.31774719395793444, 0.47711253751066507, 0.33980774694061033, 0.27141543453781936, 0.30232210317831565, 0.3041057090256735, 0.2868305574366328, 0.32738574739823695, 0.34445059341237066, 0.2612000079792494, 0.3770326013351617, 0.3468252716282365, 0.3697153719764017, 0.38738268048163776, 0.32809057191216806, 0.26486324284143875]]], [[[0.9671302632488574, 0.32693688404842247, 0.9510605459059734, 0.9358571038203772, 0.7729169369720642, 0.28737264252297834, 0.3059462527500887, 0.41727721306467247, 0.5585822547983075, 0.4350729125420941, 0.546695100318764, 0.3309115096132385, 0.9770155631989924, 0.2872607470335689, 0.7790884552024744, 0.6560505785677844, 1.1115564831419154, 0.49457866416502655, 0.3130263198150391, 0.25694744096344363], [0.6329837113301415, 0.326773456615589, 0.24668744278272378, 0.3570010033653418, 0.4103115983501687, 0.36402252206297486, 0.6205740557101842, 0.7113949079321055, 0.4572688385627517, 0.42457478808882426, 0.5564568965608357, 0.29426065077842284, 0.4507606839705711, 0.6064571831338068, 0.6627650217235483, 0.45205931823644974, 0.2410105751646397, 0.3024936629875082, 0.6539228319576008, 0.33299474217278263], [0.46725340446250735, 0.33226315885277097, 0.5641914038817059, 0.25048976324776484, 0.3425348003273294, 0.39765391942398914, 0.29388786883792556, 0.39602436254467177, 0.5201155609253371, 0.25738025004106385, 0.2816089398338971, 0.4115481112904558, 0.6470668377712735, 0.3810580022588068, 0.6518234382688841, 0.5110705305345149, 0.27918518802424996, 0.5392625283324115, 0.42219396291544214, 1.0339138350109587], [0.34102116163191165, 0.3894995359573069, 0.41684145027706765, 0.3310160555686238, 0.3332972796353509, 0.30478300955728926, 0.3192349913447205, 0.38782233244539827, 0.26005861974075806, 0.48001170710479557, 0.3600256653084798, 0.47814368860695045, 0.4944876460755841, 0.49754807668719364, 0.3831671490505231, 0.3599314609531485, 0.3320932824356626, 0.4200249334658848, 0.31843635676266085, 0.2562761596054311], [0.39866658926352, 0.2988564621156047, 0.35531372630548697, 