{
  "seed": 2024,
  "mu": [
    1.374427262687148,
    1.6061513087324466,
    1.520426985496385,
    1.626581618729032,
    1.4470099919040902,
    1.7352666759760929
  ],
  "b": 1.4046504351603735,
  "sample_args": {
    "type": "pareto",
    "params": [
      3.6707456952341313,
      2.6497530989269826,
      2.9214991302693436,
      2.5959612764070794,
      3.237086459164784,
      2.3600507580089416
    ]
  },
  "k_list": [
    [
      10,
      0.005
    ],
    [
      20,
      0.01
    ]
  ],
  "B12_list": [
    [
      200,
      400
    ]
  ],
  "epsilon": "dynamic",
  "tolerance": 0.001,
  "number_of_iterations": 20,
  "sample_number": [
    64,
    256,
    1024,
    4096,
    16384
  ]
}