{"SAA_obj_list": [[0.1866504490957692, 0.13831803208476606, 0.21129168416831764, 0.21032878586605486, 0.21116359302189724, 0.133461588749751, 0.14891704128212516, 0.15671461579909424, 0.17881737679220389, 0.20450824753044652, 0.1603321856252162, 0.2203209062010111, 0.17750931422653812, 0.20604530927239464, 0.15047639014470765, 0.18368513898652625, 0.23601349914622016, 0.14260818655341212, 0.20606015062559468, 0.1808581715721408], [0.14306396915615321, 0.13761595535447121, 0.1626472386396264, 0.14791099099773253, 0.23403400847079892, 0.14176520071137777, 0.13352278352420222, 0.1596460820751828, 0.1894486626946627, 0.1354541405824023, 0.15396570846669286, 0.1382390756903053, 0.15942368962477177, 0.13353067714019673, 0.18555193880764212, 0.20877640603406145, 0.1432860977673009, 0.1383853232653931, 0.17525295299214635, 0.14106573744791945], [0.1325298046809321, 0.1298693600583634, 0.14085906461371192, 0.1375127195221844, 0.13305856732390114, 0.1369581602251902, 0.1387165442515132, 0.13617106106754917, 0.14940735410177486, 0.13113512437483626, 0.1434313681138578, 0.13120002367101258, 0.1326834840219789, 0.1471289246490225, 0.1336291583744897, 0.14523233845212277, 0.1758544221041145, 0.13613037900038355, 0.1291097582905688, 0.1634647254398911], [0.1313116969845151, 0.1381696936145026, 0.14196859383114682, 0.13736236679198865, 0.1285326169698058, 0.13951900247415888, 0.1349756060185301, 0.1293331673386617, 0.13519315489407505, 0.13668404444460286, 0.13056916025705634, 0.14183707072982404, 0.13322156217527648, 0.13110185844257108, 0.13430801660251157, 0.13890224007247295, 0.13629695383721344, 0.1378908567659639, 0.1364294774990253, 0.1295719009601874], [0.13019048979138825, 0.1291670941158763, 0.128791158071291, 0.13357843784781354, 0.13143973392145697, 0.13272518907514444, 0.13226615002370962, 0.13065356424049332, 0.13029675225072934, 0.1302340248989971, 0.1346427495557516, 0.12908856858154474, 0.12860347583813345, 0.12996905375784853, 0.1324548604575258, 0.12831403313947345, 0.13578474306157434, 0.12932259586736847, 0.13146063539722408, 0.13239159596129232]], "SAA_obj_avg": [0.18220403333720936, 0.158129331972152, 0.14020411711686995, 0.1351589520352045, 0.13106874529273183], "bagging_alg3_obj_list": [[[[0.15138079928939235, 0.13583631671730753, 0.22588486457212098, 0.18523381615561468, 0.21141064806776524, 0.15478214715924826, 0.1510462733938048, 0.1415121319497266, 0.163256915663903, 0.16263607724878587, 0.1461913646070702, 0.20399155106003722, 0.19704184041413675, 0.23306153480711628, 0.1404225847215285, 0.1690392220436141, 0.136228126254773, 0.16044434419521708, 0.17606905756500488, 0.15047771855380418], [0.15129549117227106, 0.1451396298624504, 0.17008382528062627, 0.1557884315894886, 0.20134574782797918, 0.16266616503784176, 0.14899113371899145, 0.14632176470154815, 0.16657346547982804, 0.14922424800172177, 0.14000802536144116, 0.146787708586873, 0.19929777024772574, 0.15415154621733004, 0.13806848106116404, 0.24167871073620262, 0.18769841508496432, 0.18409285753529187, 0.15200627015464574, 0.16578055599857502], [0.14203909163216122, 0.14295306621192275, 0.1741219657468085, 0.1477623978108982, 0.13889966381328267, 0.14017049257113612, 0.1462686245999435, 0.13467222527800732, 0.14738481226040032, 0.1467346041148211, 0.1418706175061895, 0.1489105534658683, 0.14044685540500035, 0.2137183922466638, 0.15773074600682482, 0.14323543619486495, 0.13793963409615795, 0.13919384631637086, 0.14264578514980406, 0.1468748277664058], [0.13194134815501934, 0.13679405405034253, 0.13715011060217852, 0.12907193258848657, 0.13531382186055882, 0.13221023367271903, 0.13998134908482596, 0.13734900061898858, 0.13360147326541522, 0.13413737628209527, 0.15705626024444352, 0.13723943995548812, 0.14616842204820113, 0.1377583325748185, 0.15406223247556194, 0.13760119823638445, 0.13861318987179655, 0.13348077496993466, 0.13635404868637332, 0.1415007798843333], [0.13052013999716103, 0.13100783469044827, 0.133960081612902, 0.13040151175371636, 0.1343038851929386, 0.13849086473819294, 0.13357501699423066, 0.14014804143791085, 0.13298187701479813, 0.1297353515954706, 0.13264524671773087, 0.13166141738706882, 0.13387795985682355, 0.1292833416781237, 0.13634173782216538, 0.13414771894687053, 0.13014873567108382, 0.13576515439742823, 0.1413936559572101, 0.1333343702780634]], [[0.18154714783567646, 0.14024237864468905, 0.23799489150923303, 0.18506670870520825, 0.22350144976216058, 0.14163148440045886, 0.1492525387688473, 0.1453548527405928, 0.2141326111303551, 0.17130714723187848, 0.16347697367911534, 0.1931425888044641, 0.1883428557786225, 0.2046592777251242, 0.14863132480443025, 0.17383709743378303, 0.15638789475464288, 0.13543962684540797, 0.1580757737518451, 0.1445884532141948], [0.15054334393616867, 0.16116615001216994, 0.20066865009488033, 0.16872318315518314, 0.23177590827915207, 0.14476092091307863, 0.1447869533892358, 0.1462601521831176, 0.16227356771401275, 0.14303573296241945, 0.13375296714299661, 0.15979387859460553, 0.16199487500921822, 0.13709232691924314, 0.1506578724018863, 0.20741650225183897, 0.14093729487570095, 0.17870173743383896, 0.15245129144540068, 0.1463501559135378], [0.13108896559675137, 0.13473681009825872, 0.13234159555419228, 0.13581343131548207, 0.1338533321762997, 0.13956015646538106, 0.1515594393104235, 0.14014960791243822, 0.15190433327687447, 0.14021184960438549, 0.14395605700671563, 0.136785739451549, 0.13967339440456464, 0.19932836527479209, 0.14610788864647725, 0.14078854222989565, 0.14797380642802152, 0.13591129084985812, 0.13082642419080587, 0.13748187760364022], [0.1356907586727457, 0.13424188287300604, 0.138105896576195, 0.13628301954672034, 0.1446445725013042, 0.13067835489851004, 0.14587125371482357, 0.13263424739449206, 0.13356226764624912, 0.1432768848742862, 0.13149875625998655, 0.13677169458711264, 0.1313209675628229, 0.13035384151582924, 0.13904982320255801, 0.1533581231040503, 0.1364976878824774, 0.1358507178968274, 0.1339117256309812, 0.14041762948695033], [0.1312837166833142, 0.1319913639800117, 0.137505609747738, 0.12935853220638927, 0.13033608971771735, 0.13401288568159508, 0.13656359506728513, 0.13169606802453862, 0.13215744019616726, 0.1309299392324101, 0.1310416825513494, 0.13162831906064043, 0.13031626364546947, 0.1308061786150069, 0.13449132688513676, 0.12783241452870892, 0.13159104634813418, 0.13484397181109986, 0.13559625814813953, 0.1344768615460185]]]], "bagging_alg3_obj_avg": [[[0.16979736672199858, 0.165350012182848, 0.14867868190967665, 0.13836926895639828, 0.1336861971870169], [0.17283065387603652, 0.1611571732313843, 0.14250264536984034, 0.1372010052913964, 0.13242297818384352]]],