{
  "seed": 2024,
  "mu": [
    1.638766837096446,
    1.4934079448152502,
    1.7307635607519782,
    1.5153719640916803,
    1.2116426793978845,
    1.3012504700733178
  ],
  "b": 1.3709936284528506,
  "sample_args": {
    "type": "pareto",
    "params": [
      2.5655164637938337,
      3.0267205068504444,
      2.3684316702531927,
      2.940346137691938,
      5.724944906410005,
      4.319496894914792
    ]
  },
  "k_list": [
    [
      10,
      0.005
    ],
    [
      20,
      0.01
    ]
  ],
  "B12_list": [
    [
      200,
      400
    ]
  ],
  "epsilon": "dynamic",
  "tolerance": 0.001,
  "number_of_iterations": 20,
  "sample_number": [
    64,
    256,
    1024,
    4096,
    16384
  ]
}