{"SAA_obj_list": [[0.07207178455986248, 0.08143505861713808, 0.07529755023923775, 0.0722250845861744, 0.12358040801038113, 0.07845918263264079, 0.07413860019300235, 0.07038483308276672, 0.09555081393368764, 0.07784057273631081, 0.08319547796235913, 0.11528148020123445, 0.09239860704725211, 0.06919233696172267, 0.06749875491253052, 0.07049351208815001, 0.07580856098963118, 0.07096439039552488, 0.09241250876760818, 0.08734868009328219], [0.07260236799039746, 0.0815780336572026, 0.09181062511029618, 0.08970355884662135, 0.0789124290712888, 0.0737188601189449, 0.07091935177909843, 0.08179366238867423, 0.0755650524989363, 0.06931950859848839, 0.08528973407725338, 0.08389751535348171, 0.06994172990016279, 0.08105480933503133, 0.0914147155309598, 0.0975261926891067, 0.06821131593896035, 0.07116223703756985, 0.11423378132430051, 0.0704740756445793], [0.07552721616030421, 0.07227122178473572, 0.06912973316507959, 0.08373178021824239, 0.07556443108990958, 0.08690983441037962, 0.06789336305334394, 0.06757411557243123, 0.0803469174261112, 0.07417248178336536, 0.09170911537719362, 0.06976941013464662, 0.0685752549726174, 0.07087055012933124, 0.06796242624219977, 0.07825433971671203, 0.08690286466946191, 0.07073380680484087, 0.06920288191028214, 0.07271401826132204], [0.06906815849917639, 0.07007447062983037, 0.06787422135758675, 0.07859371014273198, 0.06888037408938445, 0.07793126709472084, 0.06726324632654557, 0.07018703555048511, 0.06700656168116963, 0.06848870069202807, 0.06755882321668899, 0.06993222578184431, 0.06815570020307224, 0.06815993915263369, 0.07074158725054362, 0.06877702484942529, 0.06799653101866734, 0.07270813204827879, 0.07136857733252662, 0.06634288817817478], [0.0672605985235585, 0.06678395280555863, 0.06848780707726773, 0.07097421028579123, 0.0683295365399923, 0.0681062615614246, 0.06730123562192322, 0.06979012163757986, 0.06693127155968265, 0.07034569863881089, 0.06881206933465914, 0.06739905476033438, 0.06767583929240756, 0.0686955405343073, 0.06806751913062219, 0.06672030049883157, 0.07497376212843913, 0.06695806600898302, 0.06831303087139433, 0.06796576014894627]], "SAA_obj_avg": [0.08227890990052487, 0.08095647784456772, 0.0749907881441255, 0.06985545875477574, 0.06849458184802573], "bagging_alg3_obj_list": [[[[0.07525099302214366, 0.08390881469998085, 0.09136209177968686, 0.0781797393357349, 0.1128197986913791, 0.08507731820493299, 0.07263504024690293, 0.07263495553974256, 0.07432486158822234, 0.07529646021997555, 0.09078112072814852, 0.09191087123253219, 0.09167062880639096, 0.08244051443672899, 0.06936747717693154, 0.07179102952795757, 0.09254108198383926, 0.06898683276024746, 0.11441125573139868, 0.09209247555774532], [0.08367599281559705, 0.0689266991329819, 0.08180983282812924, 0.08818921875562162, 0.07846918459207461, 0.07392328610085516, 0.09337124460956531, 0.07744214889955767, 0.07888075788352392, 0.09478884157656293, 0.07238067504251433, 0.07469920629494656, 0.08303995561319819, 0.07345417054399608, 0.08143031422687097, 0.10063773005262558, 0.06740482365709495, 0.08441128831501789, 0.09127759720337501, 0.08799495949310236], [0.08411369793777612, 0.07732685057541262, 0.0820899040176965, 0.07800841768744748, 0.07572465115205827, 0.07387402295875635, 0.07323210699762771, 0.07320152184434942, 0.0820652883890868, 0.07711601058029174, 0.06904556644065882, 0.07179586911771614, 0.07376336654944651, 0.07557553928542837, 0.07326879359355717, 0.06862605711689548, 0.08190733251596828, 0.08649009448411403, 0.07984029379269231, 0.07891114743258658], [0.07156720600120814, 0.07013332202865251, 0.06655186571013026, 0.07337377605690484, 0.0715745451391037, 0.06788765166253642, 0.07345746717673662, 0.08306996349042065, 0.07029556497432529, 0.06740788011155678, 0.070788804589328, 0.06757370543443975, 0.07156800482817025, 0.0751566994283668, 0.07730579554385822, 0.07939386272907809, 0.07225219334899133, 0.0729524246357206, 0.07741341280282707, 0.07104892739331689], [0.06759966380483559, 0.07135904904977383, 0.06675721258029425, 0.06616535321158248, 0.06791008675233395, 0.06734260311807376, 0.06721295878525047, 0.069438129562613, 0.06915608628379555, 0.06852766131409112, 0.07157351597339523, 0.07150322579314185, 0.07253237268105327, 0.06961078903206677, 0.06932884731060487, 0.06881262097686132, 0.06850505871498423, 0.07332959277397788, 0.07008894863157555, 0.0714238136398031]], [[0.07653436881279214, 0.07763691148443648, 0.08462832438521073, 0.08303894994534544, 0.10918772129965487, 0.07508944519573124, 0.07441619552544428, 0.07919880502220872, 0.07534862690354942, 0.07338361815443306, 0.08178073236913902, 0.09545107508619327, 0.09581238826908108, 0.0843944386272289, 0.0748634850653835, 0.07252468027240316, 0.07311936766347898, 0.07586693904289625, 0.10084841729416237, 0.0886155980998683], [0.06878394100979143, 0.06983240147272106, 0.08739011476310189, 0.08903848343798629, 0.08246127829618595, 0.08353579629987157, 0.09806204562053414, 0.0686668281079783, 0.07478175311414677, 0.07629681336504734, 0.08835945989912658, 0.08821952068224415, 0.09492554598308697, 0.07115364293261534, 0.09478469043182797, 0.09875779582418043, 0.06902638660886992, 0.07697065185143578, 0.07469002478928476, 0.08398125993456668], [0.06945480960474806, 0.07320756975128755, 0.070871249311224, 0.07218409640960574, 0.07037332512695525, 0.0710038636290679, 0.0853070300941288, 0.06937567308871401, 0.07567640770195246, 0.0742524646363178, 0.08361593853847277, 0.0756678815602646, 0.06832231105179684, 0.0787592595167927, 0.07623684886094356, 0.07251292307382534, 0.06793307446266941, 0.07095418508119358, 0.07561442615971095, 0.07545640165700426], [0.07628598986919925, 0.06935800939442159, 0.07083401593356747, 0.07279416841043142, 0.06750381696231514, 0.07026164201111984, 0.06752107028619968, 0.07091458275408859, 0.07618989514379847, 0.06872639888773598, 0.06844629316872762, 0.06848438288136985, 0.07308671449594258, 0.06838312602358079, 0.07544562899750638, 0.0796387925085853, 0.06799442292545427, 0.06809423121265748, 0.070307116718361, 0.07010216247295147], [0.07024218716159629, 0.06997035074417988, 0.06830330652887268, 0.07110331849098284, 0.0694081864810566, 0.06891049722900326, 0.06696132059701236, 0.06834546631567648, 0.06909409160701256, 0.06909866822896399, 0.06986490477013341, 0.07120385597616208, 0.07104084443388546, 0.0682440078874885, 0.06820658362274183, 0.07020938847382503, 0.07265548566138395, 0.06935717445204896, 0.06854650799673509, 0.07308585719430308]]]], "bagging_alg3_obj_avg": [[[0.08437416806353111, 0.08181039638186058, 0.07679882662347834, 0.0725386536542836, 0.06940887949950542], [0.08258700442593206, 0.08198592172123016, 0.07383898696583378, 0.07101862305290071, 0.0696926001926532]]],