{
  "seed": 2024,
  "N": 8,
  "w": {
    "(1, 2)": 2.89540184022943,
    "(1, 3)": 3.12453429321661,
    "(1, 4)": 2.888162413393487,
    "(1, 5)": 3.0147719083358675,
    "(1, 6)": 3.0014977829466902,
    "(1, 7)": 2.8184803907384084,
    "(1, 8)": 3.096020397029948,
    "(2, 3)": 2.8867698261629635,
    "(2, 4)": 3.0099198205476334,
    "(2, 5)": 3.052876182578117,
    "(2, 6)": 2.9434648129357934,
    "(2, 7)": 2.8269568378900076,
    "(2, 8)": 2.883008922064813,
    "(3, 4)": 2.9016035063222425,
    "(3, 5)": 2.990433826077569,
    "(3, 6)": 3.163021397022504,
    "(3, 7)": 2.8065461841594512,
    "(3, 8)": 2.895559975599817,
    "(4, 5)": 3.156674115534881,
    "(4, 6)": 3.143300215694751,
    "(4, 7)": 2.913222230370576,
    "(4, 8)": 2.841269969650467,
    "(5, 6)": 2.9592713845589493,
    "(5, 7)": 2.9661462966200784,
    "(5, 8)": 3.089430854547123,
    "(6, 7)": 2.915487579697625,
    "(6, 8)": 2.96511349270747,
    "(7, 8)": 3.1144946483686957
  },
  "A": [
    [
      1,
      1,
      1,
      1,
      1,
      1,
      1,
      1
    ],
    [
      1,
      1,
      1,
      1,
      1,
      1,
      1,
      1
    ],
    [
      1,
      1,
      1,
      1,
      1,
      1,
      1,
      1
    ],
    [
      1,
      1,
      1,
      1,
      1,
      1,
      1,
      1
    ],
    [
      1,
      1,
      1,
      1,
      1,
      1,
      1,
      1
    ],
    [
      1,
      1,
      1,
      1,
      1,
      1,
      1,
      1
    ],
    [
      1,
      1,
      1,
      1,
      1,
      1,
      1,
      1
    ],
    [
      1,
      1,
      1,
      1,
      1,
      1,
      1,
      1
    ]
  ],
  "sample_args": {
    "type": "pareto",
    "params": [
      1.5275926079500664,
      1.4706913901991996,
      1.5296154572861966,
      1.4963340990921228,
      1.4996258344727005,
      1.5499096966307908,
      1.4770945938393518,
      1.5300063559070445,
      1.4975322845105008,
      1.4871214389287444,
      1.514544947427889,
      1.5473583060423703,
      1.5310649292640899,
      1.5258719794506634,
      1.502403037417547,
      1.4623162773038423,
      1.5535424495473276,
      1.5275485940156377,
      1.463676914744251,
      1.4665701951958465,
      1.5226784343846496,
      1.5431034104085413,
      1.510393816742804,
      1.5086091516786209,
      1.4785992308976152,
      1.522060289296085,
      1.5088764611871004,
      1.472926238319632
    ]
  },
  "B_list": [
    200
  ],
  "k_list": [
    [
      10,
      0.005
    ]
  ],
  "B12_list": [
    [
      20,
      200
    ]
  ],
  "epsilon": "dynamic",
  "tolerance": 0.001,
  "number_of_iterations": 50,
  "sample_number": [
    1024,
    2048,
    4096,
    8192,
    16384,
    32768
  ],
  "obj_opt": 12.435205339858173
}