{"SAA_obj_list": [[142.47350311279297, 134.54706115722655, 131.1760711669922, 107.89460906982421, 119.39186630249023, 153.01891632080077, 173.11431121826172, 136.48424072265624, 131.18730773925782, 149.1343536376953], [53.28821220397949, 45.14547271728516, 63.35842781066894, 72.7970199584961, 67.30559387207032, 35.04405670166015, 141.52806243896484, 24.260487365722657, 49.253584671020505, 82.20671920776367], [2.4102753162384034, 14.56029291152954, 4.256461048126221, 2.0254908084869383, 16.934858322143555, 3.2043264627456667, 13.126925086975097, 4.906384229660034, 3.8214492321014406, 5.041116046905517], [2.3608402967453004, 0.6824641048908233, 2.624003505706787, 1.207719099521637, 0.3597301751375198, 0.8999761581420899, 0.9485494077205658, 1.0276750564575194, 0.16472368389368058, 0.6738676607608796], [0.5281377732753754, 0.11455648764967918, 0.44783817529678344, 0.580561739206314, 1.6519594311714172, 0.2981193572282791, 0.4645883023738861, 0.33443346321582795, 0.08859745115041733, 0.24091147035360336], [0.1085214763879776, 0.07529660314321518, 0.06556338667869568, 0.06485911980271339, 0.07999120280146599, 0.03962678797543049, 1.2670703649520874, 0.5964422345161438, 1.167202854156494, 0.3137389630079269], [0.02127102520316839, 0.09363154619932175, 0.16800270974636078, 0.22325024753808975, 0.7546053349971771, 0.08187108859419823, 0.2655189007520676, 0.14246973395347595, 0.45678648054599763, 0.025079009123146534]], "SAA_obj_avg": [137.84222404479982, 63.41876369476317, 7.0287579464912415, 1.0949549148976803, 0.47497036509215834, 0.37783129934221504, 0.22324860766530036], "bagging_alg3_obj_list": [[[[414.87913818359374, 263.08745727539065, 179.6198257446289, 236.61095275878907, 183.49879760742186, 208.26129302978515, 313.4844024658203, 120.74803009033204, 175.9805892944336, 182.35267333984376], [81.26101760864258, 92.6165786743164, 91.80500183105468, 103.72671585083008, 89.71058044433593, 102.3906623840332, 99.71329498291016, 97.17667160034179, 80.33173828125, 97.99595184326172], [8.026676368713378, 10.828514003753662, 14.576604652404786, 6.794454336166382, 8.042804336547851, 25.679809951782225, 7.717218399047852, 38.33951606750488, 25.2887113571167, 8.434143161773681], [2.0980364084243774, 2.041201424598694, 2.90228807926178, 2.571825385093689, 1.6408156275749206, 1.8758403658866882, 0.9857072770595551, 1.2156025528907777, 2.2185636520385743, 1.5923808217048645], [0.7074095249176026, 0.31613067388534544, 0.13945470452308656, 0.13669845908880235, 0.16242189407348634, 0.22526704668998718, 0.15761999934911727, 0.15484122931957245, 0.14803965091705323, 0.23690484464168549], [0.021625895425677298, 0.19009217023849487, 0.04944349154829979, 0.05504977889358997, 0.06103525161743164, 0.05389876626431942, 0.08192242980003357, 0.05991062857210636, 0.05260394550859928, 0.08273642733693123], [0.04554027132689953, 0.05717415660619736, 0.056593770161271095, 0.056572144851088524, 0.050293488427996635, 0.02504469808191061, 0.022957383841276168, 0.023305357061326505, 0.04624841250479221, 0.03728324398398399]]]], "bagging_alg3_obj_avg": [[[227.85231597900392, 93.67282135009765, 15.372845263481143, 1.914226159453392, 0.2384788027405739, 0.07083187852054834, 0.04210129268467426]]], "bagging_alg4_obj_list": [[[[212.79739227294922, 179.08140869140624, 274.56187438964844, 196.55794372558594, 217.3841354370117, 179.11390533447266, 276.35203552246094, 483.2384033203125, 228.76822967529296, 252.50958251953125], [89.08128204345704, 81.75824813842773, 101.55785751342773, 103.60123291015626, 80.30977478027344, 89.89482040405274, 80.71653671264649, 92.3611946105957, 100.67656021118164, 101.89850769042968], [17.212587928771974, 6.260862398147583, 26.522764587402342, 20.7015661239624, 5.008879804611206, 12.947738075256348, 6.379260301589966, 6.7810845375061035, 16.127690505981445, 5.841540098190308], [1.2261509895324707, 3.1656462430953978, 3.7553908109664915, 2.299971413612366, 0.7483874440193177, 1.3460246443748474, 1.1911254167556762, 1.389104175567627, 2.192859172821045, 2.077842688560486], [0.9302768170833587, 0.11542087122797966, 0.2620845794677734, 0.2505451738834381, 0.15602723509073257, 0.6689017236232757, 0.2601606696844101, 0.5301170289516449, 0.17495202720165254, 0.32285006046295167], [0.051945464313030244, 0.19560659378767015, 0.09370588138699532, 0.11712614446878433, 0.09921009093523026, 0.09448940306901932, 0.12472075968980789, 0.022123295813798904, 0.12084823474287987, 0.09049775302410126], [0.019893230684101582, 0.038450701907277104, 0.05617136992514134, 0.15413614511489868, 0.012166007794439793, 0.01723648551851511, 0.04239196926355362, 0.03493994995951653, 0.08023236319422722, 0.021970560774207115]]]], "bagging_alg4_obj_avg": [[[250.03649108886717, 92.18560150146484, 12.378397436141968, 1.9392502999305727, 0.36713361866772176, 0.10102736212313175, 0.04775887841358781]]]}