{"seed": 2024, "meanX": [1.1704435638102275, 1.2763520354698115, 1.1905364433859096, 1.4543734678252962, 1.6578651372818805, 1.5369457161170548, 1.7094884014237992, 1.5679210264675403, 1.8172212087409512, 1.2206453502395092], "beta_true": [10.578672229957675, 17.176347218512944, 4.47163112126196, 12.6541670716437, 6.412856025804467, 17.332597555217603, 11.235379871482346, 9.345234611075048, 7.176844138919942, 18.92490134678024], "noise": 2.1, "layer_sizes": [8, 8], "k_list": [[30, 0.5]], "k2_tuple": [30, 0.005], "B12_list": [[30, 200]], "epsilon": "dynamic", "tolerance": 0.001, "number_of_iterations": 10, "sample_number": [128, 256, 512, 1024, 2048, 4096, 8192], "large_number_sample": 100000, "eval_time": 10}