{
 "seed": 2024,
 "N": 8,
 "w": {
  "(1, 2)": 2.0,
  "(1, 3)": 2.0,
  "(1, 4)": 2.0,
  "(1, 5)": 1.9119257287734244,
  "(1, 6)": 1.6228257372263202,
  "(1, 7)": 1.7968885916853101,
  "(1, 8)": 2.313248853705918,
  "(2, 3)": 2.0,
  "(2, 4)": 2.0,
  "(2, 5)": 1.9362072829402424,
  "(2, 6)": 2.451003072707256,
  "(2, 7)": 2.398840628680899,
  "(2, 8)": 1.8209819889450793,
  "(3, 4)": 2.0,
  "(3, 5)": 1.9978624908336502,
  "(3, 6)": 2.0670783259937506,
  "(3, 7)": 1.8577180932652504,
  "(3, 8)": 2.3907208610757693,
  "(4, 5)": 2.203256964324676,
  "(4, 6)": 2.422592793261833,
  "(4, 7)": 1.6985434453495578,
  "(4, 8)": 1.9787435233099542,
  "(5, 6)": 2,
  "(5, 7)": 2,
  "(5, 8)": 2,
  "(6, 7)": 2,
  "(6, 8)": 2,
  "(7, 8)": 2
 },
 "sample_args": {
  "type": "pareto",
  "params": [
   2,
   2,
   2,
   2,
   2,
   2
  ]
 },
 "B_list": [
  200,
  400
 ],
 "k_list": [
  0.1,
  2,
  10,
  50
 ],
 "B12_list": [
  [
   20,
   200
  ],
  [
   20,
   400
  ],
  [
   40,
   400
  ]
 ],
 "epsilon": "dynamic",
 "tolerance": 0.003,
 "number_of_iterations": 50,
 "sample_number": [
  128,
  256,
  512,
  1024,
  2048,
  4096,
  8192,
  16384
 ],
 "obj_opt": 9.132544766482301
}