{
  "seed": 2024,
  "s": 3,
  "p": 2,
  "c": 3,
  "g": 5,
  "C": [
    0.7919227499225773,
    0.4309762892487943
  ],
  "Q_sp": [
    [
      [
        0.33959485,
        0.93963167,
        0.11099611,
        0.29228903,
        0.32671781
      ],
      [
        0.11183712,
        0.68568047,
        0.89458674,
        0.6290198,
        0.45712153
      ]
    ],
    [
      [
        0.30562386,
        0.25141794,
        0.52145227,
        0.93541722,
        0.09209385
      ],
      [
        0.32229624,
        0.78332703,
        0.97653641,
        0.18445241,
        0.03020424
      ]
    ],
    [
      [
        0.3414426,
        0.45228102,
        0.22978903,
        0.05338668,
        0.24009525
      ],
      [
        0.92622445,
        0.08852084,
        0.84160819,
        0.02508719,
        0.46203217
      ]
    ]
  ],
  "Q_pc": [
    [
      [
        0.08967017,
        0.08001494,
        0.29854161,
        0.6979279,
        0.12176636
      ],
      [
        0.96381038,
        0.1531089,
        0.38302768,
        0.61996695,
        0.90823239
      ],
      [
        0.70189534,
        0.39932218,
        0.55522219,
        0.00271483,
        0.89190262
      ]
    ],
    [
      [
        0.00499716,
        0.94445126,
        0.88466098,
        0.5649098,
        0.54066034
      ],
      [
        0.35775422,
        0.14473548,
        0.17228491,
        0.64621086,
        0.6801251
      ],
      [
        0.22298374,
        0.17262673,
        0.42564852,
        0.25968014,
        0.01474239
      ]
    ]
  ],
  "R": [
    [
      0.12818939278211294,
      0.5542344960524943,
      0.9854726132978918,
      0.43879198808177977,
      0.14723859888465474
    ],
    [
      0.5264218506399049,
      0.3839484660878939,
      0.15881886701443104,
      0.1522486534351991,
      0.7744995797298272
    ]
  ],
  "M": [
    0.578235507734427,
    0.7864622252392603
  ],
  "H": [
    [
      0.591587608870183,
      0.026957066402544805,
      0.9135846040334558,
      0.48745794285753385,
      0.27618031129853293
    ],
    [
      0.7757970175128,
      0.21574920436927703,
      0.7973105450979264,
      0.28312662250371745,
      0.8463864002304629
    ],
    [
      0.695585019276411,
      0.987994577307807,
      0.4064966522430422,
      0.19988585016960747,
      0.7756998416359008
    ]
  ],
  "sample_args": {
    "type": "pareto",
    "size": [
      3,
      3,
      5
    ],
    "params": [
      1.902719726676329,
      1.909028679018095
    ]
  },
  "B_list": [
    200,
    400
  ],
  "k_list": [
    0.1,
    0.2,
    2,
    10,
    50
  ],
  "number_of_iterations": 50,
  "sample_number": [
    64,
    128,
    256,
    512,
    1024,
    2048,
    4096,
    8192,
    16384
  ],
  "large_number_sample": 100000
}