{
 "seed": 2024,
 "N": 5,
 "w": {
  "(0, 0)": 1.8462205946378127,
  "(0, 1)": 2.0373954119947286,
  "(0, 2)": 2.188738828413431,
  "(0, 3)": 1.7327701029063431,
  "(0, 4)": 1.7393782112311098,
  "(1, 0)": 2.100325386662836,
  "(1, 1)": 1.8339379457142562,
  "(1, 2)": 1.8037283573396952,
  "(1, 3)": 1.7201724727618735,
  "(1, 4)": 2.2279020667832024,
  "(2, 0)": 2.2557009411676194,
  "(2, 1)": 1.8162603542940006,
  "(2, 2)": 1.8195980929535154,
  "(2, 3)": 2.3727407988156597,
  "(2, 4)": 2.3065140122314736,
  "(3, 0)": 1.848548643324394,
  "(3, 1)": 2.076330692386956,
  "(3, 2)": 1.9908122005758306,
  "(3, 3)": 2.1118261397763805,
  "(3, 4)": 1.9552801092673229,
  "(4, 0)": 2.0105039909917894,
  "(4, 1)": 1.7113190709736414,
  "(4, 2)": 2.11464380353394,
  "(4, 3)": 1.6904276133743965,
  "(4, 4)": 1.6853547694065514
 },
 "sample_args": {
  "type": "pareto",
  "params": [
   2.1817249619503833,
   1.9639525955461632,
   1.8412276743199056,
   1.9088220740165673,
   2.1991299893944913,
   2.244201465417937,
   1.7963679624785065,
   2.225099313888544,
   2.2201102084027378
  ]
 },
 "B_list": [
  200
 ],
 "k_list": [
  [
   10,
   0.005
  ]
 ],
 "B12_list": [
  [
   20,
   200
  ]
 ],
 "epsilon": "dynamic",
 "tolerance": 0.001,
 "number_of_iterations": 20,
 "sample_number": [
  64,
  256,
  1024,
  4096
 ],
 "obj_opt": 10.876216377391039
}