{
 "seed": 2024,
 "N": 5,
 "w": {
  "(0, 0)": 2.004699384306459,
  "(0, 1)": 1.8639778304053565,
  "(0, 2)": 1.8306050009887933,
  "(0, 3)": 2.184088559001204,
  "(0, 4)": 1.6357976101395073,
  "(1, 0)": 2.4192210120435527,
  "(1, 1)": 1.8842577986773617,
  "(1, 2)": 1.9780341561933477,
  "(1, 3)": 2.013338156963001,
  "(1, 4)": 1.6046602272075885,
  "(2, 0)": 2.008241714046802,
  "(2, 1)": 1.772648089658485,
  "(2, 2)": 2.012857787841303,
  "(2, 3)": 2.2344685047792865,
  "(2, 4)": 1.7256593142790426,
  "(3, 0)": 1.6998634393463,
  "(3, 1)": 1.9692302541813476,
  "(3, 2)": 2.2678037979976273,
  "(3, 3)": 1.9711993582027183,
  "(3, 4)": 1.9825850482326113,
  "(4, 0)": 1.6314104594123442,
  "(4, 1)": 2.1121785747004993,
  "(4, 2)": 1.8414891121330432,
  "(4, 3)": 1.633071094373582,
  "(4, 4)": 1.7361613877839432
 },
 "sample_args": {
  "type": "pareto",
  "params": [
   1.9953225966096284,
   2.1574371063790205,
   2.2039417037094053,
   1.704611890265131,
   2.1308919203152756,
   2.0224591786161605,
   1.991825656554397,
   2.294250271740147,
   1.9873054361671967
  ]
 },
 "B_list": [
  200
 ],
 "k_list": [
  [
   10,
   0.005
  ]
 ],
 "B12_list": [
  [
   20,
   200
  ]
 ],
 "epsilon": "dynamic",
 "tolerance": 0.001,
 "number_of_iterations": 20,
 "sample_number": [
  64,
  256,
  1024,
  4096
 ],
 "obj_opt": 10.71093098181917
}