{"SAA_obj_list": [[10.708951258021926, 10.71093098181917, 10.521632533009766, 10.579058140744742, 10.579058140744742, 10.71093098181917, 10.579058140744742, 10.708951258021926, 10.311965668212203, 10.708951258021926, 10.080553257506939, 10.708951258021926, 10.579058140744742, 10.71093098181917, 9.946948494931707, 10.379922846484812, 10.265128052174465, 10.311965668212203, 10.71093098181917, 10.579058140744742], [10.311965668212203, 10.708951258021926, 10.708951258021926, 10.708951258021926, 10.521632533009766, 10.265128052174465, 10.708951258021926, 10.265128052174465, 10.080553257506939, 10.708951258021926, 10.379922846484812, 10.708951258021926, 10.311965668212203, 10.708951258021926, 10.223810488991461, 10.71093098181917, 10.176972872953721, 10.708951258021926, 10.311965668212203, 10.708951258021926], [10.708951258021926, 10.71093098181917, 10.708951258021926, 10.708951258021926, 10.71093098181917, 10.708951258021926, 10.708951258021926, 10.71093098181917, 10.708951258021926, 10.71093098181917, 10.71093098181917, 10.708951258021926, 10.708951258021926, 10.71093098181917, 10.71093098181917, 10.708951258021926, 10.71093098181917, 10.71093098181917, 10.708951258021926, 10.71093098181917], [10.71093098181917, 10.71093098181917, 10.708951258021926, 10.71093098181917, 10.71093098181917, 10.708951258021926, 10.708951258021926, 10.71093098181917, 10.71093098181917, 10.708951258021926, 10.71093098181917, 10.71093098181917, 10.708951258021926, 10.708951258021926, 10.708951258021926, 10.71093098181917, 10.708951258021926, 10.708951258021926, 10.71093098181917, 10.71093098181917]], "SAA_obj_avg": [10.519646809181008, 10.497026870597438, 10.709941119920547, 10.710040106110409], "bagging_alg1_obj_list": [[[[10.708951258021926, 10.71093098181917, 10.71093098181917, 10.521632533009766, 10.579058140744742, 10.311965668212203, 10.579058140744742, 10.708951258021926, 10.311965668212203, 10.708951258021926, 10.127390873544677, 10.708951258021926, 10.579058140744742, 10.71093098181917, 10.579058140744742, 10.708951258021926, 10.71093098181917, 10.311965668212203, 10.71093098181917, 10.708951258021926], [10.71093098181917, 10.521632533009766, 10.708951258021926, 10.579058140744742, 10.71093098181917, 10.708951258021926, 10.71093098181917, 10.708951258021926, 10.708951258021926, 10.71093098181917, 10.579058140744742, 10.708951258021926, 10.311965668212203, 10.71093098181917, 10.71093098181917, 10.708951258021926, 10.265128052174465, 10.708951258021926, 10.708951258021926, 10.708951258021926], [10.708951258021926, 10.71093098181917, 10.708951258021926, 10.708951258021926, 10.71093098181917, 10.708951258021926, 10.708951258021926, 10.708951258021926, 10.708951258021926, 10.708951258021926, 10.71093098181917, 10.71093098181917, 10.71093098181917, 10.708951258021926, 10.71093098181917, 10.71093098181917, 10.708951258021926, 10.71093098181917, 10.708951258021926, 10.708951258021926], [10.71093098181917, 10.71093098181917, 10.708951258021926, 10.71093098181917, 10.579058140744742, 10.708951258021926, 10.708951258021926, 10.71093098181917, 10.708951258021926, 10.71093098181917, 10.71093098181917, 10.71093098181917, 10.708951258021926, 10.71093098181917, 10.71093098181917, 10.708951258021926, 10.708951258021926, 10.71093098181917, 10.708951258021926, 10.71093098181917]]]], "bagging_alg1_obj_avg": [[[10.58547577156987, 10.645149487399912, 10.709743147540824, 10.70354545024655]]], "bagging_alg3_obj_list": [[[[10.708951258021926, 10.71093098181917, 10.521632533009766, 10.579058140744742, 10.71093098181917, 10.311965668212203, 10.579058140744742, 10.708951258021926, 10.311965668212203, 10.708951258021926, 10.080553257506939, 10.71093098181917, 10.708951258021926, 10.71093098181917, 10.579058140744742, 10.708951258021926, 10.71093098181917, 10.311965668212203, 10.71093098181917, 10.708951258021926], [10.708951258021926, 10.71093098181917, 10.708951258021926, 10.708951258021926, 10.71093098181917, 10.708951258021926, 10.579058140744742, 10.708951258021926, 10.176972872953721, 10.708951258021926, 10.708951258021926, 10.708951258021926, 10.71093098181917, 10.708951258021926, 10.223810488991461, 10.708951258021926, 10.708951258021926, 10.708951258021926, 10.708951258021926, 10.708951258021926], [10.71093098181917, 10.708951258021926, 10.708951258021926, 10.708951258021926, 10.708951258021926, 10.708951258021926, 10.708951258021926, 10.708951258021926, 10.708951258021926, 10.71093098181917, 10.521632533009766, 10.708951258021926, 10.71093098181917, 10.71093098181917, 10.71093098181917, 10.71093098181917, 10.708951258021926, 10.71093098181917, 10.708951258021926, 10.708951258021926], [10.71093098181917, 10.71093098181917, 10.708951258021926, 10.708951258021926, 10.708951258021926, 10.708951258021926, 10.71093098181917, 10.708951258021926, 10.708951258021926, 10.708951258021926, 10.71093098181917, 10.71093098181917, 10.708951258021926, 10.708951258021926, 10.708951258021926, 10.708951258021926, 10.708951258021926, 10.708951258021926, 10.71093098181917, 10.708951258021926]]]], "bagging_alg3_obj_avg": [[[10.589727532821703, 10.651897603022721, 10.700278225100352, 10.709545175161098]]], "bagging_alg4_obj_list": [[[[10.708951258021926, 10.71093098181917, 10.521632533009766, 9.946948494931707, 9.946948494931707, 10.311965668212203, 10.579058140744742, 10.708951258021926, 10.265128052174465, 10.708951258021926, 10.521632533009766, 10.71093098181917, 10.579058140744742, 10.708951258021926, 10.579058140744742, 10.379922846484812, 10.71093098181917, 10.127390873544677, 10.708951258021926, 10.708951258021926], [10.71093098181917, 10.379922846484812, 10.311965668212203, 10.708951258021926, 10.265128052174465, 10.708951258021926, 10.71093098181917, 10.265128052174465, 10.708951258021926, 10.708951258021926, 10.127390873544677, 10.708951258021926, 10.579058140744742, 10.708951258021926, 10.311965668212203, 10.708951258021926, 10.708951258021926, 10.708951258021926, 10.708951258021926, 10.708951258021926], [10.71093098181917, 10.71093098181917, 10.71093098181917, 10.708951258021926, 10.708951258021926, 10.708951258021926, 10.708951258021926, 10.708951258021926, 10.71093098181917, 10.708951258021926, 10.71093098181917, 10.708951258021926, 10.579058140744742, 10.311965668212203, 10.71093098181917, 10.71093098181917, 10.708951258021926, 10.71093098181917, 10.708951258021926, 10.579058140744742], [10.71093098181917, 10.708951258021926, 10.708951258021926, 10.71093098181917, 10.708951258021926, 10.708951258021926, 10.708951258021926, 10.708951258021926, 10.708951258021926, 10.708951258021926, 10.71093098181917, 10.71093098181917, 10.708951258021926, 10.708951258021926, 10.708951258021926, 10.71093098181917, 10.708951258021926, 10.708951258021926, 10.708951258021926, 10.708951258021926]]]], "bagging_alg4_obj_avg": [[[10.507262220606119, 10.573044255171354, 10.676904556322617, 10.709446188971237]]]}