{
 "seed": 2024,
 "N": 5,
 "w": {
  "(0, 0)": 1.9132462306602693,
  "(0, 1)": 2.213653983643815,
  "(0, 2)": 2.000533237884165,
  "(0, 3)": 1.7293843047274278,
  "(0, 4)": 2.198405601402146,
  "(1, 0)": 2.0598274661536062,
  "(1, 1)": 2.052577433377237,
  "(1, 2)": 1.7932519556220072,
  "(1, 3)": 2.035913170555364,
  "(1, 4)": 1.7006665673826766,
  "(2, 0)": 1.9665962176053509,
  "(2, 1)": 2.2470952692171964,
  "(2, 2)": 1.8121407975891395,
  "(2, 3)": 1.6026636317193141,
  "(2, 4)": 2.3009475916855213,
  "(3, 0)": 1.8472340124122009,
  "(3, 1)": 1.6136593274589621,
  "(3, 2)": 1.9635732146878495,
  "(3, 3)": 2.0320291159977333,
  "(3, 4)": 2.274861485015788,
  "(4, 0)": 2.1278895853881665,
  "(4, 1)": 1.762746497054277,
  "(4, 2)": 2.048940263553084,
  "(4, 3)": 2.348097739660175,
  "(4, 4)": 1.8691417855191785
 },
 "sample_args": {
  "type": "pareto",
  "params": [
   2.0949949383059687,
   1.8239580749347102,
   1.9994670463069344,
   1.9435498059219622,
   1.9500488688907758,
   2.2606335136178477,
   2.0345581555009637,
   1.801863357743071,
   2.2313135886887165
  ]
 },
 "B_list": [
  200
 ],
 "k_list": [
  [
   10,
   0.005
  ]
 ],
 "B12_list": [
  [
   20,
   200
  ]
 ],
 "epsilon": "dynamic",
 "tolerance": 0.001,
 "number_of_iterations": 20,
 "sample_number": [
  64,
  256,
  1024,
  4096
 ],
 "obj_opt": 10.93041519793093
}