{"SAA_obj_list": [[10.816999291120972, 10.93041519793093, 10.886099995830968, 10.642666113542717, 10.686292748060678, 10.503185283023718, 10.93041519793093, 10.886099995830968, 10.641977545960716, 10.93041519793093, 10.549390015019299, 10.886099995830968, 10.93041519793093, 10.400923686302608, 10.642666113542717, 10.93041519793093, 10.596461381547137, 10.578442210071053, 10.578442210071053, 10.93041519793093], [10.886099995830968, 10.93041519793093, 10.886099995830968, 10.93041519793093, 10.886099995830968, 10.434084578313726, 10.93041519793093, 10.642666113542717, 10.642666113542717, 10.642666113542717, 10.93041519793093, 10.93041519793093, 10.886099995830968, 10.93041519793093, 10.578442210071053, 10.93041519793093, 10.529250206732758, 10.816999291120972, 10.578442210071053, 10.529250206732758], [10.816999291120972, 10.93041519793093, 10.93041519793093, 10.886099995830968, 10.642666113542717, 10.93041519793093, 10.93041519793093, 10.886099995830968, 10.93041519793093, 10.886099995830968, 10.886099995830968, 10.886099995830968, 10.886099995830968, 10.886099995830968, 10.93041519793093, 10.93041519793093, 10.886099995830968, 10.93041519793093, 10.886099995830968, 10.93041519793093], [10.93041519793093, 10.93041519793093, 10.886099995830968, 10.886099995830968, 10.93041519793093, 10.886099995830968, 10.93041519793093, 10.886099995830968, 10.93041519793093, 10.93041519793093, 10.93041519793093, 10.886099995830968, 10.93041519793093, 10.93041519793093, 10.93041519793093, 10.93041519793093, 10.886099995830968, 10.93041519793093, 10.93041519793093, 10.93041519793093]], "SAA_obj_avg": [10.743911888667055, 10.772588670625543, 10.890415107426037, 10.917120637300942], "bagging_alg1_obj_list": [[[[10.816999291120972, 10.642666113542717, 10.886099995830968, 10.642666113542717, 10.642666113542717, 10.576552680175435, 10.93041519793093, 10.886099995830968, 10.596461381547137, 10.93041519793093, 10.549390015019299, 10.816999291120972, 10.886099995830968, 10.816999291120972, 10.642666113542717, 10.93041519793093, 10.642666113542717, 10.578442210071053, 10.578442210071053, 10.886099995830968], [10.886099995830968, 10.886099995830968, 10.886099995830968, 10.549390015019299, 10.816999291120972, 10.816999291120972, 10.93041519793093, 10.886099995830968, 10.529250206732758, 10.686292748060678, 10.578442210071053, 10.93041519793093, 10.549390015019299, 10.93041519793093, 10.578442210071053, 10.816999291120972, 10.529250206732758, 10.529250206732758, 10.578442210071053, 10.886099995830968], [10.93041519793093, 10.816999291120972, 10.886099995830968, 10.886099995830968, 10.93041519793093, 10.578442210071053, 10.886099995830968, 10.886099995830968, 10.886099995830968, 10.886099995830968, 10.886099995830968, 10.642666113542717, 10.578442210071053, 10.641977545960716, 10.93041519793093, 10.886099995830968, 10.886099995830968, 10.886099995830968, 10.886099995830968, 10.886099995830968], [10.886099995830968, 10.886099995830968, 10.886099995830968, 10.93041519793093, 10.93041519793093, 10.93041519793093, 10.886099995830968, 10.886099995830968, 10.93041519793093, 10.93041519793093, 10.93041519793093, 10.886099995830968, 10.886099995830968, 10.886099995830968, 10.93041519793093, 10.886099995830968, 10.93041519793093, 10.93041519793093, 10.886099995830968, 10.93041519793093]]]], "bagging_alg1_obj_avg": [[[10.743963125753854, 10.739044673741063, 10.834148645726543, 10.908257596880947]]], "bagging_alg3_obj_list": [[[[10.816999291120972, 10.93041519793093, 10.886099995830968, 10.642666113542717, 10.686292748060678, 10.434084578313726, 10.93041519793093, 10.886099995830968, 10.596461381547137, 10.886099995830968, 10.642666113542717, 10.816999291120972, 10.886099995830968, 10.708581472062523, 10.642666113542717, 10.93041519793093, 10.642666113542717, 10.578442210071053, 10.886099995830968, 10.93041519793093], [10.596461381547137, 10.93041519793093, 10.886099995830968, 10.886099995830968, 10.886099995830968, 10.816999291120972, 10.93041519793093, 10.886099995830968, 10.529250206732758, 10.93041519793093, 10.642666113542717, 10.93041519793093, 10.886099995830968, 10.886099995830968, 10.578442210071053, 10.93041519793093, 10.529250206732758, 10.93041519793093, 10.578442210071053, 10.886099995830968], [10.886099995830968, 10.93041519793093, 10.886099995830968, 10.886099995830968, 10.93041519793093, 10.642666113542717, 10.93041519793093, 10.93041519793093, 10.93041519793093, 10.886099995830968, 10.886099995830968, 10.886099995830968, 10.886099995830968, 10.886099995830968, 10.816999291120972, 10.886099995830968, 10.886099995830968, 10.93041519793093, 10.886099995830968, 10.816999291120972], [10.886099995830968, 10.93041519793093, 10.93041519793093, 10.93041519793093, 10.93041519793093, 10.93041519793093, 10.93041519793093, 10.886099995830968, 10.93041519793093, 10.886099995830968, 10.816999291120972, 10.886099995830968, 10.886099995830968, 10.93041519793093, 10.93041519793093, 10.886099995830968, 10.886099995830968, 10.886099995830968, 10.93041519793093, 10.93041519793093]]]], "bagging_alg3_obj_avg": [[[10.768034309867321, 10.802835138911039, 10.880312791875543, 10.907018321750446]]], "bagging_alg4_obj_list": [[[[10.529250206732758, 10.596461381547137, 10.886099995830968, 10.886099995830968, 10.642666113542717, 10.503185283023718, 10.686292748060678, 10.886099995830968, 10.503185283023718, 10.886099995830968, 10.686292748060678, 10.816999291120972, 10.641977545960716, 10.886099995830968, 10.93041519793093, 10.93041519793093, 10.642666113542717, 10.642666113542717, 10.5399651203734, 10.93041519793093], [10.576552680175435, 10.886099995830968, 10.596461381547137, 10.816999291120972, 10.596461381547137, 10.816999291120972, 10.93041519793093, 10.642666113542717, 10.816999291120972, 10.93041519793093, 10.642666113542717, 10.816999291120972, 10.886099995830968, 10.886099995830968, 10.572876841250721, 10.886099995830968, 10.686292748060678, 10.578442210071053, 10.93041519793093, 10.886099995830968], [10.816999291120972, 10.93041519793093, 10.886099995830968, 10.886099995830968, 10.93041519793093, 10.596461381547137, 10.886099995830968, 10.886099995830968, 10.886099995830968, 10.93041519793093, 10.886099995830968, 10.578442210071053, 10.886099995830968, 10.886099995830968, 10.93041519793093, 10.93041519793093, 10.886099995830968, 10.93041519793093, 10.886099995830968, 10.93041519793093], [10.886099995830968, 10.93041519793093, 10.886099995830968, 10.886099995830968, 10.93041519793093, 10.886099995830968, 10.886099995830968, 10.886099995830968, 10.93041519793093, 10.93041519793093, 10.93041519793093, 10.886099995830968, 10.886099995830968, 10.93041519793093, 10.93041519793093, 10.93041519793093, 10.93041519793093, 10.93041519793093, 10.886099995830968, 10.886099995830968]]]], "bagging_alg4_obj_avg": [[[10.732667676073977, 10.769108110358456, 10.868290461328268, 10.908257596880947]]]}