{
 "seed": 2024,
 "N": 5,
 "w": {
  "(0, 0)": 2.0,
  "(0, 1)": 2.0,
  "(0, 2)": 2.0,
  "(0, 3)": 2.1,
  "(0, 4)": 2.1,
  "(1, 0)": 2.0,
  "(1, 1)": 2.0,
  "(1, 2)": 2.0,
  "(1, 3)": 2.1,
  "(1, 4)": 2.1,
  "(2, 0)": 2.0,
  "(2, 1)": 2.0,
  "(2, 2)": 2.0,
  "(2, 3)": 2.1,
  "(2, 4)": 2.1,
  "(3, 0)": 2.1,
  "(3, 1)": 2.1,
  "(3, 2)": 2.1,
  "(3, 3)": 1.9243925467786593,
  "(3, 4)": 1.9299291925855229,
  "(4, 0)": 2.1,
  "(4, 1)": 2.1,
  "(4, 2)": 2.1,
  "(4, 3)": 1.9040155296090964,
  "(4, 4)": 1.9382298791253507
 },
 "sample_args": {
  "type": "pareto",
  "params": [
   2,
   2,
   2,
   2,
   2,
   2,
   2,
   2,
   2
  ]
 },
 "B_list": [
  200
 ],
 "k_list": [
  [
   10,
   0.005
  ]
 ],
 "B12_list": [
  [
   20,
   200
  ]
 ],
 "epsilon": "dynamic",
 "tolerance": 0.001,
 "number_of_iterations": 20,
 "sample_number": [
  64,
  256,
  1024,
  4096,
  16384,
  65536
 ],
 "obj_opt": 10.399999999999999
}