{"SAA_obj_list": [[10.399999999999999, 10.4, 10.399999999999999, 10.288079183462076, 10.399999999999999, 10.4, 10.288079183462076, 10.399999999999999, 10.399999999999999, 10.4, 10.399999999999999, 10.399999999999999, 10.399999999999999, 10.288079183462076, 10.288079183462076, 10.288079183462076, 10.288079183462076, 10.399999999999999, 10.399999999999999, 10.288079183462076], [10.288079183462076, 10.4, 10.399999999999999, 10.399999999999999, 10.399999999999999, 10.288079183462076, 10.399999999999999, 10.4, 10.288079183462076, 10.399999999999999, 10.288079183462076, 10.288079183462076, 10.288079183462076, 10.399999999999999, 10.399999999999999, 10.4, 10.4, 10.399999999999999, 10.399999999999999, 10.4], [10.399999999999999, 10.4, 10.399999999999999, 10.399999999999999, 10.4, 10.4, 10.399999999999999, 10.4, 10.288079183462076, 10.288079183462076, 10.399999999999999, 10.399999999999999, 10.399999999999999, 10.399999999999999, 10.399999999999999, 10.399999999999999, 10.4, 10.4, 10.288079183462076, 10.4], [10.399999999999999, 10.399999999999999, 10.399999999999999, 10.399999999999999, 10.4, 10.4, 10.4, 10.399999999999999, 10.4, 10.399999999999999, 10.4, 10.4, 10.399999999999999, 10.399999999999999, 10.399999999999999, 10.4, 10.399999999999999, 10.399999999999999, 10.399999999999999, 10.399999999999999], [10.4, 10.399999999999999, 10.4, 10.399999999999999, 10.399999999999999, 10.399999999999999, 10.399999999999999, 10.399999999999999, 10.399999999999999, 10.4, 10.399999999999999, 10.4, 10.399999999999999, 10.4, 10.399999999999999, 10.4, 10.399999999999999, 10.4, 10.399999999999999, 10.4], [10.399999999999999, 10.399999999999999, 10.399999999999999, 10.399999999999999, 10.399999999999999, 10.4, 10.4, 10.4, 10.399999999999999, 10.4, 10.4, 10.399999999999999, 10.4, 10.4, 10.399999999999999, 10.399999999999999, 10.399999999999999, 10.4, 10.399999999999999, 10.4]], "SAA_obj_avg": [10.360827714211728, 10.366423755038621, 10.383211877519312, 10.4, 10.4, 10.4], "bagging_alg1_obj_list": [[[[10.399999999999999, 10.288079183462076, 10.288079183462076, 10.288079183462076, 10.288079183462076, 10.399999999999999, 10.399999999999999, 10.288079183462076, 10.288079183462076, 10.288079183462076, 10.288079183462076, 10.288079183462076, 10.399999999999999, 10.288079183462076, 10.288079183462076, 10.288079183462076, 10.288079183462076, 10.288079183462076, 10.288079183462076, 10.288079183462076], [10.4, 10.288079183462076, 10.288079183462076, 10.288079183462076, 10.4, 10.288079183462076, 10.399999999999999, 10.399999999999999, 10.4, 10.399999999999999, 10.288079183462076, 10.4, 10.288079183462076, 10.4, 10.4, 10.288079183462076, 10.4, 10.4, 10.288079183462076, 10.4], [10.4, 10.288079183462076, 10.288079183462076, 10.399999999999999, 10.288079183462076, 10.288079183462076, 10.399999999999999, 10.288079183462076, 10.399999999999999, 10.288079183462076, 10.4, 10.4, 10.399999999999999, 10.399999999999999, 10.288079183462076, 10.288079183462076, 10.399999999999999, 10.4, 10.399999999999999, 10.399999999999999], [10.4, 10.288079183462076, 10.288079183462076, 10.4, 10.288079183462076, 10.4, 10.288079183462076, 10.288079183462076, 10.4, 10.4, 10.4, 10.4, 10.288079183462076, 10.4, 10.4, 10.288079183462076, 10.399999999999999, 10.399999999999999, 10.399999999999999, 10.399999999999999], [10.288079183462076, 10.288079183462076, 10.4, 10.399999999999999, 10.399999999999999, 10.399999999999999, 10.288079183462076, 10.4, 10.4, 10.399999999999999, 10.4, 10.4, 10.4, 10.288079183462076, 10.4, 10.399999999999999, 10.399999999999999, 10.288079183462076, 10.399999999999999, 10.288079183462076], [10.399999999999999, 10.399999999999999, 10.4, 10.399999999999999, 10.399999999999999, 10.4, 10.399999999999999, 10.4, 10.4, 10.399999999999999, 10.399999999999999, 10.399999999999999, 10.4, 10.399999999999999, 10.399999999999999, 10.4, 10.399999999999999, 10.4, 10.399999999999999, 10.399999999999999]]]], "bagging_alg1_obj_avg": [[[10.310463346769662, 10.355231673384832, 10.35523167338483, 10.360827714211727, 10.366423755038625, 10.4]]], "bagging_alg3_obj_list": [[[[10.399999999999999, 10.4, 10.399999999999999, 10.288079183462076, 10.4, 10.399999999999999, 10.399999999999999, 10.399999999999999, 10.399999999999999, 10.4, 10.399999999999999, 10.4, 10.288079183462076, 10.288079183462076, 10.288079183462076, 10.399999999999999, 10.4, 10.288079183462076, 10.399999999999999, 10.399999999999999], [10.288079183462076, 10.399999999999999, 10.399999999999999, 10.399999999999999, 10.288079183462076, 10.4, 10.399999999999999, 10.399999999999999, 10.4, 10.399999999999999, 10.288079183462076, 10.4, 10.399999999999999, 10.4, 10.399999999999999, 10.4, 10.4, 10.4, 10.399999999999999, 10.4], [10.4, 10.4, 10.399999999999999, 10.399999999999999, 10.4, 10.4, 10.4, 10.4, 10.399999999999999, 10.399999999999999, 10.4, 10.399999999999999, 10.399999999999999, 10.4, 10.288079183462076, 10.4, 10.399999999999999, 10.288079183462076, 10.399999999999999, 10.4], [10.399999999999999, 10.399999999999999, 10.4, 10.399999999999999, 10.399999999999999, 10.399999999999999, 10.4, 10.399999999999999, 10.399999999999999, 10.399999999999999, 10.399999999999999, 10.4, 10.399999999999999, 10.399999999999999, 10.399999999999999, 10.399999999999999, 10.399999999999999, 10.4, 10.399999999999999, 10.399999999999999], [10.399999999999999, 10.399999999999999, 10.4, 10.399999999999999, 10.399999999999999, 10.399999999999999, 10.399999999999999, 10.399999999999999, 10.399999999999999, 10.399999999999999, 10.399999999999999, 10.4, 10.399999999999999, 10.399999999999999, 10.4, 10.399999999999999, 10.399999999999999, 10.399999999999999, 10.399999999999999, 10.4], [10.4, 10.399999999999999, 10.4, 10.399999999999999, 10.399999999999999, 10.399999999999999, 10.399999999999999, 10.399999999999999, 10.399999999999999, 10.4, 10.399999999999999, 10.399999999999999, 10.399999999999999, 10.4, 10.399999999999999, 10.399999999999999, 10.4, 10.399999999999999, 10.399999999999999, 10.399999999999999]]]], "bagging_alg3_obj_avg": [[[10.37201979586552, 10.383211877519312, 10.388807918346208, 10.4, 10.4, 10.4]]], "bagging_alg4_obj_list": [[[[10.399999999999999, 10.399999999999999, 10.399999999999999, 10.288079183462076, 10.399999999999999, 10.399999999999999, 10.288079183462076, 10.399999999999999, 10.399999999999999, 10.399999999999999, 10.288079183462076, 10.399999999999999, 10.288079183462076, 10.399999999999999, 10.288079183462076, 10.288079183462076, 10.288079183462076, 10.288079183462076, 10.399999999999999, 10.399999999999999], [10.4, 10.4, 10.288079183462076, 10.399999999999999, 10.288079183462076, 10.4, 10.399999999999999, 10.399999999999999, 10.4, 10.399999999999999, 10.4, 10.399999999999999, 10.399999999999999, 10.399999999999999, 10.4, 10.288079183462076, 10.4, 10.399999999999999, 10.399999999999999, 10.4], [10.4, 10.4, 10.399999999999999, 10.399999999999999, 10.4, 10.399999999999999, 10.4, 10.399999999999999, 10.399999999999999, 10.399999999999999, 10.4, 10.399999999999999, 10.399999999999999, 10.399999999999999, 10.399999999999999, 10.399999999999999, 10.399999999999999, 10.4, 10.399999999999999, 10.4], [10.4, 10.4, 10.399999999999999, 10.399999999999999, 10.399999999999999, 10.399999999999999, 10.4, 10.399999999999999, 10.4, 10.399999999999999, 10.4, 10.4, 10.4, 10.399999999999999, 10.399999999999999, 10.399999999999999, 10.4, 10.4, 10.4, 10.399999999999999], [10.399999999999999, 10.4, 10.399999999999999, 10.399999999999999, 10.4, 10.399999999999999, 10.399999999999999, 10.4, 10.399999999999999, 10.399999999999999, 10.4, 10.399999999999999, 10.399999999999999, 10.4, 10.399999999999999, 10.399999999999999, 10.399999999999999, 10.399999999999999, 10.4, 10.399999999999999], [10.4, 10.399999999999999, 10.399999999999999, 10.4, 10.399999999999999, 10.4, 10.4, 10.399999999999999, 10.399999999999999, 10.399999999999999, 10.4, 10.399999999999999, 10.4, 10.4, 10.399999999999999, 10.399999999999999, 10.399999999999999, 10.399999999999999, 10.399999999999999, 10.4]]]],