{"SAA_obj_list": [[10.399999999999999, 10.4, 10.399999999999999, 10.13822987912535, 10.399999999999999, 10.4, 10.399999999999999, 10.399999999999999, 10.399999999999999, 10.4, 10.399999999999999, 10.399999999999999, 10.399999999999999, 10.4, 10.13822987912535, 10.13822987912535, 10.13822987912535, 10.399999999999999, 10.399999999999999, 10.399999999999999], [10.399999999999999, 10.4, 10.399999999999999, 10.399999999999999, 10.399999999999999, 10.399999999999999, 10.399999999999999, 10.4, 10.4, 10.399999999999999, 10.4, 10.399999999999999, 10.399999999999999, 10.399999999999999, 10.399999999999999, 10.4, 10.4, 10.399999999999999, 10.399999999999999, 10.4], [10.399999999999999, 10.4, 10.399999999999999, 10.399999999999999, 10.4, 10.4, 10.399999999999999, 10.4, 10.399999999999999, 10.399999999999999, 10.399999999999999, 10.399999999999999, 10.399999999999999, 10.399999999999999, 10.399999999999999, 10.399999999999999, 10.4, 10.4, 10.4, 10.4], [10.399999999999999, 10.399999999999999, 10.399999999999999, 10.399999999999999, 10.4, 10.4, 10.4, 10.399999999999999, 10.4, 10.399999999999999, 10.4, 10.4, 10.399999999999999, 10.399999999999999, 10.399999999999999, 10.4, 10.399999999999999, 10.399999999999999, 10.399999999999999, 10.399999999999999], [10.4, 10.399999999999999, 10.4, 10.399999999999999, 10.399999999999999, 10.399999999999999, 10.399999999999999, 10.399999999999999, 10.399999999999999, 10.4, 10.399999999999999, 10.4, 10.399999999999999, 10.4, 10.399999999999999, 10.4, 10.399999999999999, 10.4, 10.399999999999999, 10.4], [10.399999999999999, 10.399999999999999, 10.399999999999999, 10.399999999999999, 10.399999999999999, 10.4, 10.4, 10.4, 10.399999999999999, 10.4, 10.4, 10.399999999999999, 10.4, 10.4, 10.399999999999999, 10.399999999999999, 10.399999999999999, 10.4, 10.399999999999999, 10.4]], "SAA_obj_avg": [10.34764597582507, 10.4, 10.4, 10.4, 10.4, 10.4], "bagging_alg1_obj_list": [[[[10.399999999999999, 10.13822987912535, 10.13822987912535, 10.13822987912535, 10.4, 10.399999999999999, 10.399999999999999, 10.13822987912535, 10.399999999999999, 10.399999999999999, 10.13822987912535, 10.4, 10.399999999999999, 10.4, 10.13822987912535, 10.13822987912535, 10.4, 10.13822987912535, 10.4, 10.13822987912535], [10.4, 10.399999999999999, 10.399999999999999, 10.399999999999999, 10.13822987912535, 10.399999999999999, 10.399999999999999, 10.399999999999999, 10.4, 10.399999999999999, 10.13822987912535, 10.4, 10.399999999999999, 10.4, 10.4, 10.399999999999999, 10.4, 10.4, 10.399999999999999, 10.399999999999999], [10.4, 10.4, 10.399999999999999, 10.399999999999999, 10.4, 10.399999999999999, 10.4, 10.399999999999999, 10.13822987912535, 10.399999999999999, 10.4, 10.4, 10.399999999999999, 10.399999999999999, 10.4, 10.399999999999999, 10.399999999999999, 10.4, 10.399999999999999, 10.399999999999999], [10.4, 10.4, 10.399999999999999, 10.399999999999999, 10.399999999999999, 10.399999999999999, 10.399999999999999, 10.399999999999999, 10.399999999999999, 10.4, 10.4, 10.4, 10.399999999999999, 10.399999999999999, 10.4, 10.4, 10.399999999999999, 10.399999999999999, 10.399999999999999, 10.399999999999999], [10.399999999999999, 10.399999999999999, 10.4, 10.399999999999999, 10.399999999999999, 10.399999999999999, 10.399999999999999, 10.399999999999999, 10.399999999999999, 10.399999999999999, 10.399999999999999, 10.4, 10.399999999999999, 10.399999999999999, 10.399999999999999, 10.399999999999999, 10.399999999999999, 10.399999999999999, 10.399999999999999, 10.399999999999999], [10.399999999999999, 10.399999999999999, 10.399999999999999, 10.399999999999999, 10.399999999999999, 10.4, 10.399999999999999, 10.399999999999999, 10.399999999999999, 10.399999999999999, 10.399999999999999, 10.399999999999999, 10.4, 10.399999999999999, 10.399999999999999, 10.399999999999999, 10.399999999999999, 10.399999999999999, 10.399999999999999, 10.399999999999999]]]], "bagging_alg1_obj_avg": [[[10.282203445606408, 10.373822987912536, 10.386911493956267, 10.4, 10.4, 10.4]]], "bagging_alg3_obj_list": [[[[10.399999999999999, 10.4, 10.399999999999999, 10.399999999999999, 10.399999999999999, 10.399999999999999, 10.399999999999999, 10.399999999999999, 10.399999999999999, 10.4, 10.399999999999999, 10.4, 10.399999999999999, 10.4, 10.399999999999999, 10.399999999999999, 10.4, 10.399999999999999, 10.399999999999999, 10.399999999999999], [10.13822987912535, 10.399999999999999, 10.399999999999999, 10.399999999999999, 10.399999999999999, 10.4, 10.399999999999999, 10.399999999999999, 10.4, 10.399999999999999, 10.399999999999999, 10.4, 10.399999999999999, 10.4, 10.399999999999999, 10.4, 10.4, 10.4, 10.399999999999999, 10.4], [10.4, 10.399999999999999, 10.399999999999999, 10.399999999999999, 10.4, 10.4, 10.4, 10.4, 10.399999999999999, 10.399999999999999, 10.4, 10.399999999999999, 10.4, 10.4, 10.4, 10.4, 10.399999999999999, 10.399999999999999, 10.4, 10.4], [10.4, 10.399999999999999, 10.4, 10.399999999999999, 10.399999999999999, 10.399999999999999, 10.399999999999999, 10.4, 10.399999999999999, 10.399999999999999, 10.4, 10.4, 10.399999999999999, 10.399999999999999, 10.399999999999999, 10.399999999999999, 10.399999999999999, 10.4, 10.399999999999999, 10.399999999999999], [10.399999999999999, 10.399999999999999, 10.4, 10.399999999999999, 10.399999999999999, 10.399999999999999, 10.399999999999999, 10.399999999999999, 10.399999999999999, 10.399999999999999, 10.399999999999999, 10.399999999999999, 10.399999999999999, 10.399999999999999, 10.4, 10.399999999999999, 10.399999999999999, 10.4, 10.399999999999999, 10.4], [10.4, 10.399999999999999, 10.4, 10.399999999999999, 10.399999999999999, 10.399999999999999, 10.399999999999999, 10.399999999999999, 10.399999999999999, 10.399999999999999, 10.399999999999999, 10.399999999999999, 10.399999999999999, 10.4, 10.399999999999999, 10.399999999999999, 10.4, 10.399999999999999, 10.399999999999999, 10.399999999999999]]]], "bagging_alg3_obj_avg": [[[10.4, 10.386911493956267, 10.4, 10.4, 10.4, 10.4]]], "bagging_alg4_obj_list": [[[[10.399999999999999, 10.399999999999999, 10.399999999999999, 10.399999999999999, 10.399999999999999, 10.399999999999999, 10.13822987912535, 10.399999999999999, 10.399999999999999, 10.399999999999999, 10.399999999999999, 10.399999999999999, 10.13822987912535, 10.399999999999999, 10.4, 10.13822987912535, 10.4, 10.399999999999999, 10.399999999999999, 10.399999999999999], [10.4, 10.399999999999999, 10.4, 10.399999999999999, 10.13822987912535, 10.4, 10.4, 10.399999999999999, 10.4, 10.399999999999999, 10.4, 10.399999999999999, 10.399999999999999, 10.399999999999999, 10.4, 10.399999999999999, 10.4, 10.399999999999999, 10.399999999999999, 10.4], [10.4, 10.4, 10.399999999999999, 10.399999999999999, 10.4, 10.399999999999999, 10.4, 10.4, 10.399999999999999, 10.399999999999999, 10.4, 10.399999999999999, 10.399999999999999, 10.399999999999999, 10.399999999999999, 10.399999999999999, 10.399999999999999, 10.4, 10.399999999999999, 10.399999999999999], [10.4, 10.4, 10.399999999999999, 10.4, 10.399999999999999, 10.399999999999999, 10.4, 10.399999999999999, 10.4, 10.399999999999999, 10.4, 10.4, 10.4, 10.399999999999999, 10.399999999999999, 10.399999999999999, 10.4, 10.4, 10.4, 10.399999999999999], [10.399999999999999, 10.4, 10.4, 10.399999999999999, 10.4, 10.399999999999999, 10.399999999999999, 10.4, 10.399999999999999, 10.399999999999999, 10.4, 10.4, 10.399999999999999, 10.4, 10.399999999999999, 10.4, 10.4, 10.399999999999999, 10.4, 10.399999999999999], [10.4, 10.399999999999999, 10.399999999999999, 10.4, 10.399999999999999, 10.399999999999999, 10.4, 10.399999999999999, 10.399999999999999, 10.4, 10.4, 10.399999999999999, 10.4, 10.4, 10.399999999999999, 10.399999999999999, 10.4, 10.399999999999999, 10.399999999999999, 10.4]]]], "bagging_alg4_obj_avg": [[[10.360734481868802, 10.386911493956267, 10.4, 10.4, 10.4, 10.4]]]}