{"SAA_obj_list": [[10.399999999999999, 10.4, 10.399999999999999, 10.262888930571435, 10.399999999999999, 10.4, 10.262888930571435, 10.399999999999999, 10.399999999999999, 10.4, 10.399999999999999, 10.399999999999999, 10.399999999999999, 10.262888930571435, 10.262888930571435, 10.262888930571435, 10.262888930571435, 10.399999999999999, 10.399999999999999, 10.262888930571435], [10.399999999999999, 10.4, 10.399999999999999, 10.399999999999999, 10.399999999999999, 10.262888930571435, 10.399999999999999, 10.4, 10.262888930571435, 10.399999999999999, 10.262888930571435, 10.262888930571435, 10.262888930571435, 10.399999999999999, 10.399999999999999, 10.4, 10.4, 10.399999999999999, 10.399999999999999, 10.4], [10.399999999999999, 10.4, 10.399999999999999, 10.399999999999999, 10.4, 10.4, 10.399999999999999, 10.4, 10.399999999999999, 10.262888930571435, 10.399999999999999, 10.399999999999999, 10.399999999999999, 10.399999999999999, 10.399999999999999, 10.399999999999999, 10.4, 10.4, 10.4, 10.4], [10.399999999999999, 10.399999999999999, 10.399999999999999, 10.399999999999999, 10.4, 10.4, 10.4, 10.399999999999999, 10.4, 10.399999999999999, 10.4, 10.4, 10.399999999999999, 10.399999999999999, 10.399999999999999, 10.4, 10.399999999999999, 10.399999999999999, 10.399999999999999, 10.399999999999999], [10.4, 10.399999999999999, 10.4, 10.399999999999999, 10.399999999999999, 10.399999999999999, 10.399999999999999, 10.399999999999999, 10.399999999999999, 10.4, 10.399999999999999, 10.4, 10.399999999999999, 10.4, 10.399999999999999, 10.4, 10.399999999999999, 10.4, 10.399999999999999, 10.4], [10.399999999999999, 10.399999999999999, 10.399999999999999, 10.399999999999999, 10.399999999999999, 10.4, 10.4, 10.4, 10.399999999999999, 10.4, 10.4, 10.399999999999999, 10.4, 10.4, 10.399999999999999, 10.399999999999999, 10.399999999999999, 10.4, 10.399999999999999, 10.4]], "SAA_obj_avg": [10.352011125700002, 10.365722232642858, 10.393144446528572, 10.4, 10.4, 10.4], "bagging_alg1_obj_list": [[[[10.399999999999999, 10.262888930571435, 10.262888930571435, 10.262888930571435, 10.262888930571435, 10.399999999999999, 10.399999999999999, 10.399999999999999, 10.262888930571435, 10.262888930571435, 10.262888930571435, 10.399999999999999, 10.399999999999999, 10.262888930571435, 10.262888930571435, 10.262888930571435, 10.262888930571435, 10.262888930571435, 10.262888930571435, 10.399999999999999], [10.399999999999999, 10.399999999999999, 10.4, 10.262888930571435, 10.262888930571435, 10.4, 10.399999999999999, 10.399999999999999, 10.4, 10.399999999999999, 10.262888930571435, 10.4, 10.262888930571435, 10.4, 10.4, 10.4, 10.399999999999999, 10.4, 10.262888930571435, 10.4], [10.4, 10.262888930571435, 10.399999999999999, 10.399999999999999, 10.262888930571435, 10.262888930571435, 10.399999999999999, 10.399999999999999, 10.399999999999999, 10.399999999999999, 10.4, 10.4, 10.399999999999999, 10.399999999999999, 10.262888930571435, 10.399999999999999, 10.399999999999999, 10.262888930571435, 10.399999999999999, 10.399999999999999], [10.4, 10.262888930571435, 10.399999999999999, 10.4, 10.262888930571435, 10.4, 10.399999999999999, 10.262888930571435, 10.4, 10.4, 10.4, 10.4, 10.262888930571435, 10.399999999999999, 10.4, 10.4, 10.399999999999999, 10.4, 10.4, 10.399999999999999], [10.4, 10.399999999999999, 10.399999999999999, 10.399999999999999, 10.399999999999999, 10.399999999999999, 10.399999999999999, 10.399999999999999, 10.4, 10.4, 10.4, 10.4, 10.4, 10.399999999999999, 10.399999999999999, 10.399999999999999, 10.4, 10.262888930571435, 10.399999999999999, 10.399999999999999], [10.399999999999999, 10.399999999999999, 10.399999999999999, 10.399999999999999, 10.399999999999999, 10.4, 10.399999999999999, 10.399999999999999, 10.4, 10.4, 10.399999999999999, 10.399999999999999, 10.4, 10.399999999999999, 10.399999999999999, 10.4, 10.399999999999999, 10.4, 10.4, 10.399999999999999]]]], "bagging_alg1_obj_avg": [[[10.310877804871431, 10.36572223264286, 10.365722232642858, 10.372577786114288, 10.393144446528572, 10.4]]], "bagging_alg3_obj_list": [[[[10.399999999999999, 10.4, 10.399999999999999, 10.399999999999999, 10.399999999999999, 10.399999999999999, 10.399999999999999, 10.399999999999999, 10.399999999999999, 10.4, 10.399999999999999, 10.4, 10.399999999999999, 10.262888930571435, 10.262888930571435, 10.399999999999999, 10.4, 10.262888930571435, 10.399999999999999, 10.399999999999999], [10.262888930571435, 10.399999999999999, 10.399999999999999, 10.399999999999999, 10.262888930571435, 10.4, 10.399999999999999, 10.399999999999999, 10.4, 10.399999999999999, 10.262888930571435, 10.4, 10.399999999999999, 10.4, 10.399999999999999, 10.4, 10.4, 10.4, 10.399999999999999, 10.4], [10.4, 10.4, 10.399999999999999, 10.399999999999999, 10.4, 10.4, 10.4, 10.4, 10.399999999999999, 10.399999999999999, 10.4, 10.399999999999999, 10.399999999999999, 10.4, 10.262888930571435, 10.4, 10.399999999999999, 10.4, 10.399999999999999, 10.4], [10.4, 10.399999999999999, 10.4, 10.399999999999999, 10.399999999999999, 10.4, 10.4, 10.399999999999999, 10.399999999999999, 10.399999999999999, 10.399999999999999, 10.4, 10.399999999999999, 10.399999999999999, 10.399999999999999, 10.399999999999999, 10.399999999999999, 10.4, 10.399999999999999, 10.399999999999999], [10.399999999999999, 10.399999999999999, 10.4, 10.399999999999999, 10.4, 10.399999999999999, 10.399999999999999, 10.399999999999999, 10.399999999999999, 10.399999999999999, 10.399999999999999, 10.4, 10.399999999999999, 10.399999999999999, 10.4, 10.399999999999999, 10.399999999999999, 10.399999999999999, 10.399999999999999, 10.4], [10.4, 10.399999999999999, 10.4, 10.399999999999999, 10.399999999999999, 10.399999999999999, 10.399999999999999, 10.399999999999999, 10.399999999999999, 10.4, 10.399999999999999, 10.399999999999999, 10.399999999999999, 10.4, 10.399999999999999, 10.399999999999999, 10.399999999999999, 10.399999999999999, 10.399999999999999, 10.399999999999999]]]], "bagging_alg3_obj_avg": [[[10.379433339585717, 10.379433339585717, 10.393144446528572, 10.4, 10.4, 10.4]]], "bagging_alg4_obj_list": [[[[10.399999999999999, 10.399999999999999, 10.399999999999999, 10.262888930571435, 10.399999999999999, 10.399999999999999, 10.262888930571435, 10.399999999999999, 10.399999999999999, 10.399999999999999, 10.262888930571435, 10.399999999999999, 10.262888930571435, 10.399999999999999, 10.262888930571435, 10.262888930571435, 10.262888930571435, 10.262888930571435, 10.399999999999999, 10.399999999999999], [10.4, 10.4, 10.262888930571435, 10.399999999999999, 10.262888930571435, 10.4, 10.399999999999999, 10.399999999999999, 10.4, 10.399999999999999, 10.4, 10.399999999999999, 10.399999999999999, 10.399999999999999, 10.4, 10.399999999999999, 10.4, 10.399999999999999, 10.399999999999999, 10.4], [10.399999999999999, 10.4, 10.399999999999999, 10.399999999999999, 10.4, 10.399999999999999, 10.4, 10.399999999999999, 10.399999999999999, 10.399999999999999, 10.4, 10.399999999999999, 10.399999999999999, 10.399999999999999, 10.399999999999999, 10.399999999999999, 10.399999999999999, 10.4, 10.399999999999999, 10.399999999999999], [10.4, 10.4, 10.399999999999999, 10.399999999999999, 10.399999999999999, 10.399999999999999, 10.4, 10.399999999999999, 10.4, 10.399999999999999, 10.4, 10.4, 10.4, 10.399999999999999, 10.399999999999999, 10.399999999999999, 10.4, 10.4, 10.4, 10.399999999999999], [10.4, 10.4, 10.399999999999999, 10.399999999999999, 10.4, 10.399999999999999, 10.4, 10.4, 10.399999999999999, 10.399999999999999, 10.4, 10.4, 10.399999999999999, 10.4, 10.399999999999999, 10.399999999999999, 10.4, 10.399999999999999, 10.4, 10.399999999999999], [10.4, 10.399999999999999, 10.399999999999999, 10.4, 10.399999999999999, 10.4, 10.4, 10.399999999999999, 10.399999999999999, 10.399999999999999, 10.4, 10.399999999999999, 10.4, 10.4, 10.399999999999999, 10.399999999999999, 10.399999999999999, 10.399999999999999, 10.399999999999999, 10.4]]]],