{"SAA_obj_list": [[10.648656426765777, 10.564128835387155, 10.246796768344884, 10.43759716450874, 10.320410587286151, 10.588585392529975, 10.624199869622958, 10.648656426765777, 10.687112581407606, 10.507013292400371, 10.271267357005078, 10.648656426765777, 10.43759716450874, 10.687112581407606, 10.050588104831931, 10.624199869622958, 10.318762910075755, 10.687112581407606, 10.271267357005078, 10.648656426765777], [10.687112581407606, 10.605540481278, 10.687112581407606, 10.648656426765777, 10.303912311331668, 10.564128835387155, 10.648656426765777, 10.318762910075755, 10.507013292400371, 10.648656426765777, 10.605540481278, 10.687112581407606, 10.687112581407606, 10.624199869622958, 10.62999703842082, 10.564128835387155, 10.261647367088969, 10.648656426765777, 10.687112581407606, 10.648656426765777], [10.648656426765777, 10.624199869622958, 10.648656426765777, 10.648656426765777, 10.687112581407606, 10.648656426765777, 10.648656426765777, 10.687112581407606, 10.687112581407606, 10.648656426765777, 10.687112581407606, 10.62999703842082, 10.648656426765777, 10.687112581407606, 10.62999703842082, 10.62999703842082, 10.648656426765777, 10.624199869622958, 10.687112581407606, 10.59130319143622], [10.624199869622958, 10.624199869622958, 10.648656426765777, 10.687112581407606, 10.687112581407606, 10.62999703842082, 10.687112581407606, 10.687112581407606, 10.648656426765777, 10.624199869622958, 10.648656426765777, 10.62999703842082, 10.648656426765777, 10.687112581407606, 10.62999703842082, 10.687112581407606, 10.687112581407606, 10.62999703842082, 10.687112581407606, 10.624199869622958]], "SAA_obj_avg": [10.495918906220783, 10.583185823156889, 10.652081047425822, 10.655415699524953], "bagging_alg1_obj_list": [[[[10.648656426765777, 10.351393574780332, 10.648656426765777, 10.43759716450874, 10.234206997557743, 10.588585392529975, 10.320410587286151, 10.648656426765777, 10.687112581407606, 10.624199869622958, 10.369794545882707, 10.624199869622958, 10.43759716450874, 10.687112581407606, 10.050588104831931, 10.624199869622958, 10.050588104831931, 10.605540481278, 10.648656426765777, 10.624199869622958], [10.687112581407606, 10.36398334556747, 10.687112581407606, 10.43759716450874, 10.624199869622958, 10.648656426765777, 10.648656426765777, 10.588585392529975, 10.624199869622958, 10.320410587286151, 10.060208094748038, 10.648656426765777, 10.303912311331668, 10.624199869622958, 10.62999703842082, 10.564128835387155, 10.564128835387155, 10.648656426765777, 10.62999703842082, 10.648656426765777], [10.624199869622958, 10.605540481278, 10.605540481278, 10.564128835387155, 10.624199869622958, 10.687112581407606, 10.648656426765777, 10.648656426765777, 10.687112581407606, 10.564128835387155, 10.624199869622958, 10.507013292400371, 10.320410587286151, 10.564128835387155, 10.605540481278, 10.624199869622958, 10.43759716450874, 10.648656426765777, 10.588585392529975, 10.62999703842082], [10.624199869622958, 10.648656426765777, 10.687112581407606, 10.648656426765777, 10.588585392529975, 10.648656426765777, 10.624199869622958, 10.687112581407606, 10.624199869622958, 10.687112581407606, 10.648656426765777, 10.624199869622958, 10.624199869622958, 10.687112581407606, 10.624199869622958, 10.687112581407606, 10.687112581407606, 10.687112581407606, 10.687112581407606, 10.687112581407606]]]], "bagging_alg1_obj_avg": [[[10.495597623318321, 10.547652777455045, 10.590480267337295, 10.655621177499963]]], "bagging_alg3_obj_list": [[[[10.648656426765777, 10.687112581407606, 10.246796768344884, 10.43759716450874, 10.320410587286151, 10.588585392529975, 10.43759716450874, 10.648656426765777, 10.62999703842082, 10.507013292400371, 10.507013292400371, 10.648656426765777, 10.648656426765777, 10.687112581407606, 10.295954030143331, 10.648656426765777, 10.234206997557743, 10.62999703842082, 10.648656426765777, 10.648656426765777], [10.687112581407606, 10.62999703842082, 10.687112581407606, 10.588585392529975, 10.62999703842082, 10.564128835387155, 10.648656426765777, 10.588585392529975, 10.605540481278, 10.648656426765777, 10.62999703842082, 10.687112581407606, 10.687112581407606, 10.62999703842082, 10.62999703842082, 10.507013292400371, 10.62999703842082, 10.648656426765777, 10.62999703842082, 10.62999703842082], [10.624199869622958, 10.588585392529975, 10.62999703842082, 10.59130319143622, 10.62999703842082, 10.588585392529975, 10.588585392529975, 10.62999703842082, 10.62999703842082, 10.648656426765777, 10.588585392529975, 10.62999703842082, 10.62999703842082, 10.687112581407606, 10.624199869622958, 10.62999703842082, 10.588585392529975, 10.648656426765777, 10.648656426765777, 10.588585392529975], [10.648656426765777, 10.624199869622958, 10.62999703842082, 10.62999703842082, 10.648656426765777, 10.648656426765777, 10.648656426765777, 10.687112581407606, 10.624199869622958, 10.62999703842082, 10.687112581407606, 10.62999703842082, 10.687112581407606, 10.648656426765777, 10.62999703842082, 10.62999703842082, 10.687112581407606, 10.648656426765777, 10.687112581407606, 10.648656426765777]]]], "bagging_alg3_obj_avg": [[[10.537499445834879, 10.629412465370988, 10.620713820825632, 10.650226993208465]]], "bagging_alg4_obj_list": [[[[10.588585392529975, 10.687112581407606, 10.246796768344884, 10.36398334556747, 10.050588104831931, 10.588585392529975, 10.43759716450874, 10.62999703842082, 10.588585392529975, 10.648656426765777, 10.507013292400371, 10.648656426765777, 10.43759716450874, 10.62999703842082, 10.341787774537353, 10.624199869622958, 10.234206997557743, 10.687112581407606, 10.271267357005078, 10.648656426765777], [10.687112581407606, 10.507013292400371, 10.687112581407606, 10.588585392529975, 10.588585392529975, 10.507013292400371, 10.648656426765777, 10.648656426765777, 10.507013292400371, 10.648656426765777, 10.59130319143622, 10.62999703842082, 10.687112581407606, 10.507013292400371, 10.588585392529975, 10.588585392529975, 10.507013292400371, 10.62999703842082, 10.588585392529975, 10.648656426765777], [10.624199869622958, 10.605540481278, 10.624199869622958, 10.687112581407606, 10.687112581407606, 10.62999703842082, 10.588585392529975, 10.62999703842082, 10.687112581407606, 10.588585392529975, 10.62999703842082, 10.62999703842082, 10.62999703842082, 10.62999703842082, 10.62999703842082, 10.648656426765777, 10.588585392529975, 10.624199869622958, 10.624199869622958, 10.588585392529975], [10.648656426765777, 10.62999703842082, 10.648656426765777, 10.648656426765777, 10.588585392529975, 10.648656426765777, 10.588585392529975, 10.588585392529975, 10.624199869622958, 10.62999703842082, 10.624199869622958, 10.648656426765777, 10.648656426765777, 10.564128835387155, 10.62999703842082, 10.605540481278, 10.648656426765777, 10.624199869622958, 10.62999703842082, 10.648656426765777]]]], "bagging_alg4_obj_avg": [[[10.493049126821468, 10.599262707210773, 10.628832748491204, 10.62586323354667]]]}