{
 "seed": 2024,
 "N": 5,
 "w": {
  "(0, 0)": 2.2299970384208208,
  "(0, 1)": 1.8467967683448843,
  "(0, 2)": 1.920410587286152,
  "(0, 3)": 2.1,
  "(0, 4)": 2.1,
  "(1, 0)": 2.2486564267657787,
  "(1, 1)": 1.8712673570050775,
  "(1, 2)": 2.1885853925299763,
  "(1, 3)": 2.1,
  "(1, 4)": 2.1,
  "(2, 0)": 1.8616473670889693,
  "(2, 1)": 2.107013292400371,
  "(2, 2)": 1.834206997557744,
  "(2, 3)": 2.1,
  "(2, 4)": 2.1,
  "(3, 0)": 2.1,
  "(3, 1)": 2.1,
  "(3, 2)": 2.1,
  "(3, 3)": 1.9493492168258015,
  "(3, 4)": 2.068530150456809,
  "(4, 0)": 2.1,
  "(4, 1)": 2.1,
  "(4, 2)": 2.1,
  "(4, 3)": 1.9971773176282428,
  "(4, 4)": 1.9744195964079279
 },
 "sample_args": {
  "type": "pareto",
  "params": [
   1.8130100876371935,
   2.1809208978850507,
   2.0864716397369123,
   1.8008608121212022,
   2.147753318151884,
   1.8413362693877964,
   2.160567580422659,
   1.9033315199239111,
   2.198743241099197
  ]
 },
 "B_list": [
  200
 ],
 "k_list": [
  [
   10,
   0.005
  ]
 ],
 "B12_list": [
  [
   20,
   200
  ]
 ],
 "epsilon": "dynamic",
 "tolerance": 0.001,
 "number_of_iterations": 20,
 "sample_number": [
  64,
  256,
  1024,
  4096
 ],
 "obj_opt": 10.687112581407606
}