{
 "seed": 2024,
 "N": 5,
 "w": {
  "(0, 0)": 1.836117502024566,
  "(0, 1)": 2.2125626040842725,
  "(0, 2)": 1.9923574672474356,
  "(0, 3)": 2.1,
  "(0, 4)": 2.1,
  "(1, 0)": 1.9891807875740348,
  "(1, 1)": 1.9814107824477298,
  "(1, 2)": 2.189336005906619,
  "(1, 3)": 2.1,
  "(1, 4)": 2.1,
  "(2, 0)": 1.8467525812983923,
  "(2, 1)": 1.8403637928544951,
  "(2, 2)": 1.9736420553286393,
  "(2, 3)": 2.1,
  "(2, 4)": 2.1,
  "(3, 0)": 2.1,
  "(3, 1)": 2.1,
  "(3, 2)": 2.1,
  "(3, 3)": 2.0649595823906575,
  "(3, 4)": 2.0640701705548197,
  "(4, 0)": 2.1,
  "(4, 1)": 2.1,
  "(4, 2)": 2.1,
  "(4, 3)": 1.9704589670614567,
  "(4, 4)": 1.9858052482658668
 },
 "sample_args": {
  "type": "pareto",
  "params": [
   2.1960041472384093,
   1.8246996869536483,
   2.0077013908846406,
   2.0109375480820844,
   2.0189413219059067,
   1.8408052854985333,
   2.1809825232143036,
   2.189960834227832,
   2.0270714936018903
  ]
 },
 "B_list": [
  200
 ],
 "k_list": [
  [
   10,
   0.005
  ]
 ],
 "B12_list": [
  [
   20,
   200
  ]
 ],
 "epsilon": "dynamic",
 "tolerance": 0.001,
 "number_of_iterations": 20,
 "sample_number": [
  64,
  256,
  1024,
  4096
 ],
 "obj_opt": 10.666858192381548
}