{"SAA_obj_list": [[10.389180787574034, 10.589336005906619, 10.612562604084271, 10.392357467247434, 10.392357467247434, 10.589336005906619, 10.238727832085823, 10.381410782447729, 10.589336005906619, 10.612562604084271, 10.381410782447729, 10.612562604084271, 10.392357467247434, 10.220012420167025, 10.104069630936484, 10.094504162819188, 10.666858192381548, 10.589336005906619, 10.381410782447729, 10.246497837212127], [10.666858192381548, 10.612562604084271, 10.589336005906619, 10.589336005906619, 10.666858192381548, 10.589336005906619, 10.389180787574034, 10.301048169595669, 10.093122946136779, 10.381410782447729, 10.240363792854495, 10.589336005906619, 10.666858192381548, 10.466702974048966, 10.236117502024566, 10.589336005906619, 10.246752581298392, 10.389180787574034, 10.589336005906619, 10.612562604084271], [10.389180787574034, 10.666858192381548, 10.612562604084271, 10.666858192381548, 10.589336005906619, 10.589336005906619, 10.589336005906619, 10.666858192381548, 10.589336005906619, 10.666858192381548, 10.666858192381548, 10.612562604084271, 10.466702974048966, 10.666858192381548, 10.392357467247434, 10.589336005906619, 10.666858192381548, 10.612562604084271, 10.666858192381548, 10.589336005906619], [10.666858192381548, 10.381410782447729, 10.666858192381548, 10.666858192381548, 10.666858192381548, 10.612562604084271, 10.666858192381548, 10.666858192381548, 10.612562604084271, 10.666858192381548, 10.589336005906619, 10.612562604084271, 10.612562604084271, 10.666858192381548, 10.612562604084271, 10.666858192381548, 10.666858192381548, 10.612562604084271, 10.666858192381548, 10.666858192381548]], "SAA_obj_avg": [10.42380937240705, 10.475279807215378, 10.597840530780768, 10.632421036071928], "bagging_alg1_obj_list": [[[[10.389180787574034, 10.227782425293332, 10.45116424180357, 10.466702974048966, 10.392357467247434, 10.589336005906619, 10.392357467247434, 10.389180787574034, 10.589336005906619, 10.666858192381548, 10.238727832085823, 10.389180787574034, 10.589336005906619, 10.666858192381548, 10.104069630936484, 10.466702974048966, 10.45116424180357, 10.238727832085823, 10.612562604084271, 10.466702974048966], [10.666858192381548, 10.612562604084271, 10.666858192381548, 10.246497837212127, 10.666858192381548, 10.294659381151773, 10.392357467247434, 10.666858192381548, 10.612562604084271, 10.392357467247434, 10.238727832085823, 10.589336005906619, 10.666858192381548, 10.389180787574034, 10.589336005906619, 10.589336005906619, 10.589336005906619, 10.381410782447729, 10.381410782447729, 10.381410782447729], [10.589336005906619, 10.227782425293332, 10.381410782447729, 10.466702974048966, 10.666858192381548, 10.381410782447729, 10.612562604084271, 10.589336005906619, 10.389180787574034, 10.666858192381548, 10.589336005906619, 10.37364205532864, 10.612562604084271, 10.666858192381548, 10.246497837212127, 10.381410782447729, 10.589336005906619, 10.612562604084271, 10.612562604084271, 10.589336005906619], [10.589336005906619, 10.666858192381548, 10.666858192381548, 10.589336005906619, 10.589336005906619, 10.589336005906619, 10.612562604084271, 10.666858192381548, 10.666858192381548, 10.666858192381548, 10.589336005906619, 10.589336005906619, 10.238727832085823, 10.612562604084271, 10.612562604084271, 10.666858192381548, 10.589336005906619, 10.666858192381548, 10.589336005906619, 10.589336005906619]]]], "bagging_alg1_obj_avg": [[[10.438914471496984, 10.500738665678227, 10.512277172490759, 10.602422352208453]]], "bagging_alg3_obj_list": [[[[10.389180787574034, 10.589336005906619, 10.612562604084271, 10.392357467247434, 10.392357467247434, 10.589336005906619, 10.392357467247434, 10.466702974048966, 10.589336005906619, 10.612562604084271, 10.381410782447729, 10.589336005906619, 10.466702974048966, 10.220012420167025, 10.392357467247434, 10.389180787574034, 10.45116424180357, 10.589336005906619, 10.612562604084271, 10.389180787574034], [10.666858192381548, 10.612562604084271, 10.589336005906619, 10.589336005906619, 10.666858192381548, 10.589336005906619, 10.392357467247434, 10.589336005906619, 10.246752581298392, 10.381410782447729, 10.666858192381548, 10.612562604084271, 10.666858192381548, 10.612562604084271, 10.589336005906619, 10.612562604084271, 10.246752581298392, 10.37364205532864, 10.589336005906619, 10.612562604084271], [10.612562604084271, 10.612562604084271, 10.381410782447729, 10.589336005906619, 10.612562604084271, 10.301048169595669, 10.589336005906619, 10.612562604084271, 10.589336005906619, 10.666858192381548, 10.612562604084271, 10.612562604084271, 10.666858192381548, 10.589336005906619, 10.589336005906619, 10.612562604084271, 10.589336005906619, 10.392357467247434, 10.589336005906619, 10.589336005906619], [10.666858192381548, 10.612562604084271, 10.589336005906619, 10.612562604084271, 10.666858192381548, 10.612562604084271, 10.589336005906619, 10.666858192381548, 10.666858192381548, 10.612562604084271, 10.589336005906619, 10.589336005906619, 10.589336005906619, 10.589336005906619, 10.589336005906619, 10.612562604084271, 10.612562604084271, 10.612562604084271, 10.666858192381548, 10.612562604084271]]]], "bagging_alg3_obj_avg": [[[10.475366673300702, 10.545358864650392, 10.57055795399484, 10.618007191796412]]], "bagging_alg4_obj_list": [[[[10.589336005906619, 10.589336005906619, 10.612562604084271, 10.612562604084271, 10.392357467247434, 10.589336005906619, 10.246497837212127, 10.381410782447729, 10.666858192381548, 10.612562604084271, 10.392357467247434, 10.389180787574034, 10.612562604084271, 10.612562604084271, 10.666858192381548, 10.094504162819188, 10.324274767773321, 10.238727832085823, 10.612562604084271, 10.389180787574034], [10.612562604084271, 10.612562604084271, 10.301048169595669, 10.589336005906619, 10.666858192381548, 10.589336005906619, 10.612562604084271, 10.381410782447729, 10.666858192381548, 10.589336005906619, 10.612562604084271, 10.589336005906619, 10.666858192381548, 10.612562604084271, 10.37364205532864, 10.666858192381548, 10.589336005906619, 10.381410782447729, 10.589336005906619, 10.612562604084271], [10.612562604084271, 10.612562604084271, 10.392357467247434, 10.612562604084271, 10.589336005906619, 10.666858192381548, 10.589336005906619, 10.589336005906619, 10.612562604084271, 10.666858192381548, 10.589336005906619, 10.612562604084271, 10.666858192381548, 10.290413090321843, 10.589336005906619, 10.381410782447729, 10.589336005906619, 10.589336005906619, 10.612562604084271, 10.589336005906619], [10.612562604084271, 10.612562604084271, 10.589336005906619, 10.612562604084271, 10.589336005906619, 10.612562604084271, 10.666858192381548, 10.666858192381548, 10.589336005906619, 10.612562604084271, 10.612562604084271, 10.612562604084271, 10.666858192381548, 10.666858192381548, 10.381410782447729, 10.612562604084271, 10.612562604084271, 10.612562604084271, 10.612562604084271, 10.666858192381548]]]], "bagging_alg4_obj_avg": [[[10.481279595948484, 10.565816810964566, 10.572740979446014, 10.611094920350116]]]}