{"SAA_obj_list": [[10.399999999999999, 10.4, 10.399999999999999, 10.299338239835603, 10.399999999999999, 10.4, 10.299338239835603, 10.399999999999999, 10.399999999999999, 10.4, 10.399999999999999, 10.399999999999999, 10.399999999999999, 10.299338239835603, 10.299338239835603, 10.299338239835603, 10.299338239835603, 10.299338239835603, 10.399999999999999, 10.299338239835603], [10.299338239835603, 10.4, 10.399999999999999, 10.399999999999999, 10.399999999999999, 10.299338239835603, 10.399999999999999, 10.4, 10.299338239835603, 10.399999999999999, 10.299338239835603, 10.299338239835603, 10.299338239835603, 10.399999999999999, 10.399999999999999, 10.4, 10.4, 10.399999999999999, 10.399999999999999, 10.299338239835603], [10.399999999999999, 10.4, 10.399999999999999, 10.399999999999999, 10.4, 10.4, 10.399999999999999, 10.4, 10.299338239835603, 10.299338239835603, 10.399999999999999, 10.399999999999999, 10.299338239835603, 10.399999999999999, 10.399999999999999, 10.399999999999999, 10.4, 10.4, 10.299338239835603, 10.4], [10.399999999999999, 10.399999999999999, 10.399999999999999, 10.399999999999999, 10.4, 10.4, 10.4, 10.399999999999999, 10.4, 10.399999999999999, 10.4, 10.4, 10.399999999999999, 10.399999999999999, 10.399999999999999, 10.4, 10.399999999999999, 10.399999999999999, 10.399999999999999, 10.399999999999999], [10.4, 10.399999999999999, 10.4, 10.399999999999999, 10.399999999999999, 10.399999999999999, 10.399999999999999, 10.399999999999999, 10.399999999999999, 10.4, 10.399999999999999, 10.4, 10.399999999999999, 10.4, 10.399999999999999, 10.4, 10.399999999999999, 10.4, 10.399999999999999, 10.4], [10.399999999999999, 10.399999999999999, 10.399999999999999, 10.399999999999999, 10.399999999999999, 10.4, 10.4, 10.4, 10.399999999999999, 10.4, 10.4, 10.399999999999999, 10.4, 10.4, 10.399999999999999, 10.399999999999999, 10.399999999999999, 10.4, 10.399999999999999, 10.4]], "SAA_obj_avg": [10.359735295934241, 10.36476838394246, 10.37986764796712, 10.4, 10.4, 10.4], "bagging_alg1_obj_list": [[[[10.399999999999999, 10.299338239835603, 10.299338239835603, 10.299338239835603, 10.299338239835603, 10.399999999999999, 10.399999999999999, 10.399999999999999, 10.299338239835603, 10.299338239835603, 10.299338239835603, 10.399999999999999, 10.399999999999999, 10.299338239835603, 10.299338239835603, 10.299338239835603, 10.299338239835603, 10.299338239835603, 10.299338239835603, 10.299338239835603], [10.399999999999999, 10.299338239835603, 10.299338239835603, 10.299338239835603, 10.299338239835603, 10.4, 10.299338239835603, 10.399999999999999, 10.4, 10.299338239835603, 10.299338239835603, 10.299338239835603, 10.299338239835603, 10.4, 10.4, 10.299338239835603, 10.399999999999999, 10.399999999999999, 10.299338239835603, 10.4], [10.4, 10.299338239835603, 10.399999999999999, 10.299338239835603, 10.299338239835603, 10.299338239835603, 10.399999999999999, 10.399999999999999, 10.399999999999999, 10.299338239835603, 10.4, 10.399999999999999, 10.399999999999999, 10.399999999999999, 10.299338239835603, 10.399999999999999, 10.399999999999999, 10.299338239835603, 10.399999999999999, 10.399999999999999], [10.299338239835603, 10.299338239835603, 10.399999999999999, 10.4, 10.299338239835603, 10.299338239835603, 10.399999999999999, 10.299338239835603, 10.4, 10.4, 10.4, 10.299338239835603, 10.299338239835603, 10.399999999999999, 10.399999999999999, 10.299338239835603, 10.399999999999999, 10.4, 10.4, 10.399999999999999], [10.299338239835603, 10.399999999999999, 10.299338239835603, 10.399999999999999, 10.399999999999999, 10.399999999999999, 10.399999999999999, 10.399999999999999, 10.4, 10.4, 10.399999999999999, 10.4, 10.399999999999999, 10.399999999999999, 10.399999999999999, 10.399999999999999, 10.4, 10.299338239835603, 10.399999999999999, 10.399999999999999], [10.399999999999999, 10.399999999999999, 10.4, 10.4, 10.399999999999999, 10.4, 10.399999999999999, 10.399999999999999, 10.4, 10.399999999999999, 10.399999999999999, 10.399999999999999, 10.4, 10.399999999999999, 10.399999999999999, 10.4, 10.399999999999999, 10.4, 10.399999999999999, 10.399999999999999]]]], "bagging_alg1_obj_avg": [[[10.329536767884923, 10.344636031909584, 10.36476838394246, 10.359735295934243, 10.38490073597534, 10.4]]], "bagging_alg3_obj_list": [[[[10.399999999999999, 10.4, 10.399999999999999, 10.299338239835603, 10.4, 10.399999999999999, 10.399999999999999, 10.399999999999999, 10.399999999999999, 10.4, 10.399999999999999, 10.4, 10.299338239835603, 10.299338239835603, 10.299338239835603, 10.299338239835603, 10.4, 10.299338239835603, 10.399999999999999, 10.399999999999999], [10.299338239835603, 10.299338239835603, 10.399999999999999, 10.399999999999999, 10.299338239835603, 10.4, 10.399999999999999, 10.399999999999999, 10.4, 10.399999999999999, 10.299338239835603, 10.4, 10.399999999999999, 10.4, 10.399999999999999, 10.4, 10.4, 10.4, 10.399999999999999, 10.4], [10.4, 10.4, 10.399999999999999, 10.399999999999999, 10.4, 10.4, 10.299338239835603, 10.4, 10.399999999999999, 10.399999999999999, 10.4, 10.399999999999999, 10.399999999999999, 10.4, 10.299338239835603, 10.4, 10.399999999999999, 10.4, 10.399999999999999, 10.4], [10.399999999999999, 10.399999999999999, 10.4, 10.399999999999999, 10.4, 10.399999999999999, 10.399999999999999, 10.399999999999999, 10.399999999999999, 10.399999999999999, 10.4, 10.4, 10.399999999999999, 10.399999999999999, 10.399999999999999, 10.399999999999999, 10.399999999999999, 10.4, 10.399999999999999, 10.399999999999999], [10.399999999999999, 10.399999999999999, 10.4, 10.399999999999999, 10.399999999999999, 10.399999999999999, 10.399999999999999, 10.399999999999999, 10.399999999999999, 10.399999999999999, 10.399999999999999, 10.4, 10.399999999999999, 10.399999999999999, 10.4, 10.399999999999999, 10.399999999999999, 10.399999999999999, 10.399999999999999, 10.4], [10.4, 10.399999999999999, 10.4, 10.399999999999999, 10.399999999999999, 10.399999999999999, 10.4, 10.399999999999999, 10.399999999999999, 10.399999999999999, 10.399999999999999, 10.399999999999999, 10.4, 10.399999999999999, 10.399999999999999, 10.399999999999999, 10.4, 10.399999999999999, 10.399999999999999, 10.399999999999999]]]], "bagging_alg3_obj_avg": [[[10.369801471950682, 10.37986764796712, 10.38993382398356, 10.4, 10.4, 10.4]]],