{
 "seed": 2024,
 "N": 5,
 "w": {
  "(0, 0)": 2.0,
  "(0, 1)": 2.0,
  "(0, 2)": 2.0,
  "(0, 3)": 2.1,
  "(0, 4)": 2.1,
  "(1, 0)": 2.0,
  "(1, 1)": 2.0,
  "(1, 2)": 2.0,
  "(1, 3)": 2.1,
  "(1, 4)": 2.1,
  "(2, 0)": 2.0,
  "(2, 1)": 2.0,
  "(2, 2)": 2.0,
  "(2, 3)": 2.1,
  "(2, 4)": 2.1,
  "(3, 0)": 2.1,
  "(3, 1)": 2.1,
  "(3, 2)": 2.1,
  "(3, 3)": 2.03831419324453,
  "(3, 4)": 2.0107766805141116,
  "(4, 0)": 2.1,
  "(4, 1)": 2.1,
  "(4, 2)": 2.1,
  "(4, 3)": 2.033602370627269,
  "(4, 4)": 2.0318748107567215
 },
 "sample_args": {
  "type": "pareto",
  "params": [
   2,
   2,
   2,
   2,
   2,
   2,
   2,
   2,
   2
  ]
 },
 "B_list": [
  200
 ],
 "k_list": [
  [
   10,
   0.005
  ]
 ],
 "B12_list": [
  [
   20,
   200
  ]
 ],
 "epsilon": "dynamic",
 "tolerance": 0.001,
 "number_of_iterations": 50,
 "sample_number": [
  64,
  128,
  256,
  512,
  1024,
  2048,
  4096
 ],
 "obj_opt": 10.399999999999999
}