{"SAA_obj_list": [[10.399999999999999, 10.4, 10.399999999999999, 10.236658755744383, 10.399999999999999, 10.4, 10.399999999999999, 10.399999999999999, 10.399999999999999, 10.4, 10.399999999999999, 10.399999999999999, 10.399999999999999, 10.236658755744383, 10.236658755744383, 10.236658755744383, 10.236658755744383, 10.399999999999999, 10.399999999999999, 10.236658755744383], [10.399999999999999, 10.4, 10.399999999999999, 10.399999999999999, 10.399999999999999, 10.236658755744383, 10.399999999999999, 10.4, 10.236658755744383, 10.399999999999999, 10.236658755744383, 10.399999999999999, 10.236658755744383, 10.399999999999999, 10.399999999999999, 10.4, 10.4, 10.399999999999999, 10.399999999999999, 10.4], [10.399999999999999, 10.4, 10.399999999999999, 10.399999999999999, 10.4, 10.4, 10.399999999999999, 10.4, 10.399999999999999, 10.236658755744383, 10.399999999999999, 10.399999999999999, 10.399999999999999, 10.399999999999999, 10.399999999999999, 10.399999999999999, 10.4, 10.4, 10.4, 10.4], [10.399999999999999, 10.399999999999999, 10.399999999999999, 10.399999999999999, 10.4, 10.4, 10.4, 10.399999999999999, 10.4, 10.399999999999999, 10.4, 10.4, 10.399999999999999, 10.399999999999999, 10.399999999999999, 10.4, 10.399999999999999, 10.399999999999999, 10.399999999999999, 10.399999999999999], [10.4, 10.399999999999999, 10.4, 10.399999999999999, 10.399999999999999, 10.399999999999999, 10.399999999999999, 10.399999999999999, 10.399999999999999, 10.4, 10.399999999999999, 10.4, 10.399999999999999, 10.4, 10.399999999999999, 10.4, 10.399999999999999, 10.4, 10.399999999999999, 10.4], [10.399999999999999, 10.399999999999999, 10.399999999999999, 10.399999999999999, 10.399999999999999, 10.4, 10.4, 10.4, 10.399999999999999, 10.4, 10.4, 10.399999999999999, 10.4, 10.4, 10.399999999999999, 10.399999999999999, 10.399999999999999, 10.4, 10.399999999999999, 10.4]], "SAA_obj_avg": [10.350997626723313, 10.367331751148877, 10.39183293778722, 10.4, 10.4, 10.4], "bagging_alg1_obj_list": [[[[10.399999999999999, 10.236658755744383, 10.236658755744383, 10.236658755744383, 10.236658755744383, 10.399999999999999, 10.399999999999999, 10.399999999999999, 10.236658755744383, 10.236658755744383, 10.236658755744383, 10.399999999999999, 10.399999999999999, 10.236658755744383, 10.236658755744383, 10.236658755744383, 10.236658755744383, 10.236658755744383, 10.236658755744383, 10.399999999999999], [10.399999999999999, 10.399999999999999, 10.4, 10.236658755744383, 10.4, 10.4, 10.399999999999999, 10.399999999999999, 10.4, 10.4, 10.236658755744383, 10.4, 10.236658755744383, 10.4, 10.4, 10.4, 10.399999999999999, 10.4, 10.236658755744383, 10.4], [10.4, 10.4, 10.399999999999999, 10.399999999999999, 10.4, 10.236658755744383, 10.399999999999999, 10.399999999999999, 10.399999999999999, 10.236658755744383, 10.4, 10.4, 10.399999999999999, 10.399999999999999, 10.399999999999999, 10.399999999999999, 10.399999999999999, 10.399999999999999, 10.399999999999999, 10.399999999999999], [10.4, 10.4, 10.399999999999999, 10.4, 10.236658755744383, 10.4, 10.399999999999999, 10.236658755744383, 10.4, 10.4, 10.4, 10.4, 10.236658755744383, 10.399999999999999, 10.4, 10.4, 10.399999999999999, 10.4, 10.4, 10.399999999999999], [10.4, 10.399999999999999, 10.399999999999999, 10.399999999999999, 10.399999999999999, 10.399999999999999, 10.399999999999999, 10.399999999999999, 10.4, 10.4, 10.4, 10.4, 10.4, 10.399999999999999, 10.399999999999999, 10.399999999999999, 10.4, 10.236658755744383, 10.399999999999999, 10.399999999999999], [10.399999999999999, 10.399999999999999, 10.399999999999999, 10.399999999999999, 10.399999999999999, 10.4, 10.399999999999999, 10.399999999999999, 10.4, 10.399999999999999, 10.399999999999999, 10.399999999999999, 10.4, 10.399999999999999, 10.399999999999999, 10.4, 10.399999999999999, 10.4, 10.4, 10.399999999999999]]]], "bagging_alg1_obj_avg": [[[10.293828191233846, 10.367331751148878, 10.38366587557444, 10.375498813361657, 10.391832937787218, 10.4]]], "bagging_alg3_obj_list": [[[[10.399999999999999, 10.399999999999999, 10.399999999999999, 10.399999999999999, 10.399999999999999, 10.399999999999999, 10.399999999999999, 10.399999999999999, 10.399999999999999, 10.4, 10.399999999999999, 10.4, 10.399999999999999, 10.236658755744383, 10.236658755744383, 10.399999999999999, 10.4, 10.236658755744383, 10.399999999999999, 10.399999999999999], [10.236658755744383, 10.399999999999999, 10.399999999999999, 10.399999999999999, 10.236658755744383, 10.4, 10.399999999999999, 10.399999999999999, 10.4, 10.399999999999999, 10.236658755744383, 10.4, 10.399999999999999, 10.4, 10.399999999999999, 10.4, 10.4, 10.4, 10.399999999999999, 10.4], [10.4, 10.4, 10.399999999999999, 10.399999999999999, 10.4, 10.4, 10.4, 10.4, 10.399999999999999, 10.399999999999999, 10.4, 10.399999999999999, 10.399999999999999, 10.4, 10.4, 10.4, 10.399999999999999, 10.4, 10.399999999999999, 10.399999999999999], [10.4, 10.4, 10.4, 10.399999999999999, 10.399999999999999, 10.4, 10.4, 10.4, 10.399999999999999, 10.399999999999999, 10.399999999999999, 10.4, 10.399999999999999, 10.399999999999999, 10.399999999999999, 10.399999999999999, 10.399999999999999, 10.4, 10.399999999999999, 10.399999999999999], [10.399999999999999, 10.399999999999999, 10.4, 10.399999999999999, 10.399999999999999, 10.399999999999999, 10.399999999999999, 10.399999999999999, 10.399999999999999, 10.399999999999999, 10.399999999999999, 10.399999999999999, 10.399999999999999, 10.399999999999999, 10.4, 10.399999999999999, 10.399999999999999, 10.399999999999999, 10.399999999999999, 10.4], [10.4, 10.399999999999999, 10.4, 10.399999999999999, 10.399999999999999, 10.4, 10.399999999999999, 10.399999999999999, 10.399999999999999, 10.4, 10.399999999999999, 10.399999999999999, 10.4, 10.4, 10.399999999999999, 10.399999999999999, 10.399999999999999, 10.399999999999999, 10.399999999999999, 10.399999999999999]]]], "bagging_alg3_obj_avg": [[[10.375498813361656, 10.375498813361657, 10.4, 10.4, 10.4, 10.4]]], "bagging_alg4_obj_list": [[[[10.399999999999999, 10.399999999999999, 10.399999999999999, 10.399999999999999, 10.399999999999999, 10.399999999999999, 10.236658755744383, 10.399999999999999, 10.399999999999999, 10.399999999999999, 10.236658755744383, 10.399999999999999, 10.236658755744383, 10.399999999999999, 10.236658755744383, 10.236658755744383, 10.236658755744383, 10.236658755744383, 10.399999999999999, 10.399999999999999], [10.4, 10.4, 10.399999999999999, 10.399999999999999, 10.236658755744383, 10.4, 10.399999999999999, 10.399999999999999, 10.4, 10.399999999999999, 10.4, 10.399999999999999, 10.399999999999999, 10.399999999999999, 10.4, 10.399999999999999, 10.4, 10.399999999999999, 10.399999999999999, 10.4], [10.399999999999999, 10.399999999999999, 10.399999999999999, 10.399999999999999, 10.4, 10.399999999999999, 10.4, 10.399999999999999, 10.399999999999999, 10.399999999999999, 10.4, 10.399999999999999, 10.399999999999999, 10.399999999999999, 10.399999999999999, 10.399999999999999, 10.399999999999999, 10.4, 10.4, 10.399999999999999], [10.4, 10.4, 10.399999999999999, 10.4, 10.4, 10.399999999999999, 10.4, 10.399999999999999, 10.4, 10.399999999999999, 10.4, 10.4, 10.4, 10.399999999999999, 10.399999999999999, 10.399999999999999, 10.4, 10.4, 10.4, 10.399999999999999], [10.4, 10.4, 10.4, 10.399999999999999, 10.4, 10.399999999999999, 10.399999999999999, 10.4, 10.399999999999999, 10.399999999999999, 10.4, 10.4, 10.4, 10.4, 10.399999999999999, 10.399999999999999, 10.399999999999999, 10.399999999999999, 10.4, 10.399999999999999], [10.4, 10.399999999999999, 10.399999999999999, 10.399999999999999, 10.399999999999999, 10.4, 10.4, 10.399999999999999, 10.399999999999999, 10.399999999999999, 10.4, 10.399999999999999, 10.4, 10.4, 10.399999999999999, 10.399999999999999, 10.399999999999999, 10.399999999999999, 10.399999999999999, 10.4]]]], "bagging_alg4_obj_avg": [[[10.342830564510532, 10.39183293778722, 10.4, 10.4, 10.4, 10.4]]]}