{
 "seed": 2024,
 "N": 5,
 "w": {
  "(0, 0)": 2.1291994390709372,
  "(0, 1)": 1.9950475844882818,
  "(0, 2)": 2.0847041170045353,
  "(0, 3)": 2.1,
  "(0, 4)": 2.1,
  "(1, 0)": 2.172603027501161,
  "(1, 1)": 2.152156988948352,
  "(1, 2)": 2.0120916661242156,
  "(1, 3)": 2.1,
  "(1, 4)": 2.1,
  "(2, 0)": 2.1847064170878174,
  "(2, 1)": 1.8355179999704918,
  "(2, 2)": 1.964414370278916,
  "(2, 3)": 2.1,
  "(2, 4)": 2.1,
  "(3, 0)": 2.1,
  "(3, 1)": 2.1,
  "(3, 2)": 2.1,
  "(3, 3)": 2.0166450832969267,
  "(3, 4)": 2.013156985600327,
  "(4, 0)": 2.1,
  "(4, 1)": 2.1,
  "(4, 2)": 2.1,
  "(4, 3)": 1.9332069388990154,
  "(4, 4)": 2.038415528790332
 },
 "sample_args": {
  "type": "pareto",
  "params": [
   1.8855831533380518,
   2.004977064000678,
   1.9219103941096398,
   1.8528035290263736,
   1.8679372772913219,
   1.9880527954839107,
   1.844090979483463,
   2.196862305821439,
   2.036898692945432
  ]
 },
 "B_list": [
  200
 ],
 "k_list": [
  [
   10,
   0.005
  ]
 ],
 "B12_list": [
  [
   20,
   200
  ]
 ],
 "epsilon": "dynamic",
 "tolerance": 0.001,
 "number_of_iterations": 50,
 "sample_number": [
  64,
  128,
  256,
  512,
  1024,
  2048,
  4096,
  8192,
  16384,
  32768
 ],
 "obj_opt": 10.584706417087817
}