{"SAA_obj_list": [[10.399999999999999, 10.4, 10.399999999999999, 10.251048103482411, 10.399999999999999, 10.4, 10.399999999999999, 10.399999999999999, 10.399999999999999, 10.4, 10.399999999999999, 10.399999999999999, 10.399999999999999, 10.251048103482411, 10.251048103482411, 10.251048103482411, 10.251048103482411, 10.399999999999999, 10.399999999999999, 10.251048103482411], [10.399999999999999, 10.4, 10.399999999999999, 10.399999999999999, 10.399999999999999, 10.251048103482411, 10.399999999999999, 10.4, 10.251048103482411, 10.399999999999999, 10.251048103482411, 10.399999999999999, 10.251048103482411, 10.399999999999999, 10.399999999999999, 10.4, 10.4, 10.399999999999999, 10.399999999999999, 10.4], [10.399999999999999, 10.4, 10.399999999999999, 10.399999999999999, 10.4, 10.4, 10.399999999999999, 10.4, 10.399999999999999, 10.251048103482411, 10.399999999999999, 10.399999999999999, 10.399999999999999, 10.399999999999999, 10.399999999999999, 10.399999999999999, 10.4, 10.4, 10.4, 10.4], [10.399999999999999, 10.399999999999999, 10.399999999999999, 10.399999999999999, 10.4, 10.4, 10.4, 10.399999999999999, 10.4, 10.399999999999999, 10.4, 10.4, 10.399999999999999, 10.399999999999999, 10.399999999999999, 10.4, 10.399999999999999, 10.399999999999999, 10.399999999999999, 10.399999999999999], [10.4, 10.399999999999999, 10.4, 10.399999999999999, 10.399999999999999, 10.399999999999999, 10.399999999999999, 10.399999999999999, 10.399999999999999, 10.4, 10.399999999999999, 10.4, 10.399999999999999, 10.4, 10.399999999999999, 10.4, 10.399999999999999, 10.4, 10.399999999999999, 10.4], [10.399999999999999, 10.399999999999999, 10.399999999999999, 10.399999999999999, 10.399999999999999, 10.4, 10.4, 10.4, 10.399999999999999, 10.4, 10.4, 10.399999999999999, 10.4, 10.4, 10.399999999999999, 10.399999999999999, 10.399999999999999, 10.4, 10.399999999999999, 10.4]], "SAA_obj_avg": [10.355314431044723, 10.370209620696482, 10.39255240517412, 10.4, 10.4, 10.4], "bagging_alg1_obj_list": [[[[10.399999999999999, 10.251048103482411, 10.251048103482411, 10.251048103482411, 10.251048103482411, 10.399999999999999, 10.399999999999999, 10.399999999999999, 10.251048103482411, 10.251048103482411, 10.251048103482411, 10.399999999999999, 10.399999999999999, 10.251048103482411, 10.251048103482411, 10.251048103482411, 10.251048103482411, 10.251048103482411, 10.251048103482411, 10.399999999999999], [10.399999999999999, 10.251048103482411, 10.4, 10.251048103482411, 10.251048103482411, 10.4, 10.399999999999999, 10.399999999999999, 10.4, 10.399999999999999, 10.251048103482411, 10.251048103482411, 10.251048103482411, 10.4, 10.4, 10.251048103482411, 10.399999999999999, 10.399999999999999, 10.251048103482411, 10.4], [10.4, 10.251048103482411, 10.399999999999999, 10.399999999999999, 10.251048103482411, 10.251048103482411, 10.399999999999999, 10.399999999999999, 10.399999999999999, 10.399999999999999, 10.4, 10.399999999999999, 10.399999999999999, 10.399999999999999, 10.251048103482411, 10.399999999999999, 10.399999999999999, 10.251048103482411, 10.251048103482411, 10.399999999999999], [10.4, 10.399999999999999, 10.399999999999999, 10.4, 10.251048103482411, 10.251048103482411, 10.399999999999999, 10.399999999999999, 10.4, 10.4, 10.4, 10.4, 10.251048103482411, 10.399999999999999, 10.399999999999999, 10.4, 10.399999999999999, 10.4, 10.4, 10.399999999999999], [10.251048103482411, 10.399999999999999, 10.399999999999999, 10.399999999999999, 10.399999999999999, 10.399999999999999, 10.399999999999999, 10.399999999999999, 10.4, 10.4, 10.4, 10.4, 10.399999999999999, 10.399999999999999, 10.399999999999999, 10.399999999999999, 10.4, 10.251048103482411, 10.399999999999999, 10.399999999999999], [10.399999999999999, 10.399999999999999, 10.399999999999999, 10.4, 10.4, 10.4, 10.399999999999999, 10.399999999999999, 10.4, 10.399999999999999, 10.399999999999999, 10.399999999999999, 10.4, 10.399999999999999, 10.4, 10.399999999999999, 10.399999999999999, 10.4, 10.399999999999999, 10.399999999999999]]]], "bagging_alg1_obj_avg": [[[10.303181267263568, 10.340419241392965, 10.355314431044723, 10.377657215522362, 10.385104810348242, 10.4]]], "bagging_alg3_obj_list": [[[[10.399999999999999, 10.4, 10.399999999999999, 10.399999999999999, 10.399999999999999, 10.399999999999999, 10.399999999999999, 10.399999999999999, 10.399999999999999, 10.4, 10.399999999999999, 10.4, 10.399999999999999, 10.251048103482411, 10.251048103482411, 10.399999999999999, 10.4, 10.251048103482411, 10.399999999999999, 10.399999999999999], [10.251048103482411, 10.399999999999999, 10.399999999999999, 10.399999999999999, 10.251048103482411, 10.4, 10.399999999999999, 10.399999999999999, 10.4, 10.399999999999999, 10.251048103482411, 10.4, 10.399999999999999, 10.4, 10.399999999999999, 10.4, 10.4, 10.4, 10.399999999999999, 10.4], [10.4, 10.4, 10.399999999999999, 10.399999999999999, 10.4, 10.4, 10.4, 10.4, 10.399999999999999, 10.399999999999999, 10.4, 10.399999999999999, 10.399999999999999, 10.4, 10.251048103482411, 10.4, 10.399999999999999, 10.4, 10.399999999999999, 10.399999999999999], [10.4, 10.4, 10.4, 10.399999999999999, 10.399999999999999, 10.399999999999999, 10.4, 10.4, 10.399999999999999, 10.399999999999999, 10.399999999999999, 10.4, 10.399999999999999, 10.399999999999999, 10.399999999999999, 10.399999999999999, 10.399999999999999, 10.4, 10.399999999999999, 10.399999999999999], [10.399999999999999, 10.399999999999999, 10.4, 10.399999999999999, 10.4, 10.399999999999999, 10.399999999999999, 10.399999999999999, 10.399999999999999, 10.399999999999999, 10.399999999999999, 10.399999999999999, 10.399999999999999, 10.399999999999999, 10.4, 10.399999999999999, 10.399999999999999, 10.399999999999999, 10.399999999999999, 10.4], [10.4, 10.399999999999999, 10.4, 10.399999999999999, 10.399999999999999, 10.399999999999999, 10.399999999999999, 10.399999999999999, 10.399999999999999, 10.4, 10.399999999999999, 10.399999999999999, 10.399999999999999, 10.4, 10.399999999999999, 10.399999999999999, 10.399999999999999, 10.399999999999999, 10.399999999999999, 10.399999999999999]]]], "bagging_alg3_obj_avg": [[[10.377657215522362, 10.377657215522362, 10.39255240517412, 10.4, 10.4, 10.4]]],