{"SAA_obj_list": [[10.567025151214887, 10.439354246062965, 10.573887571758817, 10.439354246062965, 10.439354246062965, 10.346372033360124, 10.474249977547416, 10.567025151214887, 10.407461324031896, 10.573887571758817, 10.567025151214887, 10.573887571758817, 10.439354246062965, 10.388479421201481, 10.439354246062965, 10.074887682786773, 10.332542322228914, 10.449568711873255, 10.567025151214887, 10.240157378972683], [10.573887571758817, 10.573887571758817, 10.53212941973044, 10.567025151214887, 10.573887571758817, 10.332542322228914, 10.432142589706055, 10.53212941973044, 10.574236807571797, 10.567025151214887, 10.149416454178514, 10.53212941973044, 10.573887571758817, 10.381902361025446, 10.407461324031896, 10.53212941973044, 10.53212941973044, 10.567025151214887, 10.407461324031896, 10.574236807571797], [10.53212941973044, 10.581099228115729, 10.567025151214887, 10.573887571758817, 10.574236807571797, 10.53212941973044, 10.53212941973044, 10.573887571758817, 10.207874226530372, 10.581099228115729, 10.567025151214887, 10.573887571758817, 10.474249977547416, 10.567025151214887, 10.432142589706055, 10.567025151214887, 10.567025151214887, 10.574236807571797, 10.581099228115729, 10.574236807571797], [10.581099228115729, 10.574236807571797, 10.581099228115729, 10.573887571758817, 10.581099228115729, 10.581099228115729, 10.574236807571797, 10.581099228115729, 10.567025151214887, 10.573887571758817, 10.574236807571797, 10.567025151214887, 10.567025151214887, 10.573887571758817, 10.567025151214887, 10.574236807571797, 10.567025151214887, 10.581099228115729, 10.573887571758817, 10.574236807571797]], "SAA_obj_avg": [10.445012670122669, 10.495833641483921, 10.53667258156943, 10.574422772483153], "bagging_alg1_obj_list": [[[[10.332932552640157, 10.439354246062965, 10.395341841745413, 10.581099228115729, 10.439354246062965, 10.432142589706055, 10.432142589706055, 10.381902361025446, 10.407461324031896, 10.573887571758817, 10.449568711873255, 10.332932552640157, 10.474249977547416, 10.388479421201481, 10.439354246062965, 10.381902361025446, 10.581099228115729, 10.474249977547416, 10.581099228115729, 10.381902361025446], [10.573887571758817, 10.474249977547416, 10.567025151214887, 10.474249977547416, 10.573887571758817, 10.574236807571797, 10.432142589706055, 10.374300474257293, 10.581099228115729, 10.53212941973044, 10.474249977547416, 10.53212941973044, 10.474249977547416, 10.439354246062965, 10.388479421201481, 10.567025151214887, 10.574236807571797, 10.567025151214887, 10.449568711873255, 10.567025151214887], [10.266872893520146, 10.581099228115729, 10.567025151214887, 10.381902361025446, 10.573887571758817, 10.567025151214887, 10.574236807571797, 10.567025151214887, 10.567025151214887, 10.567025151214887, 10.474249977547416, 10.573887571758817, 10.573887571758817, 10.573887571758817, 10.407461324031896, 10.567025151214887, 10.567025151214887, 10.574236807571797, 10.439354246062965, 10.407461324031896], [10.581099228115729, 10.449568711873255, 10.567025151214887, 10.573887571758817, 10.573887571758817, 10.581099228115729, 10.573887571758817, 10.573887571758817, 10.381902361025446, 10.581099228115729, 10.567025151214887, 10.53212941973044, 10.573887571758817, 10.573887571758817, 10.407461324031896, 10.574236807571797, 10.567025151214887, 10.573887571758817, 10.567025151214887, 10.332932552640157]]]], "bagging_alg1_obj_avg": [[[10.445022830800529, 10.509527639219407, 10.518580065750928, 10.535342123419571]]], "bagging_alg3_obj_list": [[[[10.567025151214887, 10.432142589706055, 10.573887571758817, 10.439354246062965, 10.439354246062965, 10.325330665872004, 10.432142589706055, 10.567025151214887, 10.407461324031896, 10.573887571758817, 10.567025151214887, 10.573887571758817, 10.432142589706055, 10.388479421201481, 10.378027944626034, 10.332932552640157, 10.439354246062965, 10.449568711873255, 10.567025151214887, 10.240157378972683], [10.374300474257293, 10.573887571758817, 10.53212941973044, 10.567025151214887, 10.395341841745413, 10.574236807571797, 10.439354246062965, 10.567025151214887, 10.53212941973044, 10.567025151214887, 10.574236807571797, 10.53212941973044, 10.573887571758817, 10.573887571758817, 10.407461324031896, 10.567025151214887, 10.53212941973044, 10.567025151214887, 10.407461324031896, 10.573887571758817], [10.573887571758817, 10.581099228115729, 10.567025151214887, 10.573887571758817, 10.53212941973044, 10.53212941973044, 10.574236807571797, 10.53212941973044, 10.567025151214887, 10.581099228115729, 10.573887571758817, 10.567025151214887, 10.573887571758817, 10.573887571758817, 10.474249977547416, 10.574236807571797, 10.567025151214887, 10.53212941973044, 10.53212941973044, 10.567025151214887], [10.581099228115729, 10.574236807571797, 10.53212941973044, 10.567025151214887, 10.567025151214887, 10.53212941973044, 10.53212941973044, 10.573887571758817, 10.567025151214887, 10.573887571758817, 10.407461324031896, 10.567025151214887, 10.567025151214887, 10.567025151214887, 10.474249977547416, 10.574236807571797, 10.573887571758817, 10.53212941973044, 10.573887571758817, 10.567025151214887]]]], "bagging_alg3_obj_avg": [[[10.45631059133303, 10.521579327365226, 10.55750663812216, 10.550226408464992]]], "bagging_alg4_obj_list": [[[[10.574236807571797, 10.332542322228914, 10.573887571758817, 10.573887571758817, 10.432142589706055, 10.325330665872004, 10.174097719852675, 10.567025151214887, 10.374300474257293, 10.573887571758817, 10.474249977547416, 10.332932552640157, 10.240157378972683, 10.567025151214887, 10.439354246062965, 10.407461324031896, 10.581099228115729, 10.449568711873255, 10.567025151214887, 10.332932552640157], [10.346372033360124, 10.573887571758817, 10.332542322228914, 10.325330665872004, 10.374300474257293, 10.574236807571797, 10.53212941973044, 10.378027944626034, 10.266872893520146, 10.567025151214887, 10.474249977547416, 10.432142589706055, 10.573887571758817, 10.581099228115729, 10.407461324031896, 10.374300474257293, 10.53212941973044, 10.567025151214887, 10.407461324031896, 10.53212941973044], [10.573887571758817, 10.573887571758817, 10.567025151214887, 10.573887571758817, 10.53212941973044, 10.574236807571797, 10.53212941973044, 10.581099228115729, 10.573887571758817, 10.53212941973044, 10.567025151214887, 10.567025151214887, 10.474249977547416, 10.573887571758817, 10.407461324031896, 10.574236807571797, 10.567025151214887, 10.574236807571797, 10.53212941973044, 10.53212941973044], [10.581099228115729, 10.567025151214887, 10.567025151214887, 10.573887571758817, 10.573887571758817, 10.573887571758817, 10.574236807571797, 10.581099228115729, 10.574236807571797, 10.573887571758817, 10.574236807571797, 10.573887571758817, 10.53212941973044, 10.567025151214887, 10.567025151214887, 10.573887571758817, 10.567025151214887, 10.567025151214887, 10.567025151214887, 10.573887571758817]]]], "bagging_alg4_obj_avg": [[[10.444657236014704, 10.457630588213267, 10.549185325735813, 10.57017136797466]]]}