{
 "seed": 2024,
 "N": 5,
 "w": {
  "(0, 0)": 2.0074613240318975,
  "(0, 1)": 2.1738875717588186,
  "(0, 2)": 2.032142589706056,
  "(0, 3)": 2.1,
  "(0, 4)": 2.1,
  "(1, 0)": 1.932932552640157,
  "(1, 1)": 2.1670251512148884,
  "(1, 2)": 1.9253306658720037,
  "(1, 3)": 2.1,
  "(1, 4)": 2.1,
  "(2, 0)": 2.1321294197304397,
  "(2, 1)": 1.8668728935201464,
  "(2, 2)": 1.9463720333601238,
  "(2, 3)": 2.1,
  "(2, 4)": 2.1,
  "(3, 0)": 2.1,
  "(3, 1)": 2.1,
  "(3, 2)": 2.1,
  "(3, 3)": 1.959548065357353,
  "(3, 4)": 1.9739743410494577,
  "(4, 0)": 2.1,
  "(4, 1)": 2.1,
  "(4, 2)": 2.1,
  "(4, 3)": 2.0727564429251917,
  "(4, 4)": 2.0750822366264705
 },
 "sample_args": {
  "type": "pareto",
  "params": [
   1.9925939350187292,
   1.8518703358463149,
   1.9688583825271568,
   2.0718888489527405,
   1.8568795616435405,
   2.080694757973497,
   1.8832912408884315,
   2.153571656784951,
   2.056666897107545
  ]
 },
 "B_list": [
  200
 ],
 "k_list": [
  [
   10,
   0.005
  ]
 ],
 "B12_list": [
  [
   20,
   200
  ]
 ],
 "epsilon": "dynamic",
 "tolerance": 0.001,
 "number_of_iterations": 20,
 "sample_number": [
  64,
  256,
  1024,
  4096
 ],
 "obj_opt": 10.581099228115729
}