{"SAA_obj_list": [[10.399999999999999, 10.4, 10.399999999999999, 10.280633735157386, 10.399999999999999, 10.4, 10.280633735157386, 10.399999999999999, 10.399999999999999, 10.4, 10.399999999999999, 10.399999999999999, 10.399999999999999, 10.280633735157386, 10.280633735157386, 10.280633735157386, 10.280633735157386, 10.399999999999999, 10.399999999999999, 10.280633735157386], [10.280633735157386, 10.4, 10.399999999999999, 10.399999999999999, 10.399999999999999, 10.280633735157386, 10.399999999999999, 10.4, 10.280633735157386, 10.399999999999999, 10.280633735157386, 10.280633735157386, 10.280633735157386, 10.399999999999999, 10.399999999999999, 10.4, 10.4, 10.399999999999999, 10.399999999999999, 10.4], [10.399999999999999, 10.4, 10.399999999999999, 10.399999999999999, 10.4, 10.4, 10.399999999999999, 10.4, 10.280633735157386, 10.280633735157386, 10.399999999999999, 10.399999999999999, 10.399999999999999, 10.399999999999999, 10.399999999999999, 10.399999999999999, 10.4, 10.4, 10.280633735157386, 10.4], [10.399999999999999, 10.399999999999999, 10.399999999999999, 10.399999999999999, 10.4, 10.4, 10.4, 10.399999999999999, 10.4, 10.399999999999999, 10.4, 10.4, 10.399999999999999, 10.399999999999999, 10.399999999999999, 10.4, 10.399999999999999, 10.399999999999999, 10.399999999999999, 10.399999999999999], [10.4, 10.399999999999999, 10.4, 10.399999999999999, 10.399999999999999, 10.399999999999999, 10.399999999999999, 10.399999999999999, 10.399999999999999, 10.4, 10.399999999999999, 10.4, 10.399999999999999, 10.4, 10.399999999999999, 10.4, 10.399999999999999, 10.4, 10.399999999999999, 10.4], [10.399999999999999, 10.399999999999999, 10.399999999999999, 10.399999999999999, 10.399999999999999, 10.4, 10.4, 10.4, 10.399999999999999, 10.4, 10.4, 10.399999999999999, 10.4, 10.4, 10.399999999999999, 10.399999999999999, 10.399999999999999, 10.4, 10.399999999999999, 10.4]], "SAA_obj_avg": [10.358221807305085, 10.364190120547217, 10.382095060273608, 10.4, 10.4, 10.4], "bagging_alg1_obj_list": [[[[10.399999999999999, 10.280633735157386, 10.280633735157386, 10.280633735157386, 10.280633735157386, 10.399999999999999, 10.399999999999999, 10.280633735157386, 10.280633735157386, 10.280633735157386, 10.280633735157386, 10.399999999999999, 10.399999999999999, 10.280633735157386, 10.280633735157386, 10.280633735157386, 10.280633735157386, 10.280633735157386, 10.280633735157386, 10.280633735157386], [10.399999999999999, 10.280633735157386, 10.280633735157386, 10.280633735157386, 10.280633735157386, 10.280633735157386, 10.399999999999999, 10.399999999999999, 10.4, 10.280633735157386, 10.280633735157386, 10.280633735157386, 10.280633735157386, 10.4, 10.4, 10.280633735157386, 10.4, 10.4, 10.280633735157386, 10.4], [10.4, 10.280633735157386, 10.280633735157386, 10.399999999999999, 10.280633735157386, 10.280633735157386, 10.399999999999999, 10.280633735157386, 10.399999999999999, 10.280633735157386, 10.4, 10.4, 10.399999999999999, 10.399999999999999, 10.280633735157386, 10.280633735157386, 10.399999999999999, 10.280633735157386, 10.399999999999999, 10.399999999999999], [10.280633735157386, 10.280633735157386, 10.280633735157386, 10.4, 10.280633735157386, 10.4, 10.399999999999999, 10.280633735157386, 10.4, 10.399999999999999, 10.4, 10.4, 10.280633735157386, 10.4, 10.4, 10.280633735157386, 10.399999999999999, 10.280633735157386, 10.4, 10.399999999999999], [10.280633735157386, 10.280633735157386, 10.4, 10.399999999999999, 10.280633735157386, 10.399999999999999, 10.280633735157386, 10.399999999999999, 10.399999999999999, 10.399999999999999, 10.280633735157386, 10.4, 10.399999999999999, 10.399999999999999, 10.399999999999999, 10.399999999999999, 10.399999999999999, 10.280633735157386, 10.399999999999999, 10.399999999999999], [10.399999999999999, 10.399999999999999, 10.4, 10.399999999999999, 10.399999999999999, 10.4, 10.399999999999999, 10.4, 10.4, 10.399999999999999, 10.399999999999999, 10.399999999999999, 10.4, 10.399999999999999, 10.399999999999999, 10.399999999999999, 10.4, 10.4, 10.4, 10.399999999999999]]]], "bagging_alg1_obj_avg": [[[10.310475301368038, 10.334348554336563, 10.346285180820825, 10.352253494062953, 10.364190120547217, 10.4]]], "bagging_alg3_obj_list": [[[[10.399999999999999, 10.4, 10.399999999999999, 10.399999999999999, 10.280633735157386, 10.399999999999999, 10.399999999999999, 10.399999999999999, 10.399999999999999, 10.4, 10.399999999999999, 10.4, 10.399999999999999, 10.280633735157386, 10.280633735157386, 10.399999999999999, 10.4, 10.280633735157386, 10.399999999999999, 10.399999999999999], [10.280633735157386, 10.399999999999999, 10.399999999999999, 10.399999999999999, 10.280633735157386, 10.4, 10.399999999999999, 10.399999999999999, 10.4, 10.399999999999999, 10.280633735157386, 10.4, 10.399999999999999, 10.4, 10.399999999999999, 10.4, 10.4, 10.4, 10.399999999999999, 10.4], [10.4, 10.4, 10.399999999999999, 10.399999999999999, 10.4, 10.4, 10.4, 10.4, 10.399999999999999, 10.399999999999999, 10.4, 10.399999999999999, 10.399999999999999, 10.4, 10.280633735157386, 10.4, 10.399999999999999, 10.280633735157386, 10.399999999999999, 10.4], [10.399999999999999, 10.399999999999999, 10.4, 10.399999999999999, 10.399999999999999, 10.4, 10.4, 10.399999999999999, 10.399999999999999, 10.399999999999999, 10.399999999999999, 10.4, 10.399999999999999, 10.399999999999999, 10.399999999999999, 10.399999999999999, 10.399999999999999, 10.4, 10.399999999999999, 10.399999999999999], [10.399999999999999, 10.399999999999999, 10.4, 10.399999999999999, 10.4, 10.399999999999999, 10.399999999999999, 10.399999999999999, 10.399999999999999, 10.399999999999999, 10.4, 10.4, 10.399999999999999, 10.399999999999999, 10.4, 10.399999999999999, 10.399999999999999, 10.399999999999999, 10.399999999999999, 10.4], [10.4, 10.399999999999999, 10.4, 10.399999999999999, 10.399999999999999, 10.399999999999999, 10.399999999999999, 10.399999999999999, 10.399999999999999, 10.4, 10.399999999999999, 10.399999999999999, 10.399999999999999, 10.4, 10.399999999999999, 10.399999999999999, 10.4, 10.399999999999999, 10.399999999999999, 10.399999999999999]]]], "bagging_alg3_obj_avg": [[[10.376126747031476, 10.382095060273608, 10.388063373515738, 10.4, 10.4, 10.4]]],