{"SAA_obj_list": [[10.5141788836238, 10.461610816544074, 10.53825256651878, 10.478075115809636, 10.478075115809636, 10.461610816544074, 10.446554035116119, 10.55007112525491, 10.53388140558119, 10.53825256651878, 10.338167582682557, 10.53825256651878, 10.458372593852246, 10.297418074338959, 10.478075115809636, 10.28101038897949, 10.331750961311133, 10.446554035116119, 10.297418074338959, 10.458372593852246], [10.497503058175182, 10.53825256651878, 10.53388140558119, 10.5141788836238, 10.497503058175182, 10.331750961311133, 10.458372593852246, 10.53388140558119, 10.369688663376074, 10.53388140558119, 10.21338554047181, 10.53388140558119, 10.53825256651878, 10.55007112525491, 10.302026602811209, 10.461610816544074, 10.53388140558119, 10.5141788836238, 10.302026602811209, 10.53388140558119], [10.5141788836238, 10.569773647212298, 10.5141788836238, 10.55007112525491, 10.53388140558119, 10.478075115809636, 10.53388140558119, 10.497503058175182, 10.5141788836238, 10.55007112525491, 10.5141788836238, 10.53825256651878, 10.458372593852246, 10.461610816544074, 10.458372593852246, 10.53388140558119, 10.497503058175182, 10.53388140558119, 10.53388140558119, 10.461610816544074], [10.569773647212298, 10.5141788836238, 10.569773647212298, 10.53825256651878, 10.53388140558119, 10.569773647212298, 10.53388140558119, 10.569773647212298, 10.473429375280203, 10.55007112525491, 10.53388140558119, 10.461610816544074, 10.5141788836238, 10.53825256651878, 10.458372593852246, 10.461610816544074, 10.53825256651878, 10.478075115809636, 10.53825256651878, 10.458372593852246]], "SAA_obj_avg": [10.446297721706056, 10.464604517827764, 10.512366953979733, 10.520182463802646], "bagging_alg1_obj_list": [[[[10.5141788836238, 10.478075115809636, 10.497503058175182, 10.478075115809636, 10.478075115809636, 10.446554035116119, 10.446554035116119, 10.55007112525491, 10.53388140558119, 10.55007112525491, 10.282361292911004, 10.5141788836238, 10.5141788836238, 10.297418074338959, 10.478075115809636, 10.55007112525491, 10.478075115809636, 10.282361292911004, 10.569773647212298, 10.55007112525491], [10.26127709446761, 10.55007112525491, 10.55007112525491, 10.458372593852246, 10.497503058175182, 10.53388140558119, 10.55007112525491, 10.336122122248726, 10.53388140558119, 10.446554035116119, 10.282361292911004, 10.331750961311133, 10.282361292911004, 10.478075115809636, 10.297418074338959, 10.53388140558119, 10.53388140558119, 10.53388140558119, 10.137833860606095, 10.569773647212298], [10.458372593852246, 10.473429375280203, 10.458372593852246, 10.55007112525491, 10.458372593852246, 10.478075115809636, 10.478075115809636, 10.569773647212298, 10.5141788836238, 10.497503058175182, 10.53388140558119, 10.478075115809636, 10.478075115809636, 10.53825256651878, 10.458372593852246, 10.473429375280203, 10.5141788836238, 10.473429375280203, 10.478075115809636, 10.53825256651878], [10.569773647212298, 10.55007112525491, 10.5141788836238, 10.53825256651878, 10.478075115809636, 10.569773647212298, 10.569773647212298, 10.569773647212298, 10.55007112525491, 10.569773647212298, 10.53388140558119, 10.53388140558119, 10.282361292911004, 10.53825256651878, 10.569773647212298, 10.569773647212298, 10.53825256651878, 10.569773647212298, 10.55007112525491, 10.5141788836238]]]], "bagging_alg1_obj_avg": [[[10.474480178615055, 10.434951177631534, 10.495012310840327, 10.533985862007501]]], "bagging_alg3_obj_list": [[[[10.5141788836238, 10.461610816544074, 10.53825256651878, 10.478075115809636, 10.478075115809636, 10.300229880617616, 10.446554035116119, 10.55007112525491, 10.53388140558119, 10.53825256651878, 10.338167582682557, 10.461610816544074, 10.458372593852246, 10.473429375280203, 10.478075115809636, 10.5141788836238, 10.478075115809636, 10.282361292911004, 10.497503058175182, 10.5141788836238], [10.336122122248726, 10.497503058175182, 10.5141788836238, 10.5141788836238, 10.497503058175182, 10.53388140558119, 10.446554035116119, 10.478075115809636, 10.53388140558119, 10.446554035116119, 10.569773647212298, 10.53388140558119, 10.53825256651878, 10.53388140558119, 10.302026602811209, 10.53388140558119, 10.53388140558119, 10.5141788836238, 10.302026602811209, 10.53388140558119], [10.55007112525491, 10.53825256651878, 10.338167582682557, 10.53825256651878, 10.53388140558119, 10.53388140558119, 10.5141788836238, 10.53388140558119, 10.55007112525491, 10.569773647212298, 10.497503058175182, 10.53825256651878, 10.55007112525491, 10.53825256651878, 10.446554035116119, 10.53388140558119, 10.53825256651878, 10.473429375280203, 10.53388140558119, 10.461610816544074], [10.55007112525491, 10.55007112525491, 10.53388140558119, 10.446554035116119, 10.53825256651878, 10.569773647212298, 10.53388140558119, 10.55007112525491, 10.55007112525491, 10.53825256651878, 10.53388140558119, 10.461610816544074, 10.53825256651878, 10.53825256651878, 10.446554035116119, 10.53388140558119, 10.53825256651878, 10.53388140558119, 10.461610816544074, 10.5141788836238]]]], "bagging_alg3_obj_avg": [[[10.466756711485333, 10.484704866696706, 10.515605031744942, 10.523061829783797]]], "bagging_alg4_obj_list": [[[[10.369688663376074, 10.331750961311133, 10.53825256651878, 10.55007112525491, 10.446554035116119, 10.300229880617616, 10.458372593852246, 10.55007112525491, 10.53825256651878, 10.446554035116119, 10.282361292911004, 10.5141788836238, 10.458372593852246, 10.461610816544074, 10.478075115809636, 10.28101038897949, 10.569773647212298, 10.282361292911004, 10.338167582682557, 10.5141788836238], [10.461610816544074, 10.569773647212298, 10.331750961311133, 10.5141788836238, 10.53825256651878, 10.53388140558119, 10.478075115809636, 10.254237947652467, 10.53388140558119, 10.5141788836238, 10.53825256651878, 10.5141788836238, 10.53825256651878, 10.569773647212298, 10.461610816544074, 10.53388140558119, 10.53388140558119, 10.53388140558119, 10.302026602811209, 10.53388140558119], [10.53825256651878, 10.461610816544074, 10.446554035116119, 10.53825256651878, 10.53388140558119, 10.5141788836238, 10.53388140558119, 10.569773647212298, 10.446554035116119, 10.5141788836238, 10.461610816544074, 10.569773647212298, 10.446554035116119, 10.53825256651878, 10.446554035116119, 10.53388140558119, 10.461610816544074, 10.473429375280203, 10.5141788836238, 10.53388140558119], [10.569773647212298, 10.569773647212298, 10.5141788836238, 10.53825256651878, 10.569773647212298, 10.53825256651878, 10.53388140558119, 10.53825256651878, 10.53388140558119, 10.569773647212298, 10.53388140558119, 10.473429375280203, 10.53388140558119, 10.53388140558119, 10.53388140558119, 10.53825256651878, 10.53825256651878, 10.53825256651878, 10.461610816544074, 10.53825256651878]]]], "bagging_alg4_obj_avg": [[[10.43549440255433, 10.489472116950601, 10.5038422616277, 10.534968503170795]]]}