{
 "seed": 2024,
 "N": 5,
 "w": {
  "(0, 0)": 1.9020266028112087,
  "(0, 1)": 2.1382525665187813,
  "(0, 2)": 2.046554035116119,
  "(0, 3)": 2.1,
  "(0, 4)": 2.1,
  "(1, 0)": 2.1141788836238002,
  "(1, 1)": 1.9381675826825582,
  "(1, 2)": 1.9002298806176168,
  "(1, 3)": 2.1,
  "(1, 4)": 2.1,
  "(2, 0)": 2.133881405581189,
  "(2, 1)": 1.8691918302433626,
  "(2, 2)": 2.061610816544074,
  "(2, 3)": 2.1,
  "(2, 4)": 2.1,
  "(3, 0)": 2.1,
  "(3, 1)": 2.1,
  "(3, 2)": 2.1,
  "(3, 3)": 2.0401481360275087,
  "(3, 4)": 2.097639675112328,
  "(4, 0)": 2.1,
  "(4, 1)": 2.1,
  "(4, 2)": 2.1,
  "(4, 3)": 1.9925321741473812,
  "(4, 4)": 2.0954867882450907
 },
 "sample_args": {
  "type": "pareto",
  "params": [
   2.108614753582048,
   1.8785396399837593,
   1.9555168356778123,
   1.8975219461596327,
   2.0659076464149835,
   2.1108273803508215,
   1.8819264475789106,
   2.150494016631533,
   1.9419647807050051
  ]
 },
 "B_list": [
  200
 ],
 "k_list": [
  [
   10,
   0.005
  ]
 ],
 "B12_list": [
  [
   20,
   200
  ]
 ],
 "epsilon": "dynamic",
 "tolerance": 0.001,
 "number_of_iterations": 20,
 "sample_number": [
  64,
  256,
  1024,
  4096
 ],
 "obj_opt": 10.569773647212298
}