{
 "seed": 2024,
 "N": 5,
 "w": {
  "(0, 0)": 1.9479245164171444,
  "(0, 1)": 1.8092299246038763,
  "(0, 2)": 2.0497703945958827,
  "(0, 3)": 1.6065515924226756,
  "(0, 4)": 1.9927895167813758,
  "(1, 0)": 1.809239091127686,
  "(1, 1)": 2.2585567194659113,
  "(1, 2)": 1.9628328336667455,
  "(1, 3)": 1.6312766887571832,
  "(1, 4)": 1.7271029344924134,
  "(2, 0)": 2.133188222109195,
  "(2, 1)": 1.8908639529885385,
  "(2, 2)": 1.8749771599284097,
  "(2, 3)": 2.270095038377382,
  "(2, 4)": 1.7430550444585176,
  "(3, 0)": 1.816205826406822,
  "(3, 1)": 2.212411901046867,
  "(3, 2)": 1.89039224498393,
  "(3, 3)": 2.2548457719102477,
  "(3, 4)": 1.861042503100888,
  "(4, 0)": 2.346772826875681,
  "(4, 1)": 1.9499740774154992,
  "(4, 2)": 2.0468725898838405,
  "(4, 3)": 2.1818731459933063,
  "(4, 4)": 2.1688944213595645
 },
 "sample_args": {
  "type": "pareto",
  "params": [
   2.0549363189589025,
   2.235742734661607,
   1.9525892568012053,
   2.2357287369873418,
   1.7945609320050082,
   2.038601889168768,
   1.8824659315102192,
   2.1225058513652373,
   2.1428869755661046
  ]
 },
 "B_list": [
  200
 ],
 "k_list": [
  [
   10,
   0.005
  ]
 ],
 "B12_list": [
  [
   20,
   200
  ]
 ],
 "epsilon": "dynamic",
 "tolerance": 0.001,
 "number_of_iterations": 20,
 "sample_number": [
  64,
  256,
  1024,
  4096
 ],
 "obj_opt": 10.8652555294408
}