{"SAA_obj_list": [[10.75860634648428, 10.8652555294408, 10.727941994961625, 10.8652555294408, 10.606153095388226, 10.78490211674805, 10.786237482415745, 10.75860634648428, 10.78490211674805, 10.78490211674805, 10.786237482415745, 10.78490211674805, 10.8652555294408, 10.727941994961625, 10.8652555294408, 10.173613631981919, 10.483095619597488, 10.786237482415745, 10.727941994961625, 10.510410846507382], [10.78490211674805, 10.786237482415745, 10.78490211674805, 10.786237482415745, 10.727941994961625, 10.78490211674805, 10.786237482415745, 10.8652555294408, 10.8652555294408, 10.75860634648428, 10.269355880862763, 10.78490211674805, 10.786237482415745, 10.8652555294408, 10.505198589081276, 10.78490211674805, 10.68625282015057, 10.75860634648428, 10.562158710867703, 10.68625282015057], [10.8652555294408, 10.8652555294408, 10.75860634648428, 10.78490211674805, 10.8652555294408, 10.8652555294408, 10.8652555294408, 10.8652555294408, 10.78490211674805, 10.8652555294408, 10.78490211674805, 10.75860634648428, 10.8652555294408, 10.78490211674805, 10.8652555294408, 10.8652555294408, 10.8652555294408, 10.8652555294408, 10.78490211674805, 10.8652555294408], [10.8652555294408, 10.8652555294408, 10.8652555294408, 10.78490211674805, 10.8652555294408, 10.78490211674805, 10.8652555294408, 10.8652555294408, 10.727941994961625, 10.78490211674805, 10.8652555294408, 10.727941994961625, 10.8652555294408, 10.78490211674805, 10.8652555294408, 10.8652555294408, 10.786237482415745, 10.8652555294408, 10.78490211674805, 10.8652555294408]], "SAA_obj_avg": [10.721682745166554, 10.730980030538435, 10.834502257971959, 10.82748492046844], "bagging_alg1_obj_list": [[[[10.78490211674805, 10.727941994961625, 10.727941994961625, 10.8652555294408, 10.606153095388226, 10.78490211674805, 10.606153095388226, 10.331408137217151, 10.78490211674805, 10.78490211674805, 10.786237482415745, 10.78490211674805, 10.78490211674805, 10.727941994961625, 10.8652555294408, 10.510410846507382, 10.8652555294408, 10.562158710867703, 10.727941994961625, 10.331408137217151], [10.78490211674805, 10.786237482415745, 10.78490211674805, 10.78490211674805, 10.78490211674805, 10.448104902222587, 10.8652555294408, 10.78490211674805, 10.78490211674805, 10.78490211674805, 10.786237482415745, 10.78490211674805, 10.78490211674805, 10.8652555294408, 10.78490211674805, 10.78490211674805, 10.78490211674805, 10.75860634648428, 10.78490211674805, 10.78490211674805], [10.78490211674805, 10.78490211674805, 10.75860634648428, 10.78490211674805, 10.78490211674805, 10.78490211674805, 10.78490211674805, 10.78490211674805, 10.78490211674805, 10.78490211674805, 10.78490211674805, 10.78490211674805, 10.78490211674805, 10.78490211674805, 10.78490211674805, 10.78490211674805, 10.78490211674805, 10.78490211674805, 10.78490211674805, 10.78490211674805], [10.78490211674805, 10.78490211674805, 10.78490211674805, 10.78490211674805, 10.78490211674805, 10.78490211674805, 10.78490211674805, 10.8652555294408, 10.78490211674805, 10.78490211674805, 10.78490211674805, 10.78490211674805, 10.78490211674805, 10.78490211674805, 10.78490211674805, 10.78490211674805, 10.78490211674805, 10.78490211674805, 10.78490211674805, 10.78490211674805]]]], "bagging_alg1_obj_avg": [[[10.69754383868294, 10.774916345344632, 10.78358732823486, 10.788919787382685]]], "bagging_alg3_obj_list": [[[[10.78490211674805, 10.78490211674805, 10.75860634648428, 10.606153095388226, 10.606153095388226, 10.78490211674805, 10.606153095388226, 10.75860634648428, 10.78490211674805, 10.78490211674805, 10.786237482415745, 10.78490211674805, 10.510410846507382, 10.727941994961625, 10.8652555294408, 10.510410846507382, 10.8652555294408, 10.786237482415745, 10.727941994961625, 10.510410846507382], [10.78490211674805, 10.786237482415745, 10.78490211674805, 10.78490211674805, 10.78490211674805, 10.78490211674805, 10.606153095388226, 10.78490211674805, 10.68625282015057, 10.78490211674805, 10.786237482415745, 10.78490211674805, 10.78490211674805, 10.75860634648428, 10.562158710867703, 10.75860634648428, 10.8652555294408, 10.75860634648428, 10.78490211674805, 10.75860634648428], [10.78490211674805, 10.78490211674805, 10.75860634648428, 10.78490211674805, 10.75860634648428, 10.8652555294408, 10.78490211674805, 10.75860634648428, 10.78490211674805, 10.78490211674805, 10.78490211674805, 10.75860634648428, 10.78490211674805, 10.78490211674805, 10.8652555294408, 10.75860634648428, 10.78490211674805, 10.78490211674805, 10.78490211674805, 10.78490211674805], [10.78490211674805, 10.8652555294408, 10.78490211674805, 10.78490211674805, 10.8652555294408, 10.78490211674805, 10.78490211674805, 10.78490211674805, 10.78490211674805, 10.78490211674805, 10.78490211674805, 10.78490211674805, 10.78490211674805, 10.78490211674805, 10.8652555294408, 10.78490211674805, 10.78490211674805, 10.8652555294408, 10.78490211674805, 10.8652555294408]]]], "bagging_alg3_obj_avg": [[[10.716759361639, 10.758787083704819, 10.78636351545138, 10.804990469921236]]], "bagging_alg4_obj_list": [[[[10.75860634648428, 10.78490211674805, 10.75860634648428, 10.8652555294408, 10.606153095388226, 10.78490211674805, 10.606153095388226, 10.75860634648428, 10.78490211674805, 10.75860634648428, 10.786237482415745, 10.78490211674805, 10.510410846507382, 10.75860634648428, 10.8652555294408, 10.78490211674805, 10.8652555294408, 10.786237482415745, 10.75860634648428, 10.510410846507382], [10.78490211674805, 10.606153095388226, 10.78490211674805, 10.78490211674805, 10.78490211674805, 10.78490211674805, 10.78490211674805, 10.8652555294408, 10.78490211674805, 10.78490211674805, 10.8652555294408, 10.78490211674805, 10.78490211674805, 10.75860634648428, 10.78490211674805, 10.78490211674805, 10.78490211674805, 10.75860634648428, 10.78490211674805, 10.78490211674805], [10.78490211674805, 10.78490211674805, 10.78490211674805, 10.78490211674805, 10.78490211674805, 10.8652555294408, 10.78490211674805, 10.75860634648428, 10.786237482415745, 10.78490211674805, 10.78490211674805, 10.75860634648428, 10.786237482415745, 10.78490211674805, 10.78490211674805, 10.8652555294408, 10.78490211674805, 10.727941994961625, 10.78490211674805, 10.78490211674805], [10.78490211674805, 10.8652555294408, 10.78490211674805, 10.78490211674805, 10.78490211674805, 10.78490211674805, 10.78490211674805, 10.78490211674805, 10.78490211674805, 10.8652555294408, 10.78490211674805, 10.78490211674805, 10.78490211674805, 10.78490211674805, 10.786237482415745, 10.78490211674805, 10.78490211674805, 10.78490211674805, 10.78490211674805, 10.78490211674805]]]], "bagging_alg4_obj_avg": [[[10.74387590497955, 10.781370429922955, 10.787593411468396, 10.79300422630071]]]}