{
  "seed": 2024,
  "N": 8,
  "w": {
    "(1, 2)": 3,
    "(1, 3)": 3,
    "(1, 4)": 3,
    "(1, 5)": 3.5,
    "(1, 6)": 3.5,
    "(1, 7)": 3.5,
    "(1, 8)": 3.5,
    "(2, 3)": 3,
    "(2, 4)": 3,
    "(2, 5)": 3.5,
    "(2, 6)": 3.5,
    "(2, 7)": 3.5,
    "(2, 8)": 3.5,
    "(3, 4)": 3,
    "(3, 5)": 3.5,
    "(3, 6)": 3.5,
    "(3, 7)": 3.5,
    "(3, 8)": 3.5,
    "(4, 5)": 3.5,
    "(4, 6)": 3.5,
    "(4, 7)": 3.5,
    "(4, 8)": 3.5,
    "(5, 6)": 3.5,
    "(5, 7)": 3.5,
    "(5, 8)": 3.5,
    "(6, 7)": 3.5,
    "(6, 8)": 3.5,
    "(7, 8)": 3.5
  },
  "A": [
    [
      1,
      1,
      1,
      1,
      1,
      1,
      1,
      1
    ],
    [
      1,
      1,
      1,
      1,
      1,
      1,
      1,
      1
    ],
    [
      1,
      1,
      1,
      1,
      1,
      1,
      1,
      1
    ],
    [
      1,
      1,
      1,
      1,
      1,
      1,
      1,
      1
    ],
    [
      1,
      1,
      1,
      1,
      1,
      1,
      1,
      1
    ],
    [
      1,
      1,
      1,
      1,
      1,
      1,
      1,
      1
    ],
    [
      1,
      1,
      1,
      1,
      1,
      1,
      1,
      1
    ],
    [
      1,
      1,
      1,
      1,
      1,
      1,
      1,
      1
    ]
  ],
  "sample_args": {
    "type": "pareto",
    "params": [
      1.5,
      1.5,
      1.5,
      1.4,
      1.4,
      1.4,
      1.4,
      1.5,
      1.5,
      1.4,
      1.4,
      1.4,
      1.4,
      1.5,
      1.4,
      1.4,
      1.4,
      1.4,
      1.4,
      1.4,
      1.4,
      1.4,
      1.4,
      1.4,
      1.4,
      1.4,
      1.4,
      1.4
    ]
  },
  "B_list": [
    200
  ],
  "k_list": [
    [
      10,
      0.005
    ]
  ],
  "B12_list": [
    [
      20,
      200
    ]
  ],
  "epsilon": "dynamic",
  "tolerance": 0.001,
  "varepsilon_list": [
    0.015625,
    0.03125,
    0.0625,
    0.125,
    0.25,
    0.5,
    1,
    2,
    4,
    8
  ],
  "number_of_iterations": 50,
  "sample_number": [
    1024,
    2048,
    4096,
    8192,
    16384,
    32768
  ],
  "obj_opt": 14.0
}