{
  "seed": 2024,
  "r": [
    3.2701236422941093,
    3.3207149493214994,
    3.556858029428708
  ],
  "c": 3.7856629820554946,
  "q": 1.7096129150007453,
  "sample_args": {
    "type": "pareto",
    "params": [
      1.966,
      2.21,
      1.89
    ]
  },
  "B_list": [
    1
  ],
  "k_list": [
    [
      1,
      0
    ]
  ],
  "number_of_iterations": 200,
  "sample_number": [
    2,
    4,
    8,
    16,
    32,
    64
  ],
  "large_number_sample": 200000
}