{
  "seed": 2024,
  "N": 8,
  "w": {
    "(1, 2)": 1.239423582023124,
    "(1, 3)": 1.5238471934811233,
    "(1, 4)": 3.1384917341839413,
    "(1, 5)": 1.6148964675543849,
    "(1, 6)": 2.3850711896540377,
    "(1, 7)": 1.9027888152319323,
    "(1, 8)": 1.9897372297732883,
    "(2, 3)": 2.1298742938492454,
    "(2, 4)": 2.9128739183924384,
    "(2, 5)": 2.4818550797498125,
    "(2, 6)": 2.071123431493765,
    "(2, 7)": 2.3045695211243507,
    "(2, 8)": 1.8637915636142286,
    "(3, 4)": 2.192871928912472,
    "(3, 5)": 1.6561383720892124,
    "(3, 6)": 1.9277030401682467,
    "(3, 7)": 2.306444749102087,
    "(3, 8)": 2.4357499475450477,
    "(4, 5)": 1.6585965635269173,
    "(4, 6)": 2.4389799615317473,
    "(4, 7)": 2.1014606385441468,
    "(4, 8)": 2.2153535181833304,
    "(5, 6)": 3.387193847193843,
    "(5, 7)": 2.348592384103941,
    "(5, 8)": 1.4320952034812033,
    "(6, 7)": 1.9238492384729924,
    "(6, 8)": 3.10298102901934,
    "(7, 8)": 2.3471929102941247
  },
  "A": [
    [
      1,
      1,
      1,
      1,
      1,
      1,
      1,
      1
    ],
    [
      1,
      1,
      1,
      1,
      1,
      1,
      1,
      1
    ],
    [
      1,
      1,
      1,
      1,
      1,
      1,
      1,
      1
    ],
    [
      1,
      1,
      1,
      1,
      1,
      1,
      1,
      1
    ],
    [
      1,
      1,
      1,
      1,
      1,
      1,
      1,
      1
    ],
    [
      1,
      1,
      1,
      1,
      1,
      1,
      1,
      1
    ],
    [
      1,
      1,
      1,
      1,
      1,
      1,
      1,
      1
    ],
    [
      1,
      1,
      1,
      1,
      1,
      1,
      1,
      1
    ]
  ],
  "sample_args": {
    "type": "pareto",
    "params": [
      5.176698015918155,
      2.9089536270199274,
      1.4676192963549635,
      2.62629003867477,
      1.7219845503029916,
      2.1076787650975644,
      2.0103691868083637,
      1.8850542095202547,
      1.5227736080171927,
      1.6748298222042293,
      1.93359921984474,
      1.7665363813943349,
      2.157686694479691,
      1.8383129619888774,
      2.5240687674093754,
      2.0779311446674162,
      1.765436120193598,
      1.6965001125090582,
      2.5183802275626803,
      1.6949367098451689,
      1.9078853705764265,
      1.8228058626882213,
      1.418901883973731,
      1.7415139012997172,
      3.314304791961203,
      2.0824276931297527,
      1.4755154640963732,
      1.7422841913424825
    ]
  },
  "B_list": [
    200
  ],
  "k_list": [
    [
      10,
      0.005
    ]
  ],
  "B12_list": [
    [
      20,
      200
    ]
  ],
  "epsilon": "dynamic",
  "tolerance": 0.005,
  "number_of_iterations": 20,
  "sample_number": [
    256,
    512,
    1024,
    2048,
    4096,
    8192,
    16384
  ],
  "obj_opt": 11.266005050047184
}