{"seed": 2024, "r": [3.2701236422941093, 3.3207149493214994, 3.556858029428708], "c": 3.7856629820554946, "q": 1.7096129150007453, "sample_args": {"type": "pareto", "params": [1.966, 2.21, 1.89]}, "B_list": [200], "k_list": [0.1, 10, 50], "B12_list": [[20, 200], [40, 200], [20, 400]], "epsilon": 0.01, "number_of_iterations": 50, "sample_number": [128, 256, 512, 1024, 2048, 4096], "large_number_sample": 200000, "eval_time": 10}