{
  "seed": 2024,
  "N": 8,
  "w": {
    "(1, 2)": 2.5,
    "(1, 3)": 2.5,
    "(1, 4)": 2.5,
    "(1, 5)": 3,
    "(1, 6)": 3,
    "(1, 7)": 3,
    "(1, 8)": 3,
    "(2, 3)": 2.5,
    "(2, 4)": 2.5,
    "(2, 5)": 3,
    "(2, 6)": 3,
    "(2, 7)": 3,
    "(2, 8)": 3,
    "(3, 4)": 2.5,
    "(3, 5)": 3,
    "(3, 6)": 3,
    "(3, 7)": 3,
    "(3, 8)": 3,
    "(4, 5)": 3,
    "(4, 6)": 3,
    "(4, 7)": 3,
    "(4, 8)": 3,
    "(5, 6)": 3,
    "(5, 7)": 3,
    "(5, 8)": 3,
    "(6, 7)": 3,
    "(6, 8)": 3,
    "(7, 8)": 3
  },
  "A": [
    [
      1,
      1,
      1,
      1,
      1,
      1,
      1,
      1
    ],
    [
      1,
      1,
      1,
      1,
      1,
      1,
      1,
      1
    ],
    [
      1,
      1,
      1,
      1,
      1,
      1,
      1,
      1
    ],
    [
      1,
      1,
      1,
      1,
      1,
      1,
      1,
      1
    ],
    [
      1,
      1,
      1,
      1,
      1,
      1,
      1,
      1
    ],
    [
      1,
      1,
      1,
      1,
      1,
      1,
      1,
      1
    ],
    [
      1,
      1,
      1,
      1,
      1,
      1,
      1,
      1
    ],
    [
      1,
      1,
      1,
      1,
      1,
      1,
      1,
      1
    ]
  ],
  "sample_args": {
    "type": "pareto",
    "params": [
      1.6666666666666667,
      1.6666666666666667,
      1.6666666666666667,
      1.5,
      1.5,
      1.5,
      1.5,
      1.6666666666666667,
      1.6666666666666667,
      1.5,
      1.5,
      1.5,
      1.5,
      1.6666666666666667,
      1.5,
      1.5,
      1.5,
      1.5,
      1.5,
      1.5,
      1.5,
      1.5,
      1.5,
      1.5,
      1.5,
      1.5,
      1.5,
      1.5
    ]
  },
  "B_list": [
    200
  ],
  "k_list": [
    0.05,
    0.1
  ],
  "B12_list": [
    [
      20,
      200
    ]
  ],
  "epsilon": "dynamic",
  "tolerance": 0.005,
  "number_of_iterations": 20,
  "sample_number": [
    1000,
    2000,
    5000,
    10000
  ],
  "obj_opt": 12.0
}