{
 "seed": 2024,
 "N": 8,
 "w": {
  "(1, 2)": null,
  "(1, 3)": null,
  "(1, 4)": null,
  "(1, 5)": 1.9119257287734244,
  "(1, 6)": 1.6228257372263202,
  "(1, 7)": 1.7968885916853101,
  "(1, 8)": 2.313248853705918,
  "(2, 3)": null,
  "(2, 4)": null,
  "(2, 5)": 1.9362072829402424,
  "(2, 6)": 2.451003072707256,
  "(2, 7)": 2.398840628680899,
  "(2, 8)": 1.8209819889450793,
  "(3, 4)": null,
  "(3, 5)": 1.9978624908336502,
  "(3, 6)": 2.0670783259937506,
  "(3, 7)": 1.8577180932652504,
  "(3, 8)": 2.3907208610757693,
  "(4, 5)": 2.203256964324676,
  "(4, 6)": 2.422592793261833,
  "(4, 7)": 1.6985434453495578,
  "(4, 8)": 1.9787435233099542,
  "(5, 6)": 2,
  "(5, 7)": 2,
  "(5, 8)": 2,
  "(6, 7)": 2,
  "(6, 8)": 2,
  "(7, 8)": 2
 },
 "A": [
  [
   1,
   6,
   2,
   5,
   7,
   9,
   7,
   1
  ],
  [
   7,
   8,
   8,
   6,
   3,
   8,
   2,
   6
  ],
  [
   6,
   9,
   6,
   8,
   8,
   6,
   5,
   4
  ],
  [
   7,
   7,
   3,
   5,
   6,
   6,
   4,
   6
  ],
  [
   4,
   2,
   9,
   2,
   6,
   3,
   3,
   4
  ],
  [
   8,
   7,
   1,
   4,
   3,
   2,
   7,
   3
  ],
  [
   7,
   8,
   5,
   4,
   4,
   8,
   2,
   2
  ],
  [
   6,
   9,
   2,
   7,
   9,
   4,
   5,
   4
  ]
 ],
 "sample_args": {
  "type": "pareto",
  "params": [
   2,
   2,
   2,
   2,
   2,
   2
  ]
 },
 "B_list": [
  200
 ],
 "k_list": [
  0.1,
  10
 ],
 "B12_list": [
  [
   20,
   200
  ]
 ],
 "epsilon": "dynamic",
 "tolerance": 0.005,
 "number_of_iterations": 50,
 "sample_number": [
  128,
  256,
  512,
  1024,
  2048
 ],
 "obj_opt": 2.3148268434138184
}