{"a_ls": [1.9339196929837228, 2.011307501948619, 1.906358363610377], "results": [{"parameters": [[3.538102053582178, 3.4257214726098755, 3.2275630129609363], 3.9703910188759606, 1.5285617192357608], "SAA_list": [[[1.0, 0.0, 0.0], [1.0, 0.0, 0.0], [1.0, 0.0, 0.0], [-0.0, 1.0, 0.0], [1.0, 0.0, 0.0], [-0.0, 1.0, -0.0], [-0.0, 1.0, -0.0], [1.0, 0.0, 0.0], [1.0, 0.0, 0.0], [-0.0, 1.0, -0.0]], [[-0.0, 1.0, -0.0], [-0.0, 1.0, -0.0], [-0.0, 1.0, -0.0], [-0.0, 1.0, -0.0], [-0.0, 1.0, -0.0], [-0.0, 1.0, -0.0], [1.0, 0.0, 0.0], [1.0, 0.0, 0.0], [1.0, 0.0, 0.0], [1.0, 0.0, 0.0]], [[-0.0, 1.0, -0.0], [-0.0, 1.0, -0.0], [1.0, 0.0, 0.0], [1.0, 0.0, 0.0], [0.0, 1.0, 0.0], [0.0, 1.0, 0.0], [0.0, 1.0, 0.0], [-0.0, 1.0, -0.0], [-0.0, 1.0, -0.0], [-0.0, 1.0, -0.0]], [[-0.0, 1.0, -0.0], [-0.0, 1.0, -0.0], [-0.0, 1.0, -0.0], [-0.0, 1.0, -0.0], [1.0, 0.0, 0.0], [-0.0, 1.0, -0.0], [-0.0, 1.0, -0.0], [-0.0, 1.0, -0.0], [-0.0, 1.0, -0.0], [1.0, 0.0, 0.0]], [[0.0, 1.0, 0.0], [-0.0, 1.0, -0.0], [-0.0, 1.0, -0.0], [0.0, 1.0, 0.0], [1.0, 0.0, -0.0], [-0.0, 1.0, -0.0], [0.0, 1.0, 0.0], [0.0, 1.0, 0.0], [-0.0, 1.0, -0.0], [0.0, 1.0, 0.0]], [[1.0, 0.0, 0.0], [-0.0, 1.0, -0.0], [-0.0, 1.0, -0.0], [0.0, 1.0, 0.0], [-0.0, 1.0, -0.0], [-0.0, 1.0, -0.0], [0.0, 1.0, -0.0], [0.0, 1.0, -0.0], [-0.0, 1.0, -0.0], [-0.0, 1.0, 0.0]], [[-0.0, 1.0, -0.0], [0.0, 1.0, 0.0], [-0.0, 1.0, 0.0], [0.0, 1.0, -0.0], [-0.0, 1.0, -0.0], [0.0, 1.0, 0.0], [0.0, 1.0, -0.0], [0.0, 1.0, 0.0], [0.0, 1.0, 0.0], [-0.0, 1.0, -0.0]], [[0.0, 1.0, 0.0], [-0.0, 1.0, 0.0], [-0.0, 1.0, -0.0], [0.0, 1.0, 0.0], [0.0, 1.0, 0.0], [-0.0, 1.0, -0.0], [-0.0, 1.0, -0.0], [-0.0, 1.0, -0.0], [-0.0, 1.0, -0.0], [0.0, 1.0, 0.0]]], "majority_list": [[[1.0, 0.0, 0.0], [1.0, 0.0, 0.0], [1.0, 0.0, 0.0], [0.0, 1.0, 0.0], [1.0, 0.0, 0.0], [-0.0, 1.0, -0.0], [1.0, 0.0, 0.0], [-0.0, 1.0, -0.0], [1.0, 0.0, 0.0], [-0.0, 1.0, -0.0]], [[-0.0, 1.0, -0.0], [-0.0, 1.0, -0.0], [-0.0, 1.0, -0.0], [-0.0, 1.0, -0.0], [0.0, 1.0, -0.0], [-0.0, 1.0, -0.0], [1.0, 0.0, 0.0], [1.0, 0.0, 0.0], [0.0, 1.0, 0.0], [1.0, 0.0, 0.0]], [[-0.0, 1.0, -0.0], [-0.0, 1.0, -0.0], [0.0, 1.0, 0.0], [1.0, 0.0, 0.0], [-0.0, 1.0, -0.0], [-0.0, 1.0, -0.0], [-0.0, 1.0, -0.0], [-0.0, 1.0, -0.0], [-0.0, 1.0, -0.0], [-0.0, 1.0, -0.0]], [[-0.0, 1.0, -0.0], [-0.0, 1.0, -0.0], [-0.0, 1.0, -0.0], [-0.0, 1.0, -0.0], [1.0, 0.0, 0.0], [-0.0, 1.0, -0.0], [-0.0, 1.0, -0.0], [0.0, 1.0, 0.0], [-0.0, 1.0, -0.0], [1.0, 0.0, 0.0]], [[0.0, 1.0, 0.0], [-0.0, 1.0, -0.0], [-0.0, 1.0, -0.0], [1.0, 0.0, 0.0], [1.0, 0.0, 0.0], [-0.0, 1.0, -0.0], [0.0, 1.0, 0.0], [-0.0, 1.0, -0.0], [-0.0, 1.0, -0.0], [-0.0, 1.0, -0.0]], [[1.0, 0.0, 0.0], [-0.0, 1.0, -0.0], [-0.0, 1.0, -0.0], [0.0, 1.0, 0.0], [-0.0, 1.0, -0.0], [-0.0, 1.0, -0.0], [-0.0, 1.0, -0.0], [-0.0, 1.0, -0.0], [-0.0, 1.0, -0.0], [-0.0, 1.0, -0.0]], [[-0.0, 1.0, -0.0], [-0.0, 1.0, -0.0], [-0.0, 1.0, -0.0], [-0.0, 1.0, -0.0], [0.0, 1.0, 0.0], [-0.0, 1.0, -0.0], [0.0, 1.0, 0.0], [-0.0, 1.0, -0.0], [-0.0, 1.0, -0.0], [-0.0, 1.0, -0.0]], [[-0.0, 1.0, -0.0], [-0.0, 1.0, -0.0], [0.0, 1.0, -0.0], [-0.0, 1.0, -0.0], [0.0, 1.0, 0.0], [0.0, 1.0, 0.0], [-0.0, 1.0, -0.0], [-0.0, 1.0, -0.0], [-0.0, 1.0, -0.0], [0.0, 1.0, -0.0]]], "SAA_obj_list": [0.7318995164831766, 0.7754216271207147, 0.8189437377582525, 0.8189437377582525, 0.8407047930770215, 0.8407047930770215, 0.8624658483957903, 0.8624658483957903], "majority_obj_list": [0.7318995164831766, 0.7971826824394835, 0.8407047930770215, 0.8189437377582525, 0.8189437377582525, 0.8407047930770215, 0.8624658483957903, 0.8624658483957903]}, {"parameters": [[3.764430706719781, 3.6723345888735537, 3.7895343176163307], 3.9181209897867344, 1.9883132073858094], "SAA_list": [[[-0.0, 1.0, -0.0], [-0.0, -0.0, 1.0], [-0.0, 1.0, -0.0], [-0.0, 1.0, -0.0], [0.0, 1.0, 0.0], [-0.0, 1.0, -0.0], [-0.0, -0.0, 1.0], [-0.0, -0.0, 1.0], [-0.0, 1.0, -0.0], [-0.0, -0.0, 1.0]], [[1.0, 0.0, 0.0], [-0.0, -0.0, 1.0], [1.0, 0.0, 0.0], [1.0, 0.0, 0.0], [1.0, 0.0, 0.0], [1.0, 0.0, 0.0], [1.0, 0.0, 0.0], [1.0, 0.0, 0.0], [-0.0, 1.0, -0.0], [-0.0, 1.0, -0.0]], [[-0.0, 1.0, -0.0], [-0.0, 1.0, -0.0], [1.0, 0.0, 0.0], [-0.0, 1.0, -0.0], [-0.0, 1.0, -0.0], [-0.0, 1.0, -0.0], [-0.0, 1.0, -0.0], [-0.0, 1.0, -0.0], [1.0, 0.0, 0.0], [-0.0, 1.0, -0.0]], [[-0.0, -0.0, 1.0], [0.0, 1.0, 0.0], [1.0, 0.0, 0.0], [1.0, 0.0, 0.0], [-0.0, 1.0, -0.0], [0.0, 1.0, 0.0], [-0.0, -0.0, 1.0], [-0.0, 1.0, -0.0], [1.0, 0.0, 0.0], [-0.0, 1.0, -0.0]], [[-0.0, 1.0, -0.0], [0.0, 0.0, 1.0], [-0.0, -0.0, 1.0], [0.0, 1.0, 0.0], [0.0, 1.0, 0.0], [-0.0, 1.0, -0.0], [0.0, 1.0, 0.0], [-0.0, 1.0, -0.0], [-0.0, 1.0, -0.0], [0.0, 1.0, 0.0]], [[0.0, 1.0, 0.0], [-0.0, 1.0, -0.0], [1.0, -0.0, -0.0], [-0.0, 1.0, -0.0], [0.0, 1.0, 0.0], [0.0, 1.0, 0.0], [-0.0, 1.0, -0.0], [1.0, 0.0, 0.0], [-0.0, 1.0, -0.0], [-0.0, 1.0, -0.0]], [[-0.0, 1.0, -0.0], [-0.0, 1.0, -0.0], [-0.0, 1.0, -0.0], [-0.0, 1.0, -0.0], [0.0, 1.0, 0.0], [0.0, 1.0, 0.0], [-0.0, 1.0, -0.0], [-0.0, 1.0, -0.0], [1.0, -0.0, -0.0], [-0.0, 1.0, -0.0]], [[1.0, -0.0, -0.0], [0.0, 1.0, 0.0], [-0.0, 1.0, -0.0], [-0.0, 1.0, -0.0], [0.0, 1.0, 0.0], [-0.0, 1.0, -0.0], [0.0, 1.0, 0.0], [-0.0, 1.0, -0.0], [-0.0, 1.0, -0.0], [-0.0, 1.0, -0.0]]], "majority_list": [[[-0.0, 1.0, -0.0], [-0.0, 1.0, -0.0], [1.0, 0.0, 0.0], [0.0, 1.0, 0.0], [0.0, 1.0, -0.0], [0.0, 1.0, -0.0], [-0.0, 1.0, -0.0], [-0.0, -0.0, 1.0], [1.0, 0.0, 0.0], [0.0, 0.0, 1.0]], [[1.0, 0.0, 0.0], [-0.0, -0.0, 1.0], [-0.0, -0.0, 1.0], [1.0, 0.0, 0.0], [-0.0, -0.0, 1.0], [1.0, 0.0, 0.0], [1.0, 0.0, 0.0], [1.0, 0.0, 0.0], [-0.0, 1.0, -0.0], [-0.0, 1.0, -0.0]], [[1.0, 0.0, 0.0], [-0.0, 1.0, -0.0], [-0.0, 1.0, -0.0], [-0.0, 1.0, -0.0], [-0.0, 1.0, -0.0], [-0.0, 1.0, -0.0], [1.0, 0.0, 0.0], [-0.0, 1.0, -0.0], [-0.0, 1.0, -0.0], [-0.0, 1.0, -0.0]], [[-0.0, -0.0, 1.0], [-0.0, 1.0, -0.0], [-0.0, 1.0, -0.0], [1.0, 0.0, 0.0], [-0.0, 1.0, -0.0], [-0.0, 1.0, -0.0], [-0.0, -0.0, 1.0], [-0.0, -0.0, 1.0], [-0.0, 1.0, -0.0], [-0.0, 1.0, -0.0]], [[-0.0, 1.0, -0.0], [-0.0, 1.0, -0.0], [-0.0, -0.0, 1.0], [-0.0, 1.0, -0.0], [-0.0, 1.0, -0.0], [-0.0, 1.0, -0.0], [-0.0, 1.0, -0.0], [-0.0, 1.0, -0.0], [-0.0, 1.0, -0.0], [-0.0, 1.0, -0.0]], [[-0.0, 1.0, -0.0], [-0.0, 1.0, -0.0], [1.0, 0.0, 0.0], [-0.0, 1.0, -0.0], [-0.0, 1.0, -0.0], [0.0, 1.0, 0.0], [-0.0, 1.0, -0.0], [1.0, 0.0, 0.0], [-0.0, 1.0, -0.0], [-0.0, 1.0, -0.0]], [[-0.0, 1.0, -0.0], [-0.0, 1.0, -0.0], [-0.0, 1.0, -0.0], [-0.0, 1.0, -0.0], [-0.0, 1.0, -0.0], [-0.0, 1.0, -0.0], [-0.0, 1.0, -0.0], [-0.0, 1.0, -0.0], [-0.0, 1.0, -0.0], [-0.0, 1.0, -0.0]], [[-0.0, 1.0, -0.0], [-0.0, 1.0, -0.0], [-0.0, 1.0, -0.0], [-0.0, 1.0, -0.0], [0.0, 1.0, 0.0], [-0.0, 1.0, -0.0], [-0.0, 1.0, -0.0], [0.0, 1.0, 0.0], [-0.0, 1.0, -0.0], [-0.0, 1.0, -0.0]]], "SAA_obj_list": [1.6346595663401495, 1.5871612040183019, 1.6932462207647199, 1.6307025833196076, 1.6805780486688484, 1.6932462207647199, 1.7098713758811332, 1.7098713758811335], "majority_obj_list": [1.647327738436021, 1.5744930319224306, 1.6932462207647199, 1.6409936523880853, 1.7035372898331977, 1.6932462207647199, 1.7264965309975469, 1.7264965309975469]}, {"parameters": [[3.4789150030913003, 3.1638655992718774, 3.790841393664962], 3.0736113024081693, 1.2830635474264382],