{
 "seed": 2024,
 "N": 8,
 "w": {
  "(1, 2)": null,
  "(1, 3)": null,
  "(1, 4)": null,
  "(1, 5)": 1.5098476555448541,
  "(1, 6)": 1.6641168588809196,
  "(1, 7)": 1.8725464255100452,
  "(1, 8)": 1.5814029324467498,
  "(2, 3)": null,
  "(2, 4)": null,
  "(2, 5)": 1.5071063000604838,
  "(2, 6)": 1.8144104147072957,
  "(2, 7)": 2.3920005389077157,
  "(2, 8)": 1.7071741959712345,
  "(3, 4)": null,
  "(3, 5)": 2.130056304227547,
  "(3, 6)": 1.8973747664993232,
  "(3, 7)": 1.7124328293314013,
  "(3, 8)": 2.0648146105695764,
  "(4, 5)": 2.21320222043844,
  "(4, 6)": 2.022620025575816,
  "(4, 7)": 1.7238765262287434,
  "(4, 8)": 1.8913034297939544,
  "(5, 6)": 2,
  "(5, 7)": 2,
  "(5, 8)": 2,
  "(6, 7)": 2,
  "(6, 8)": 2,
  "(7, 8)": 2
 },
 "A": [
  [
   4,
   3,
   2,
   7,
   3,
   6,
   2,
   3
  ],
  [
   8,
   9,
   4,
   2,
   3,
   7,
   4,
   6
  ],
  [
   7,
   7,
   1,
   5,
   4,
   9,
   3,
   9
  ],
  [
   8,
   3,
   7,
   8,
   3,
   8,
   5,
   4
  ],
  [
   1,
   8,
   7,
   5,
   9,
   1,
   8,
   9
  ],
  [
   7,
   8,
   5,
   6,
   6,
   8,
   8,
   4
  ],
  [
   1,
   3,
   5,
   5,
   6,
   8,
   2,
   8
  ],
  [
   8,
   9,
   8,
   9,
   9,
   5,
   6,
   2
  ]
 ],
 "sample_args": {
  "type": "normal",
  "params": [
   [
    2,
    2,
    2,
    2,
    2,
    2
   ],
   [
    1.4688578464511877,
    1.2072238602293563,
    1.2109977175849118,
    1.0019241042193279,
    1.3838030577532954,
    1.1822866024745506
   ]
  ]
 },
 "B_list": [
  200
 ],
 "k_list": [
  0.1,
  10
 ],
 "B12_list": [
  [
   20,
   200
  ]
 ],
 "epsilon": "dynamic",
 "tolerance": 0.005,
 "number_of_iterations": 50,
 "sample_number": [
  128,
  256,
  512,
  1024,
  2048
 ],
 "obj_opt": 2.6726043639937918
}