{
  "seed": 2024,
  "N": 8,
  "w": {
    "(1, 2)": 2.0,
    "(1, 3)": 2.0,
    "(1, 4)": 2.0,
    "(1, 5)": 2.3178996338122784,
    "(1, 6)": 2.0897293835965223,
    "(1, 7)": 2.1138960216122196,
    "(1, 8)": 1.7958158116921068,
    "(2, 3)": 2.0,
    "(2, 4)": 2.0,
    "(2, 5)": 1.8101887621116202,
    "(2, 6)": 1.5548144494814067,
    "(2, 7)": 2.2717908675936958,
    "(2, 8)": 2.0768942904920755,
    "(3, 4)": 2.0,
    "(3, 5)": 2.1805199308155885,
    "(3, 6)": 2.4987039334415746,
    "(3, 7)": 1.9267440803172549,
    "(3, 8)": 2.108060510532344,
    "(4, 5)": 1.5795708717146546,
    "(4, 6)": 2.1444496164611038,
    "(4, 7)": 2.4293741205185952,
    "(4, 8)": 2.0144398724079533,
    "(5, 6)": 2,
    "(5, 7)": 2,
    "(5, 8)": 2,
    "(6, 7)": 2,
    "(6, 8)": 2,
    "(7, 8)": 2
  },
  "sample_args": {
    "type": "pareto",
    "params": [
      2,
      2,
      2,
      2,
      2,
      2
    ]
  },
  "B_list": [
    200
  ],
  "k_list": [
    0.1,
    10
  ],
  "B12_list": [
    [
      20,
      200
    ]
  ],
  "epsilon": "dynamic",
  "tolerance": 0.005,
  "number_of_iterations": 200,
  "sample_number": [
    32,
    64,
    128,
    256,
    512,
    1024,
    2048
  ]
}