{"SAA_obj_list": [[0.45861325243680406, 0.45179524946329747, 0.5360809964505453, 0.4611771223827038, 0.630661754358449, 0.5181022953934058, 0.5745595694480015, 0.49712332612924415, 0.6094211709141231, 0.5156659020736817, 0.43737440105279857, 0.4774534342601968, 0.443045948888262, 0.43735441773734895, 0.4442989539322419, 0.6402979975807387, 0.6819276026044535, 0.4339213413352596, 0.5302327679378402, 0.4898924513976742], [0.43680369356838356, 0.46372502995298437, 0.5192373302665002, 0.4669387268177707, 0.4301869424648349, 0.4847196314699307, 0.49018336701826015, 0.48281880398331156, 0.5475267920785519, 0.490157335038486, 0.4508076832249001, 0.46783565453900633, 0.4687085155701125, 0.46235666473750786, 0.4298401455237695, 0.5686340456791896, 0.5074784806577592, 0.4299747344978802, 0.6536131987875009, 0.5769216714968803], [0.5124381621709913, 0.4319413328877215, 0.5070175249813522, 0.5349077298357328, 0.4388605868385923, 0.5431096685790452, 0.43559853901880297, 0.46446382009469545, 0.44018039044380886, 0.4450541961364291, 0.48901152754683436, 0.43191624516533056, 0.4294575166443537, 0.4518388980795989, 0.4349919477482822, 0.44363870369368447, 0.4516826999057269, 0.4432796971426864, 0.44702391492238935, 0.5188960530976057], [0.4572872658424075, 0.4289861403532876, 0.46143947561223586, 0.4308211621189081, 0.4495830910705982, 0.5601318427631721, 0.45585067015779046, 0.4263257482008369, 0.43897303074185634, 0.43336642224747335, 0.43820076096288285, 0.4478734021362868, 0.42701461738357616, 0.45956142623807095, 0.4376870956463349, 0.4402352822827789, 0.4773343046635163, 0.493102284920484, 0.46537101476799697, 0.4449625323621069], [0.42790408530228646, 0.4300872113812731, 0.4343248214439218, 0.43246748469415763, 0.4459775407182869, 0.4596350988445443, 0.4349044747647838, 0.4249280985407436, 0.42776226575017146, 0.4446859488090407, 0.4334915485018822, 0.4308062605311516, 0.43087855143475495, 0.4264399313166486, 0.4347662949562032, 0.4409630013037679, 0.4856659863423192, 0.4488575578464204, 0.45059567339492146, 0.43254964818168534]], "SAA_obj_avg": [0.5134499977888536, 0.49142342236867603, 0.46476545774668326, 0.45370537852363013, 0.43888457420294824], "bagging_alg3_obj_list": [[[[0.4764660289877757, 0.47989010374582464, 0.6125683150190724, 0.4396067170844285, 0.7277226218165526, 0.49936293788980024, 0.6354793649844551, 0.53467203368846, 0.6603782056368194, 0.5727457962402343, 0.4560109245896092, 0.47117863709512503, 0.46210093459304064, 0.5376565217418213, 0.44750067776274005, 0.6911787947541455, 0.5869480599929465, 0.5172245069644981, 0.6178114573408262, 0.5009545134846967], [0.4598690111014928, 0.5233224912230127, 0.5950999327290716, 0.5061569733901601, 0.5793617826569334, 0.4390306473001901, 0.6209551373932245, 0.45455665572021714, 0.5599732425978222, 0.5249774269931101, 0.4913650676430475, 0.4583585184592632, 0.44170336439745617, 0.47518450830525444, 0.46336579636153985, 0.5363664701493164, 0.5428851334428617, 0.599189702147349, 0.7507668669509363, 0.6299451689177337], [0.4645972683245172, 0.49629431959087583, 0.4493826964666927, 0.5072993207747559, 0.4936961755714523, 0.43792757105744506, 0.45808713217184255, 0.47833400975941054, 0.5008913312271227, 0.4523375985301057, 0.4436385271911188, 0.5075363679366027, 0.5228986915426347, 0.48925560526249173, 0.48515636682901025, 0.47529043755976086, 0.46060580133158024, 0.4752035542742677, 0.7384142795030268, 0.5252023293703456], [0.4575923473369826, 0.4485263140173474, 0.4267840720909531, 0.4494291090353204, 0.4595129697454564, 0.4603926646112621, 0.46580589216072626, 0.45545373535640127, 0.4310891568443225, 0.4358430377485705, 0.43900706369880316, 0.44118757930932956, 0.4684127743646156, 0.495682882152598, 0.447352323542156, 0.4672531652265417, 0.4984239587150058, 0.45430665213563404, 0.44502975671506484, 0.45856209675067344], [0.433789099303998, 0.4371549390046504, 0.4351551121864816, 0.4426170936961101, 0.4375630651585847, 0.436746776488111, 0.4435082137246391, 0.43890776716467683, 0.4305033375300343, 0.440781918528693, 0.44331276178659634, 0.4320537201393617, 0.4538358112471423, 0.4392297089176571, 0.4378889873199141, 0.4414333735519476, 0.45650748940300867, 0.437815968345659, 0.46221782076267487, 0.4323194457299028]]]], "bagging_alg3_obj_avg": [[[0.5463728576706436, 0.5326216948939997, 0.493102469213753, 0.4552823775778883, 0.4406671204994922]]], "bagging_alg4_obj_list": [[[[0.4370225642622053, 0.4640466295243799, 0.4671054082260433, 0.4294413655163733, 0.7060606476103047, 0.6612034796486934, 0.5509815310038952, 0.5091978424662048, 0.6868728548708852, 0.469262687082238, 0.4780886703029727, 0.5284367932090857, 0.4793822895999543, 0.563959215361082, 0.5110655822166675, 0.5138987643226562, 0.5715691561310688, 0.43457326754418757, 0.6631784055333553, 0.4647997517854531], [0.4918027348723147, 0.5121945000776982, 0.5508535046682856, 0.5026048640392327, 0.6568158900469019, 0.6925344019024379, 0.6363067852134848, 0.6013772525730978, 0.5355704006757555, 0.6094593461063317, 0.4530817713736608, 0.4946781564490544, 0.6208532320728617, 0.48639748067971783, 0.612566486619031, 0.563640346344167, 0.7148796821827205, 0.5163447262462109, 0.7385884059604225, 0.5659423467334743], [0.4801094867447681, 0.43173752787896447, 0.4397938796025529, 0.45174627669926176, 0.4960195252103945, 0.43565451750641676, 0.4926988488379206, 0.4272217433019951, 0.46522024438384946, 0.5144661720822988, 0.44457729711936367, 0.6310613028889376, 0.5149044638462329, 0.4280545638938178, 0.4378307468621544, 0.5704337441344816, 0.5055801106633558, 0.5414340579193009, 0.4786239963326799, 0.6516381301046209], [0.44630205747753826, 0.43355470533899376, 0.4853703131790199, 0.47892036796797843, 0.4401379975346119, 0.475462112301781, 0.5426741505894307, 0.4341173052448163, 0.45054680441346484, 0.4532204381228342, 0.43519607094901785, 0.5317307904646219, 0.43795324143866465, 0.44281411186094377, 0.4327140745158995, 0.500380597250686, 0.6718265328113351, 0.46360047436515106, 0.4330926426008956, 0.4421133791852523], [0.4581438120971703, 0.4343519692481423, 0.43907488361603303, 0.43525277583369903, 0.43761779588158534, 0.4333110583454701, 0.4379461237182841, 0.4336232673721932, 0.461553964299829, 0.44392771712174706, 0.4482707511462248, 0.43567354590188545, 0.4562072590159525, 0.44232911810158787, 0.44245452610317315, 0.44006004303245255, 0.45591031122194803, 0.44850264218836755, 0.4473529552629396, 0.43550690377300977]]]], "bagging_alg4_obj_avg": [[[0.5295073453108853, 0.5778246157418432, 0.4919403318006683, 0.4715864083806469, 0.44335357116408486]]]}