{
  "seed": 2024,
  "mu": [
    1.2942395248354182,
    1.3136733222713184,
    1.5362127973567385,
    1.6576093839916761,
    1.700407828628833,
    1.223547352301882
  ],
  "b": 1.5751497594880257,
  "sample_args": {
    "type": "pareto",
    "params": [
      4.398591676489916,
      4.188030122418344,
      2.864931245448637,
      2.5206595653030672,
      2.4277396098751054,
      5.473325180114786
    ]
  },
  "k_list": [
    [
      20,
      0.02
    ]
  ],
  "B12_list": [
    [
      100,
      800
    ]
  ],
  "epsilon": "dynamic",
  "tolerance": 0.001,
  "number_of_iterations": 20,
  "sample_number": [
    64,
    256,
    1024,
    4096,
    16384
  ]
}