{"SAA_obj_list": [[0.07515922877589105, 0.0800704287547561, 0.09155699491015144, 0.07019536307414662, 0.24153364391061394, 0.07653180390466281, 0.08611522472266815, 0.0760904434351551, 0.10698208902798419, 0.09426176874138921, 0.07786707887228153, 0.09123436392283418, 0.08718107798184363, 0.07069177042620048, 0.07456765124803408, 0.1107005929901631, 0.08789434333560919, 0.08618007896975621, 0.08580381916563554, 0.09570079622352257], [0.0748108644750005, 0.06997081646668109, 0.07563471927303558, 0.0837148957104127, 0.07543406239941589, 0.06721379807855385, 0.07041212578492412, 0.08355202901930081, 0.08612975944155041, 0.0668951944147441, 0.11700193221092604, 0.0693887818227156, 0.07079644507062431, 0.07560867444669626, 0.07932454378972177, 0.09066860656025551, 0.07786133349313404, 0.0781147318269042, 0.11016933881687412, 0.07511694939648389], [0.0686982357422952, 0.06855173109255554, 0.0724618330805799, 0.0713711713930131, 0.06761389933818554, 0.0740440270555626, 0.06692991074695556, 0.06773532898458189, 0.07401248733965442, 0.06725345787543201, 0.07327250868370448, 0.06646898041007868, 0.06869525009450106, 0.07115073709929381, 0.06728641223022225, 0.06998140743399452, 0.09304711190749654, 0.06705007838281127, 0.0679382035270176, 0.07411360992289172], [0.06784059712237811, 0.06890736213667398, 0.06903885226595645, 0.06939674212152568, 0.06736633558325045, 0.072489639410533, 0.06944690057313907, 0.06595777528692018, 0.06860840766082983, 0.06992222805596282, 0.06822962105793043, 0.06777517018388876, 0.0672279181107652, 0.06666788183378154, 0.06656157923975126, 0.06865458733760998, 0.06768443291667842, 0.07102481531787874, 0.06710739704694264, 0.06689326860827], [0.06598575519763619, 0.06607786929472474, 0.06598799646004501, 0.06712799998481422, 0.06905003388471193, 0.06692855897682887, 0.06684469231168372, 0.06750143965609823, 0.06688395571422276, 0.06691790453738193, 0.06689356295450152, 0.06702714812336116, 0.06646826957219468, 0.06614378334420479, 0.06843261936253933, 0.0665103862553405, 0.06883788226535494, 0.0662036640730508, 0.06673953599529646, 0.06618890839776811]], "SAA_obj_avg": [0.09331592811966496, 0.07989098012489773, 0.07088381911704136, 0.0683400755935333, 0.066937598318088], "bagging_alg3_obj_list": [[[[0.08050476903238007, 0.07515271493926384, 0.07756558819690186, 0.07292901451783326, 0.12805606382643525, 0.07996456947055337, 0.08299712066427847, 0.08080845805515072, 0.09669485265879371, 0.08617364516651128, 0.08546014507474725, 0.08951093772660816, 0.09358964517891692, 0.09215031360674061, 0.07660366023494306, 0.09137150943021131, 0.07244677803585975, 0.07098741032285277, 0.09221721018330718, 0.14238571594686467], [0.07083153366314178, 0.07189484531527782, 0.07183217384657027, 0.07722922811092565, 0.08018614191850468, 0.07348158604948864, 0.07260218690449403, 0.072778573722514, 0.07904132689395225, 0.07257187014553002, 0.08332910948206354, 0.07421057416998267, 0.11527154154475809, 0.07490399563763708, 0.0950262321293697, 0.08100914840199833, 0.07000272995226473, 0.08346366975609225, 0.07354463361993105, 0.11239352289033547], [0.08137357594941527, 0.06932363920279931, 0.06578779671680693, 0.07034160440501944, 0.07187646532686093, 0.0678699691653201, 0.07111203114174501, 0.06904603032310339, 0.07742860314334811, 0.06954929726395098, 0.06809884028065247, 0.07194057378112931, 0.07061988919346579, 0.0730065367548463, 0.07372782959112775, 0.07420575393985068, 0.07177704892106765, 0.06799134078452136, 0.07772328096066072, 0.07134756342161916], [0.0667318771840847, 0.06883760200869087, 0.0666255501516955, 0.067141947242811, 0.06741274086983538, 0.0682917815093487, 0.07075046946208774, 0.06617744622096394, 0.07225115752944838, 0.06608780224653185, 0.06853418205942347, 0.06736576014591125, 0.07132002198684621, 0.06705880687960993, 0.07014789115373977, 0.06799526478234846, 0.06734739934765968, 0.06788550981398601, 0.06867270138189369, 0.06898348788085933], [0.06621056476637775, 0.06627244245466421, 0.06635135910093387, 0.06721797561134643, 0.06963707548663435, 0.06733977836934006, 0.06578776665303551, 0.06657130967475491, 0.06646538496837859, 0.06624977212406227, 0.06645577164338665, 0.06792132051938227, 0.0660453405080604, 0.06658794293384848, 0.0689407569261626, 0.06621431172209795, 0.06715755441564468, 0.06666305954092128, 0.06940789043101415, 0.06623398299379948]]]], "bagging_alg3_obj_avg": [[[0.08837850611345768, 0.0802802312077416, 0.07170738351336553, 0.06828096999288878, 0.0669865680421923]]], "bagging_alg4_obj_list": [[[[0.07168980314697614, 0.07608977636781054, 0.08350466341901232, 0.0712840679782453, 0.13726840800699747, 0.07141626122297312, 0.08285837215811673, 0.07604706668305959, 0.08042749848432255, 0.07424658203319234, 0.07439842035264493, 0.09515529479881601, 0.08224097704567368, 0.08754854749551222, 0.08248752986105817, 0.08958991496773727, 0.0713801478468073, 0.07038626136887151, 0.09544326153488711, 0.09546452929229347], [0.06611142272135376, 0.07064316494875969, 0.08357397829731249, 0.08293007632379056, 0.09700399247954333, 0.07393419768783684, 0.0810499417138893, 0.07557762376263309, 0.07878468640495567, 0.07319544809606371, 0.09612878565123337, 0.08138423317914484, 0.07966262817794852, 0.07235231775303384, 0.08844817063386265, 0.08511722582821413, 0.07307772631984913, 0.0721742271271524, 0.06918108026296897, 0.10492680636622392], [0.07536594638087371, 0.07533873577714643, 0.07254929173171204, 0.0742569521755479, 0.079083910375838, 0.07782636547326754, 0.07566741740752983, 0.07405709145044329, 0.07787186585732225, 0.07629272094182357, 0.07429226784744748, 0.0789217729273786, 0.07742202033019091, 0.07547578733106335, 0.07387765816595449, 0.07396502743506105, 0.06934166535667965, 0.06954603203254409, 0.07092339455971286, 0.06808847823705413], [0.07138053998438611, 0.06670788129710384, 0.06796566808030821, 0.08259347160032626, 0.06687458032462162, 0.07046655669298256, 0.06938156589652775, 0.06624162090615053, 0.07591078779531027, 0.06832931636394082, 0.06636034706090119, 0.06958747136947326, 0.07175083633538848, 0.06945766593279414, 0.07001507706622312, 0.07183436742288475, 0.07325971954996316, 0.06756849377518365, 0.06681447217393116, 0.0690842481204967], [0.06661292292770284, 0.06974396009990595, 0.06728177559095505, 0.06657721194676997, 0.06698308338095715, 0.06667477615037276, 0.06679650947442872, 0.0660939858658143, 0.06685049824322332, 0.06661148048714916, 0.066046439964837, 0.06691790157289262, 0.0666427384482811, 0.06768472892674535, 0.06926643356291991, 0.06771023465022846, 0.06707741887261637, 0.06597506435933584, 0.06689702688726598, 0.06609769219739668]]]], "bagging_alg4_obj_avg": [[[0.08344636920325038, 0.0802628866867885, 0.07450822008972956, 0.07007923438744489, 0.06702709418048992]]]}