{
  "seed": 2024,
  "mu": [
    1.4713815059080515,
    1.7645716167872272,
    1.5033273331018477,
    1.5502146817034026,
    1.3001356860526982,
    1.3004744015293555
  ],
  "b": 1.3788676073198878,
  "sample_args": {
    "type": "pareto",
    "params": [
      3.1214239155896406,
      2.307921950074548,
      2.986778651255268,
      2.8174724035064145,
      4.3318263920952695,
      4.328070527506494
    ]
  },
  "k_list": [
    [
      20,
      0.02
    ]
  ],
  "B12_list": [
    [
      100,
      800
    ]
  ],
  "epsilon": "dynamic",
  "tolerance": 0.001,
  "number_of_iterations": 20,
  "sample_number": [
    64,
    256,
    1024,
    4096,
    16384
  ]
}