{"SAA_obj_list": [[0.10040879673698701, 0.0956581183614076, 0.11745968594558708, 0.14142746570942802, 0.11502260857293369, 0.10206670865948969, 0.10068824161421411, 0.09520920439406862, 0.1165575847507326, 0.11485171105488629, 0.12538346919773194, 0.15496353677674998, 0.09894839287446726, 0.10848258188073458, 0.09288887174774432, 0.10004704859933916, 0.12968475585634937, 0.0902372855569532, 0.1622069667027865, 0.10325570707815991], [0.09509374174581131, 0.10898108953248845, 0.12710189078862932, 0.107835647426106, 0.140106568673383, 0.10466594086244581, 0.09321570026531215, 0.10529013478166767, 0.11463730687813513, 0.09611888607616928, 0.11675622159715725, 0.1003032947727455, 0.09831524461045021, 0.10530507227876355, 0.10499921036637418, 0.1491994054024634, 0.0974151948042135, 0.09448170538862397, 0.11625644554058759, 0.09459414925188006], [0.09563818938748067, 0.09235571498679351, 0.0933247777855381, 0.09740692483308498, 0.0991404341963558, 0.10280033310327742, 0.09118503051964189, 0.09083465216323665, 0.09545508211774348, 0.09309775873249847, 0.11451931342388262, 0.09105934005355786, 0.09100292661748316, 0.09431340581319878, 0.09115402669543904, 0.09569984013448088, 0.10407410158934956, 0.09392867508112106, 0.09106251579315665, 0.09885889137086253], [0.09271129864652218, 0.09059175102502284, 0.09238433489090035, 0.09564743217233612, 0.09116468990643897, 0.09879301346357297, 0.0919387614257497, 0.09054194022003807, 0.09041179481508015, 0.09167310020813392, 0.09039141255599296, 0.09208059843512331, 0.09024722148199023, 0.09127238459219168, 0.09264897837384772, 0.09197082425979837, 0.0925733430350766, 0.09454140028518619, 0.0928733845793264, 0.09024934749794554], [0.08998082049175368, 0.08981498847902881, 0.09103527130071679, 0.09179138159939051, 0.09103901840452874, 0.09129776797173712, 0.09058287667679857, 0.0904769687466754, 0.08975967062537224, 0.09006130118060225, 0.09203983171018768, 0.08979523381412925, 0.0904350099748694, 0.09108998744920188, 0.09087724150534504, 0.09035167183355525, 0.09500828456906883, 0.0902812130837516, 0.0917383489272392, 0.09133734482611229]], "SAA_obj_avg": [0.11327243710353756, 0.10853364255217035, 0.09584559671990915, 0.0922353505935137, 0.09093971165850322], "bagging_alg3_obj_list": [[[[0.10192916890676303, 0.09571781464480439, 0.12892679178889976, 0.13361023494623292, 0.12450252830121161, 0.11177763022049395, 0.10197749882645643, 0.10119552687682887, 0.12362121012208394, 0.12088072745836644, 0.2246155568556406, 0.11659102218993189, 0.11040965094695854, 0.10933777795699018, 0.1012066042703335, 0.10666746604440691, 0.11317839184130768, 0.09338536325507771, 0.16697857625503237, 0.09897281998610122], [0.0949757044795606, 0.09452200265082145, 0.10151171275312237, 0.1147358328864628, 0.1473110178311522, 0.10180049811573524, 0.10531855433360213, 0.10435622534584532, 0.10779670927601591, 0.09480541206206247, 0.1038772793280994, 0.1196772615762432, 0.11122234275524459, 0.09614337306504175, 0.09862542456790019, 0.13582391698647267, 0.10892479543969001, 0.1058459900575342, 0.1570301988900865, 0.11455548827891018], [0.09753808968104785, 0.09632232603771158, 0.0996149930683429, 0.10404764437370442, 0.0931278284753031, 0.09246514975782089, 0.09532434609844546, 0.09558775608103977, 0.09888576318791865, 0.09718860446932934, 0.0924115078066903, 0.10490766244537661, 0.09752144533587724, 0.0937904952166235, 0.09943788445793289, 0.09656583314740787, 0.09773593416409355, 0.09083639385803707, 0.09483569480500004, 0.09762174145206397], [0.09497182462556121, 0.09185350573774459, 0.09942706481259703, 0.09170857880470998, 0.09913853438180903, 0.09206695375577903, 0.09285141688328558, 0.09119998128251279, 0.09118398737917534, 0.0943203735504288, 0.09204436651106898, 0.0943626398354923, 0.09187558710656842, 0.09068243309936232, 0.09492838016473526, 0.091541321853981, 0.09632937452777947, 0.09412739169218992, 0.09346110816672573, 0.09802530432531431], [0.09209759802207723, 0.09152456005003198, 0.0932870088084984, 0.09096669435773962, 0.09052401115898454, 0.09158530707757324, 0.09035013587247895, 0.09212421651895968, 0.09036201619231764, 0.09152272685720929, 0.09118058895424677, 0.09085289985573917, 0.09196528840217219, 0.0913992036959711, 0.09110620556764924, 0.09118420550397686, 0.09182409074577237, 0.09275072049843017, 0.09023981725759403, 0.0919806062544665]]]], "bagging_alg3_obj_avg": [[[0.1192741180846961, 0.11094298703398016, 0.09678835469598834, 0.09380500642484106, 0.09144139508259445]]], "bagging_alg4_obj_list": [[[[0.10269710980748101, 0.09611557595365817, 0.11870972428419621, 0.1332202544584229, 0.12806746196883845, 0.12461998421551845, 0.10362820846239428, 0.11555145354908893, 0.10028829807989334, 0.11496078262090544, 0.12322068508595452, 0.16936184605334587, 0.09945667933088645, 0.14047688339450584, 0.10136534753326336, 0.09950443361245265, 0.10904978232375484, 0.1038638371354435, 0.12984769377589592, 0.10005510769026862], [0.11062532761986721, 0.10021551620676591, 0.1022683630169053, 0.10916636088706703, 0.10112573391263174, 0.10243994943710076, 0.12511487850035594, 0.10920110287745799, 0.1087094621449507, 0.11199820106088665, 0.10678381826249944, 0.13076424550848526, 0.10063055211671777, 0.09596507484922777, 0.1141610080716749, 0.11794062645158679, 0.1032650984112841, 0.12643180359465847, 0.14709784384543823, 0.13165282423939062], [0.09838040945789739, 0.09220836509470844, 0.09911830729480575, 0.09552682040658612, 0.11295961639938165, 0.09340698525607498, 0.10991906558289641, 0.09457175807125844, 0.10470235584749436, 0.10356861452222463, 0.1163234195900096, 0.12524308025712128, 0.10333282118620878, 0.09449191112179543, 0.10538938104081873, 0.10537454679730891, 0.09731669884363865, 0.10510780756859885, 0.10518057437808928, 0.1029987100474474], [0.09094041401166446, 0.09585540168880353, 0.09436587240414802, 0.09531424290094387, 0.09381453519701187, 0.09254005336155542, 0.09122573233044197, 0.09688604219669639, 0.09717859009854198, 0.09251377776416547, 0.09792422043674179, 0.09217497368904096, 0.09310612039126115, 0.09269121278781883, 0.09675914908729603, 0.10412954012546695, 0.09503310585599951, 0.09267061893579676, 0.09330814114846454, 0.09438727890096694], [0.09022239296142807, 0.09201426513778208, 0.09400326004655318, 0.09381693559029271, 0.09101667323337728, 0.08980706038876113, 0.08989856881939388, 0.09022415910148968, 0.09126157439300371, 0.0898180908936598, 0.09155424070541103, 0.09372503515501646, 0.09265803722820612, 0.09260643733569995, 0.09192255898296904, 0.09051855426779765, 0.09161256226294603, 0.09059914766987164, 0.09195459392870461, 0.0912414288315001]]]], "bagging_alg4_obj_avg": [[[0.11570305746680845, 0.11277788955074763, 0.10325606243821825, 0.09464095116564132, 0.09152377884669319]]]}