{
  "seed": 2024,
  "mu": [
    1.5013247693543803,
    1.3475292625216961,
    1.4421322535307946,
    1.4654765340623697,
    1.4816405259918102,
    1.6026450930786555
  ],
  "b": 1.4117671022518197,
  "sample_args": {
    "type": "pareto",
    "params": [
      2.994714925591702,
      3.8774555349495796,
      3.261766681833697,
      3.1483360101371063,
      3.0762372475629345,
      2.6593514350070095
    ]
  },
  "k_list": [
    [
      20,
      0.02
    ]
  ],
  "B12_list": [
    [
      100,
      800
    ]
  ],
  "epsilon": "dynamic",
  "tolerance": 0.001,
  "number_of_iterations": 20,
  "sample_number": [
    64,
    256,
    1024,
    4096,
    16384
  ]
}