{"SAA_obj_list": [[0.05754861003416087, 0.059937141232293864, 0.06235286747679207, 0.05284472181702998, 0.0773746944173356, 0.06237588631077115, 0.06235259363230119, 0.05059874720269625, 0.06322828752340509, 0.05696926185866441, 0.05491569491531428, 0.05932590484368263, 0.06345229431856628, 0.05289825127574396, 0.05171466144703894, 0.053769564192541815, 0.05203150882914158, 0.06012482698577864, 0.0744503373173398, 0.07249190564294862], [0.04962802836897074, 0.05188228870554377, 0.054721710924360414, 0.05209276198105782, 0.05390329206760011, 0.04933933403169202, 0.052393085911261406, 0.05843262203029591, 0.053496004713681294, 0.046546557035262254, 0.07087985938044598, 0.04704281347771403, 0.04589231505349483, 0.05096102574583477, 0.05270228380980547, 0.07953693351889546, 0.049421091519660926, 0.051387193538118936, 0.052693241905235534, 0.048769282476783186], [0.04672081632447159, 0.04842483718991307, 0.04645845949974442, 0.046031082326398416, 0.04674857625937548, 0.05462783321197755, 0.046698130567805425, 0.04625752711830227, 0.04722734462062314, 0.04838901110341391, 0.04800040166335912, 0.04654660587288842, 0.04741193701576166, 0.04589495258974448, 0.04602494994773487, 0.04684363826973325, 0.05628621867786261, 0.04657795353476933, 0.04715474327030058, 0.05040077115904658], [0.046246904638133364, 0.04634562773506443, 0.04685023625247993, 0.04715367096147376, 0.045602979244908734, 0.04786188765563017, 0.0460004817211247, 0.04573174084224576, 0.046127811551835686, 0.04638266316757813, 0.04633116521077139, 0.04658918466803799, 0.045664995955672694, 0.04615405037285295, 0.04595544783674151, 0.046153263716981474, 0.046308959943386796, 0.04764074983165314, 0.04636519003781542, 0.04562921221533142], [0.04540563097938307, 0.045532512001550715, 0.045632240508376144, 0.04590335898194864, 0.04586634560718588, 0.04580919690706266, 0.04588479443708992, 0.04599977580182983, 0.04581831481540995, 0.045688503619818896, 0.046183897426528134, 0.04548558881573406, 0.045651360924415345, 0.046206292917581986, 0.046025563766557726, 0.04565266867698169, 0.046783769999803326, 0.045402844397013434, 0.04624638264007084, 0.045720783239705985]], "SAA_obj_avg": [0.060037888063677346, 0.053586086309785744, 0.047936289511161315, 0.046354811177985976, 0.04584499132320241], "bagging_alg3_obj_list": [[[[0.059616155943819645, 0.0544435678271279, 0.06709195469910482, 0.051254974241949844, 0.08310707136569824, 0.06432178731084626, 0.07204155919670518, 0.05556173596568339, 0.04952375462096954, 0.05205726017283287, 0.06383607182090947, 0.05951656718379677, 0.05574370221523932, 0.05687739850441362, 0.05860206787857941, 0.0527251108355195, 0.05461497478008885, 0.048257980406011265, 0.0643729516809926, 0.06983905179428138], [0.04917264379718294, 0.04721776794663969, 0.046542356506896976, 0.054891968603027017, 0.05209106818379112, 0.0500105394452363, 0.055410969315469606, 0.04869487501703458, 0.05173811244207313, 0.0488736524937064, 0.05885239756252853, 0.05496460373588326, 0.053194925405335394, 0.04688867412014421, 0.05310061785338242, 0.06137568639341835, 0.0507106332739421, 0.057143232597201055, 0.052707332849689904, 0.05222575501065131], [0.04610638041072527, 0.05694149545283366, 0.04910301367017427, 0.05065238214231262, 0.04705069779342734, 0.047556262182117, 0.04868223387133555, 0.04738932841555597, 0.04687392009665618, 0.04883371561828448, 0.04674874629984989, 0.053460084396609174, 0.04634249166672414, 0.04624895159840896, 0.048281535801839734, 0.04660001222461524, 0.0459662743620872, 0.047723530588942346, 0.04883869523754198, 0.05106892770676148], [0.046911702158882775, 0.047582148899489196, 0.04903153429332131, 0.04601877713362384, 0.04545423272256846, 0.046826673667708874, 0.04850900231591106, 0.045888370667754155, 0.046732218463094534, 0.04598467308953366, 0.04694265479882305, 0.04655485778425059, 0.04555234124590068, 0.0468571125328981, 0.04567623510854783, 0.04632214952896653, 0.046950108933516775, 0.04672824650334819, 0.048060114105733936, 0.04687591492572091], [0.04555817172845347, 0.04614253957222689, 0.04591042212513607, 0.04552116538703598, 0.04541572460663819, 0.04582947219091563, 0.04603610547460804, 0.04540698021704269, 0.046345554740395284, 0.04626466821741233, 0.04571580289069867, 0.04608233056333885, 0.045712542314085725, 0.04658288835280663, 0.045829717708838466, 0.04558010749111134, 0.04615561000062038, 0.04556155369631555, 0.04605367289509499, 0.04547247662149054]]]], "bagging_alg3_obj_avg": [[[0.05967028492222849, 0.052290390627661706, 0.04852343397684013, 0.04677295344397973, 0.04585887533971329]]], "bagging_alg4_obj_list": [[[[0.05003229269052419, 0.049591749198582814, 0.05305096867424211, 0.05217759339321911, 0.06075429382438937, 0.06914669208460977, 0.05708042133405201, 0.046693489466876306, 0.04915757574124455, 0.06418056123176086, 0.05770359218852954, 0.05091627601233856, 0.05044792522419337, 0.05288555498987639, 0.05211325867198758, 0.05556870857621061, 0.05533583221990472, 0.060816402438457914, 0.060877798502522076, 0.05536539925092944], [0.04919060583973069, 0.04749240410052948, 0.07996854344792323, 0.0716965163169622, 0.04866190882358816, 0.0514777969372414, 0.0690641497716507, 0.04817564166416398, 0.053685926123440336, 0.0552367143693509, 0.0802567623603219, 0.0559895480987825, 0.059319430800931425, 0.048222685147461794, 0.057936431261345823, 0.061566769670840474, 0.04940027112243342, 0.05986942710071107, 0.04726652795662603, 0.06060451475735258], [0.0465404377625072, 0.05153523442108334, 0.04815755316140061, 0.04679414393093899, 0.0520901207466142, 0.047558184267257934, 0.0472854306824296, 0.051983495758395504, 0.050356524613345874, 0.04922939638818018, 0.04817380788158741, 0.047632428573227956, 0.051148410153463365, 0.04602779455717693, 0.046046752764854836, 0.0563793250108695, 0.04730077338733763, 0.0466820386707296, 0.04970442144496653, 0.05351711567690428], [0.047099204838858696, 0.04613346482006639, 0.04661627729758196, 0.047622953733892054, 0.04731051608945831, 0.04594941441255873, 0.04828715093669016, 0.048450572214602756, 0.047160913596030245, 0.046800570652160554, 0.04634330479900512, 0.047740601125161194, 0.04543421765871544, 0.04704365345452473, 0.04680429728790596, 0.0491661325639408, 0.04600880767403558, 0.04771485531683288, 0.04881900142851004, 0.0457618112704711], [0.045997583257229836, 0.0462204863329415, 0.04623017764899236, 0.04585150265776744, 0.046064083233429684, 0.04566978617251628, 0.045378997756836424, 0.04589378504342987, 0.04559096920077431, 0.04586555425995613, 0.04583145047099742, 0.04794623489027708, 0.046296689806681085, 0.04835359312087764, 0.045471232690058185, 0.04580672042602338, 0.04559092505340187, 0.0455331630004904, 0.04561027346365633, 0.045716745427916816]]]], "bagging_alg4_obj_avg": [[[0.05519481928572258, 0.057754128783569406, 0.04920716949266358, 0.04711338605855013, 0.0460459976957127]]]}