{
  "seed": 2024,
  "mu": [
    1.576029097830948,
    1.6416367145303565,
    1.5918457862220474,
    1.2128361284217288,
    1.5051768043389435,
    1.326165320616291
  ],
  "b": 1.3062988849770167,
  "sample_args": {
    "type": "pareto",
    "params": [
      2.736023412299006,
      2.55851430779167,
      2.689629331288036,
      5.698450434216356,
      2.9795049800605247,
      4.06592987295674
    ]
  },
  "k_list": [
    [
      20,
      0.02
    ]
  ],
  "B12_list": [
    [
      100,
      800
    ]
  ],
  "epsilon": "dynamic",
  "tolerance": 0.001,
  "number_of_iterations": 20,
  "sample_number": [
    64,
    256,
    1024,
    4096,
    16384
  ]
}