{
  "seed": 2024,
  "mu": [
    1.5912077318939097,
    1.6144576779872992,
    1.2548833039996667,
    1.3902294581040051,
    1.519015369296073,
    1.4718054654303627
  ],
  "b": 1.3110396759935308,
  "sample_args": {
    "type": "pareto",
    "params": [
      2.6914528448343207,
      2.6274513865227833,
      4.923364081945938,
      3.562594850882521,
      2.926725216935818,
      3.1195176259517017
    ]
  },
  "k_list": [
    [
      20,
      0.02
    ]
  ],
  "B12_list": [
    [
      100,
      800
    ]
  ],
  "epsilon": "dynamic",
  "tolerance": 0.001,
  "number_of_iterations": 20,
  "sample_number": [
    64,
    256,
    1024,
    4096,
    16384
  ]
}