{"SAA_obj_list": [[0.07033543409559294, 0.0696596670005515, 0.09487598108330647, 0.08137702580310993, 0.1134558171332275, 0.07305671448306393, 0.11291561549767895, 0.07693058498572804, 0.12143012031549484, 0.09209896361833914, 0.07877593318135295, 0.0822640203107075, 0.07041002353548034, 0.07438064784221442, 0.06521714511220243, 0.08738387139236384, 0.08553616769941316, 0.07137387672025072, 0.13183412168079037, 0.07127817355605139], [0.06734229440630164, 0.07360879076736153, 0.07032328801625104, 0.08182073128844716, 0.08207099345068895, 0.07207538640116032, 0.07406037723478202, 0.08182645860064225, 0.07798456698393458, 0.06737081079369027, 0.08570428560084867, 0.06355434350350597, 0.06412444196110455, 0.07795149104295276, 0.06646695719433676, 0.08511457250570784, 0.06863072034980701, 0.06611849777621286, 0.06985250253680575, 0.06618302400427921], [0.06441516956030979, 0.06643021895271303, 0.06947195069150802, 0.06608546699034312, 0.06382280152061276, 0.06988282674105897, 0.06363350411254451, 0.06531278603116045, 0.06518025922896788, 0.06353159879544118, 0.06786730048861374, 0.06277482269603596, 0.06414113239862716, 0.06389763834025917, 0.06327971526929546, 0.06339996539432356, 0.0722999633825416, 0.06296750558044721, 0.06393144807455313, 0.06755464478572404], [0.06590682709513923, 0.06344193110677881, 0.0639343812378581, 0.06333406054091222, 0.06346907408366723, 0.06897264044298662, 0.06370530733694882, 0.061993196295715924, 0.06329141702194407, 0.0634211240955286, 0.062445677931050256, 0.06293431778816436, 0.06219507198888039, 0.06296533273563575, 0.06254036461829883, 0.0630881364757065, 0.06403876427647844, 0.06411791365464349, 0.06252730491643675, 0.06268072967899574], [0.06218207939366489, 0.06204219240341948, 0.0626372832865804, 0.0623511482101468, 0.06301935269846416, 0.06256743119037893, 0.06289034273636272, 0.06243641436060712, 0.06266929906017693, 0.0620589585209264, 0.06310754032525635, 0.06223850887730768, 0.06273582176766934, 0.06294893934051334, 0.06280338565283633, 0.0626133054748125, 0.06419443627751649, 0.062208578562196505, 0.06328399507654243, 0.0623216440166649]], "SAA_obj_avg": [0.08622949525234602, 0.07310922672094106, 0.06549403595175404, 0.0635501786660885, 0.06266553286160217], "bagging_alg3_obj_list": [[[[0.07365282823863667, 0.0733824329780868, 0.08478591449809836, 0.06480421046540319, 0.12255103766661803, 0.06857655780598601, 0.12183815043609776, 0.075423892911396, 0.13779244230193363, 0.09142270272528566, 0.08107571648158307, 0.08232026461173676, 0.07619516206440403, 0.07080622103227886, 0.07393128506598823, 0.11670095969152926, 0.0912790818628499, 0.07256466924514864, 0.14014613411385962, 0.08328960774177346], [0.07635035978289409, 0.08072132511096597, 0.06638032755884223, 0.070002985638045, 0.0794563184178148, 0.06918607412100483, 0.07033253775535327, 0.07693437971026848, 0.07472075158675728, 0.06282000087980102, 0.06661831989927768, 0.06593606827569971, 0.07250126143197516, 0.0728970141100366, 0.08186103787192625, 0.08121788029528591, 0.07011312085860283, 0.07569601322854057, 0.07128806622277013, 0.07282534647152575], [0.06991325945643734, 0.06774984658020873, 0.06991243348159971, 0.07055929133584313, 0.06733108995098554, 0.06352642002135823, 0.06723210780246379, 0.06493497103016513, 0.0697346779343096, 0.06581198283812273, 0.06670525193013961, 0.06680427779696546, 0.06682562313474544, 0.0699897370506829, 0.07846098394926754, 0.06501231584512522, 0.06326077661350486, 0.06754464663131576, 0.06589214848925594, 0.06810112704311917], [0.06926093939991801, 0.0635633567432774, 0.06382348670223792, 0.06459154540122118, 0.06346085668297173, 0.06449911625238317, 0.06538368590046008, 0.06243402769245551, 0.06554863349061088, 0.0622021728522144, 0.06413310078188905, 0.06263478632155638, 0.0639538638430384, 0.061936888047058304, 0.06451184274211064, 0.06325724441631636, 0.06272287384164417, 0.06765962299574042, 0.06279156988822354, 0.0647425441736761], [0.06257117437314601, 0.06250559606003156, 0.06273530393754814, 0.06382295560305222, 0.062432666806953606, 0.06277608472179881, 0.06240395770422477, 0.06360031589637377, 0.062150201823677226, 0.06265896214754804, 0.0639747191841683, 0.06265501959380576, 0.06429846902447084, 0.0632743437384791, 0.06341223666041318, 0.06260740512144572, 0.06518536008013606, 0.06306556512476308, 0.06194835216131187, 0.06270174591955018]]]], "bagging_alg3_obj_avg": [[[0.09012696359693471, 0.07289295946136938, 0.06776514844578078, 0.06415560790845018, 0.06303902178414492]]], "bagging_alg4_obj_list": [[[[0.07837037884544988, 0.07275111649292536, 0.09964795626251007, 0.06932302781179737, 0.10677931335005073, 0.07395221849999901, 0.1119764102139749, 0.0993855360735377, 0.0807841034889327, 0.07922613394578618, 0.06749591709149555, 0.08639174650160172, 0.066231140559886, 0.06716289618727296, 0.06864191047008386, 0.08269176250366908, 0.08877202666619284, 0.0869431338821059, 0.07874659858771968, 0.06724776260326021], [0.07227740144331342, 0.0634349656270471, 0.07692892645500228, 0.07138360784426255, 0.06467675885682675, 0.08252144460429686, 0.10433543128929365, 0.07862828347419808, 0.07159354857605525, 0.06795853920292533, 0.0943247933130356, 0.07010774019119502, 0.07936358444454918, 0.07019704522460407, 0.074051692171578, 0.08886381142070446, 0.06762090918580865, 0.07939861494573124, 0.07686529840460227, 0.09087658310075977], [0.06681571738264472, 0.07147561850122976, 0.06473307871470535, 0.06383167664467645, 0.06577248683815881, 0.06633396213383753, 0.06578281270528119, 0.07503648727316739, 0.07057475079871768, 0.07134782724811177, 0.06505338790136074, 0.08084276053991696, 0.06721347083796878, 0.06288928864417957, 0.0676221139547031, 0.0652963206532039, 0.06710986055035055, 0.07415969390114464, 0.06990012323862334, 0.07668769183832079], [0.06253851352696768, 0.06382043285124903, 0.06346666103216372, 0.06537835750640085, 0.06303278399104453, 0.06973883136395023, 0.06710015880380138, 0.06356705063859112, 0.06949208469961271, 0.06727874408936758, 0.06349918921739998, 0.06237913246307656, 0.06484892599979862, 0.0656691486551527, 0.06510133019007698, 0.06455311914647302, 0.0643533021326587, 0.0665037007521961, 0.06326341048021719, 0.06933490583200796], [0.06268794005858444, 0.0638702943170647, 0.06220272031676179, 0.06499223592136276, 0.06227387194096778, 0.06403716371735971, 0.0641795554566761, 0.06291671295432807, 0.06511399798738504, 0.06319109190434469, 0.06450122270815381, 0.0631563870181764, 0.06551848800674843, 0.0663680790442218, 0.06245969452111335, 0.06331663103944384, 0.06332692817486368, 0.06358957541342208, 0.06308169874771129, 0.06213225879891795]]]], "bagging_alg4_obj_avg": [[[0.08162605450191257, 0.07727044898878949, 0.06892395651501516, 0.06524598916861032, 0.06364582740238038]]]}