{
  "seed": 2024,
  "mu": [
    1.6206743527484826,
    1.4420162040242601,
    1.2822649149961358,
    1.6316238997918908,
    1.6198982959974126,
    1.7196955263557436
  ],
  "b": 1.4797725033378828,
  "sample_args": {
    "type": "pareto",
    "params": [
      2.611150832271029,
      3.2623604992207818,
      4.542771158837399,
      2.583220648125384,
      2.6131678477854274,
      2.3894764707842615
    ]
  },
  "k_list": [
    [
      20,
      0.02
    ]
  ],
  "B12_list": [
    [
      100,
      800
    ]
  ],
  "epsilon": "dynamic",
  "tolerance": 0.001,
  "number_of_iterations": 20,
  "sample_number": [
    64,
    256,
    1024,
    4096,
    16384
  ]
}