{"SAA_obj_list": [[0.16387203870789419, 0.15817338249744112, 0.19204387714009014, 0.17792667643833082, 0.20947643776382863, 0.15610437276902306, 0.17077962014399165, 0.14788555536366751, 0.18869156548930094, 0.17985146027101837, 0.1858281217914673, 0.22169781855725945, 0.16145489054565013, 0.18093104481441155, 0.14693781796121488, 0.15981985851055316, 0.18765430663499916, 0.14058278829882284, 0.22223945306844076, 0.1826738866477357], [0.15881609667396487, 0.1695035033801408, 0.1997492812151141, 0.16492455493269625, 0.23440790621498706, 0.15364251989904626, 0.13987086863460022, 0.1686900871609466, 0.20660432517360547, 0.14222026994489967, 0.22695873657402368, 0.1546864027494783, 0.15836126891189767, 0.15857062477222536, 0.18819131554390386, 0.29377363663761835, 0.15995463236807195, 0.1464082609379074, 0.18902665231640448, 0.15549697404643653], [0.15613922374625713, 0.14856112552086465, 0.13990307163330537, 0.15519998606816673, 0.15113331441634395, 0.1796570902723081, 0.1426266174730995, 0.14140924978900304, 0.15782604552238633, 0.14608699136215256, 0.17564247574961725, 0.14401383873604587, 0.14285224608688515, 0.15862544818845595, 0.14409101480685418, 0.15822013140289765, 0.19763709856003522, 0.15906405220635822, 0.14338966355513527, 0.16329425660493213], [0.14011079874860866, 0.14230349342308063, 0.1492475559214126, 0.15053241203822343, 0.14204720399816964, 0.14065909959989933, 0.14129316701201433, 0.1396732983862251, 0.1418523614874375, 0.14749181660759186, 0.13832089497822314, 0.14733873401854394, 0.14071916408019214, 0.14502176951369344, 0.14613272767465918, 0.15023386024179897, 0.1514934784976552, 0.15136870226928092, 0.1490661752124717, 0.13834394375245487], [0.1406350842730332, 0.1396468767296527, 0.14083996765205065, 0.14638577741072753, 0.14020248345326164, 0.14163725153565976, 0.1450066482556568, 0.14480429522233193, 0.13882769045994062, 0.14051565006353456, 0.14848171879136346, 0.13849401581727097, 0.14076028916109368, 0.14536832517793133, 0.1453880204051299, 0.1419283948741411, 0.15426136207786392, 0.14096771172086553, 0.1458043022569859, 0.1461532437050255]], "SAA_obj_avg": [0.17673124867075704, 0.17849289590439849, 0.1552686470850552, 0.14466253287308184, 0.14330545545217604], "bagging_alg3_obj_list": [[[[0.1760504967359998, 0.16305179392560354, 0.20075228330506714, 0.15803699771534568, 0.21271686118909078, 0.22902765625287488, 0.1479788138907892, 0.1537303259766204, 0.2392447649149893, 0.15019299390804494, 0.20754823456505267, 0.24773548790991493, 0.17183915004918393, 0.17474579280349456, 0.19500662669821722, 0.16481983381310666, 0.14746887937763173, 0.14736813229552834, 0.22523012830250966, 0.17421096252020823], [0.15297886700873223, 0.1400062945032487, 0.20833953883430129, 0.1784709678206717, 0.237586358397714, 0.1863193959568486, 0.15937145777839112, 0.1465925059447057, 0.22498948835397917, 0.14982423244844084, 0.1641480097053243, 0.177804960824817, 0.20514906064460325, 0.1678499879824087, 0.18713771956639624, 0.19926402367402676, 0.17066195461356093, 0.21303739946475547, 0.2079948989128537, 0.22191258639403197], [0.15282772459274785, 0.15504744328870423, 0.15651712887407837, 0.14952152896883253, 0.14300871940361448, 0.14518476792050758, 0.1933018864633247, 0.15639201765409183, 0.15186599655861652, 0.15799736281516125, 0.15226265988069226, 0.16842890585391784, 0.15826084181797626, 0.18904441584902643, 0.15663589025811173, 0.15048898646566453, 0.13846379515127885, 0.15106803802143864, 0.1447299943070365, 0.14431040895755337], [0.14924196407292847, 0.13893916647779414, 0.14240581081520362, 0.14438488136633953, 0.15047453646971934, 0.14886949944178512, 0.14697944885906009, 0.14222258192029077, 0.1442570706829624, 0.15197764684420528, 0.15085494981998457, 0.14560736037501734, 0.14823529232482985, 0.13878526541757596, 0.1551203436534585, 0.1427530298517287, 0.14454325222769915, 0.1466624590914147, 0.147816400774408, 0.14684595743197787], [0.1403640883824779, 0.14566937370740857, 0.14178832030395716, 0.14383915649180018, 0.14255130489926765, 0.14327800398463916, 0.14059257491294774, 0.1428123278967505, 0.13974936893381049, 0.14138020387587533, 0.14059084028865787, 0.14573363768135203, 0.14267916475269266, 0.14536731963169405, 0.14131747830503896, 0.14109318262374843, 0.14098157329208288, 0.14441498566607647, 0.13971950504423278, 0.14242039837728754]]]], "bagging_alg3_obj_avg": [[[0.1843378108074637, 0.1849719854414906, 0.1557679256551188, 0.14634884589591918, 0.14231714045258992]]], "bagging_alg4_obj_list": [[[[0.1587685844230885, 0.15331750342635417, 0.20373917605521843, 0.1863789484753773, 0.21011924697842457, 0.21472277802224765, 0.19154495928525236, 0.16708952528677054, 0.1543841179361637, 0.18372778364376902, 0.19863344422735948, 0.23605083257440632, 0.15833181322283368, 0.21938609596529196, 0.18777565774038124, 0.20747151077114184, 0.15395196599697636, 0.15626393039997355, 0.2087797594269713, 0.1523594731933826], [0.14197265665533135, 0.14862193891197673, 0.21518974886352715, 0.15551989181388132, 0.33401594501845855, 0.16198410017057738, 0.1774595440362619, 0.16678231034907265, 0.14973176668781257, 0.2009036572836978, 0.20147059104496742, 0.18895026859566108, 0.1518202578960528, 0.1495818598049513, 0.17963839962144953, 0.22227404747074142, 0.1707288536749801, 0.16998625827343034, 0.24851568367965418, 0.20340912742021328], [0.23284489381626627, 0.1772400230405472, 0.13890862773885193, 0.14792812347529902, 0.14285584761872472, 0.14758680961919313, 0.15924390056395513, 0.15564914246769343, 0.1443540802358641, 0.20519866832400654, 0.14631284578052672, 0.1721042139367758, 0.15688294920084125, 0.21866480542398908, 0.15097377255421887, 0.17991244922025368, 0.1426211366428981, 0.15481085704872893, 0.17598236787083957, 0.14780358525197224], [0.15030725318619265, 0.14405695971872792, 0.148953435372983, 0.16026492629222844, 0.15343964563468737, 0.14633291498962817, 0.14300658721552684, 0.13862802246190511, 0.14926967416617787, 0.14442431531487043, 0.1720057380948544, 0.14274021444079332, 0.14611888836006803, 0.1437769132868061, 0.1508283157104372, 0.1538701404680794, 0.14991807270645352, 0.1497523741539773, 0.15492382989133618, 0.1452356391145232], [0.13903427537756835, 0.14254960151518553, 0.14473598347554256, 0.14574541776465155, 0.1405336350667556, 0.14073197682686078, 0.13828023050759472, 0.14362425182755717, 0.14606611241317002, 0.1399136347703322, 0.1408041900811658, 0.14216925630023586, 0.1401419005237868, 0.142088974988411, 0.14570074015164447, 0.13940079925626328, 0.1434237724990573, 0.14288398645839695, 0.1413637518794209, 0.1428609558110956]]]], "bagging_alg4_obj_avg": [[[0.18513985535256922, 0.18692784536363494, 0.16489395499157228, 0.14939269302901284, 0.1421026723747348]]]}