{"SAA_obj_list": [[0.13589387903998226, 0.11896236424166459, 0.1869359620787539, 0.18247721879987505, 0.21134024369571688, 0.12703568316050554, 0.24365995855833997, 0.14930437373668903, 0.2513152638336261, 0.19027907851219744, 0.1515867955020733, 0.14861524125275088, 0.118837620649135, 0.1568123884237896, 0.11292086573124849, 0.17044187586419068, 0.19269637057238578, 0.12371575064224077, 0.29108162401591336, 0.10929508844226311], [0.1101539868786824, 0.13244219583912176, 0.11684868857648088, 0.14687516666850073, 0.1787040827422452, 0.13058997190932292, 0.13338475591058738, 0.15091825173019913, 0.15340588944247704, 0.12170844128956526, 0.14381665114712158, 0.10425783088856315, 0.10950820161217777, 0.1443663821299098, 0.1065730607878925, 0.15151619999065738, 0.12074519144065994, 0.10753664629164564, 0.11177687587815863, 0.11030721670373217], [0.10450909442063543, 0.10774421122852931, 0.12695204529992968, 0.10636047170608673, 0.10677379705820449, 0.10879025043777377, 0.10817206803248271, 0.11389934338897263, 0.1079489486972497, 0.10306169321711417, 0.11356495174672203, 0.1051173722362339, 0.10592224305486388, 0.108356479554817, 0.1052484365441101, 0.10329487692448878, 0.11986804496200504, 0.10410422204098692, 0.10495462309991498, 0.11235927734835993], [0.11429655172188859, 0.1059462227858571, 0.10819235492830834, 0.10315369676919624, 0.10594836791782745, 0.12516764847691347, 0.10644785426991436, 0.1017015465615408, 0.10574029452020522, 0.106191228464981, 0.1027004789698019, 0.10514860281399241, 0.10288424254446327, 0.10449223263177877, 0.10301566965901524, 0.10601039758340272, 0.10803863580770132, 0.10698341260521106, 0.10240473622776859, 0.10356607556430233], [0.10318892438957838, 0.10137181588878784, 0.10371710408242421, 0.10234299650170506, 0.10530561248798055, 0.10435601903113108, 0.10380739079136377, 0.10285977960551408, 0.1031219700696748, 0.10161267654886194, 0.10581460309223979, 0.10120790000117305, 0.10442311625486465, 0.10233921724708067, 0.10423217350140432, 0.10258202886400271, 0.10704339664728198, 0.10279367433621464, 0.10394508460516484, 0.1030303328557445]], "SAA_obj_avg": [0.16866038233766706, 0.12927178439288506, 0.10885012254997406, 0.10640151254120352, 0.10345479084010964], "bagging_alg3_obj_list": [[[[0.15325327515855347, 0.12388622022916329, 0.16784532721329956, 0.11043845217489526, 0.17572618407332116, 0.11302677350411679, 0.20045563652407877, 0.14744871680898175, 0.32549501435566053, 0.20290189117222251, 0.14469377711680598, 0.14337320045368826, 0.13279143579739708, 0.11466856837822625, 0.15415343835245882, 0.1859694952075904, 0.13451406497422683, 0.11147935441412316, 0.15748836011547138, 0.1270463445007677], [0.1198642539527564, 0.13969443025089626, 0.11771515027452722, 0.11226301500833759, 0.1802699267116613, 0.13323878451835314, 0.12102649825706598, 0.12933878427643217, 0.14981700464795183, 0.1056537714965479, 0.122873779615248, 0.10840688598000675, 0.12081676581696477, 0.1437304724787227, 0.16752297074726452, 0.12654984611193232, 0.1326228638580754, 0.11116342586842541, 0.11194454861938483, 0.10581020641834087], [0.10828702954646108, 0.13062270037960896, 0.10690229039697619, 0.1050397207945789, 0.10359725006422667, 0.10520173163268129, 0.10923989664193584, 0.10650446768284115, 0.10310186290784384, 0.10741890917650276, 0.10907950532564169, 0.10836647223083569, 0.10151304765889774, 0.10913798596501409, 0.12049585074328283, 0.10824485665479372, 0.10517399326096957, 0.10622546400774628, 0.1038348945615311, 0.10789351295573091], [0.10883185675371662, 0.1092935674959725, 0.11415525910570441, 0.10623326558768197, 0.10799416429286299, 0.11537601041841275, 0.10147017051306455, 0.10333676917739461, 0.10443577372293274, 0.10399843347316613, 0.10492883555989552, 0.10186501818716456, 0.10616987442977405, 0.11167459078808079, 0.10329808351242788, 0.10272697229028711, 0.10688787191342285, 0.10918540207359488, 0.10120594589369267, 0.11082962792254161], [0.10398201344026692, 0.1034237637051059, 0.10745544560378867, 0.10722646096363722, 0.10536883210494526, 0.1051745638868371, 0.1074435193979167, 0.10932953572544482, 0.10152689825950664, 0.10486821933020038, 0.10659374601779713, 0.10130759111158474, 0.10530203476056116, 0.10559817555602832, 0.1066625128863546, 0.1031072056085632, 0.1128988626254372, 0.10337900007991915, 0.10167912654209064, 0.10279924455309476]]]], "bagging_alg3_obj_avg": [[[0.15633277652625246, 0.12801616924544476, 0.10829407212940503, 0.10669487465558955, 0.10525633760795401]]], "bagging_alg4_obj_list": [[[[0.12566957712814916, 0.11171693854137699, 0.1312646791658733, 0.125618352757485, 0.18310274240673022, 0.11217351829244183, 0.2241521570377047, 0.20445023317631977, 0.12937897773796567, 0.1451696300236173, 0.104942498530077, 0.16754873763497413, 0.12161449730425254, 0.10849979779989954, 0.12576676955392183, 0.17588718945363044, 0.2291980548565831, 0.16648484820030535, 0.12397154261512075, 0.10641833447413403], [0.10960334644339252, 0.1114928665074923, 0.12217809358924034, 0.10503330207029024, 0.1483167602418006, 0.14020460245332475, 0.13153198894493567, 0.12210133985433867, 0.12455578979017763, 0.13090217034887594, 0.14063124044138237, 0.11203814582402936, 0.11917194074779111, 0.11478075678462782, 0.11449572273148129, 0.12807413145221616, 0.12357005137458035, 0.14123653913392994, 0.12651941224094665, 0.1197208871073436], [0.10730266935516358, 0.12012973861606117, 0.12568698785985685, 0.10893401108022545, 0.10469528060573018, 0.10315121666530111, 0.1104015054588889, 0.10761941838491444, 0.1051432016784131, 0.11309678804324488, 0.11470789558814057, 0.11968461352095515, 0.11547083245236472, 0.10311371344667153, 0.12381229081595664, 0.11127629823590014, 0.12731282257094498, 0.10759031088703047, 0.11949960528679086, 0.10791529647833914], [0.10402463090692217, 0.10709331218371355, 0.10841845837040473, 0.10922158781819168, 0.10675474456691128, 0.10890187728030436, 0.11828763385238944, 0.1035544835322716, 0.10519394995396407, 0.11340748100864068, 0.10562966396537364, 0.10380870128923306, 0.10827706475606398, 0.10304104077086074, 0.1066788515147785, 0.11415729255861265, 0.10314410141982207, 0.11895994443020955, 0.10324774737009687, 0.1114347898967243], [0.10692219360368126, 0.10644377312470696, 0.10421871666234353, 0.1076473768281034, 0.10307801913854901, 0.10433824870158345, 0.11127423752898007, 0.1038988213071876, 0.10228384971645417, 0.10615917558481296, 0.11183364443881055, 0.10257847029438062, 0.11166707950601325, 0.1082359215354998, 0.10723320954299428, 0.10641684315918103, 0.10456688841462251, 0.11019388032048022, 0.10573785215894453, 0.10304470212241938]]]], "bagging_alg4_obj_avg": [[[0.14615145383452813, 0.12430795440410988, 0.11282722485154469, 0.10816186787227447, 0.10638864518448743]]]}