{
  "seed": 2024,
  "mu": [
    1.689152340815383,
    1.6949997511357098,
    1.2764043521471882,
    1.5739093532688495,
    1.612084376860199,
    1.7262101576111473
  ],
  "b": 1.3566542655978144,
  "sample_args": {
    "type": "pareto",
    "params": [
      2.451057974811247,
      2.438849436083804,
      4.617888040588774,
      2.7424354461279306,
      2.633761680259978,
      2.377011860161084
    ]
  },
  "k_list": [
    [
      20,
      0.02
    ]
  ],
  "B12_list": [
    [
      100,
      800
    ]
  ],
  "epsilon": "dynamic",
  "tolerance": 0.001,
  "number_of_iterations": 20,
  "sample_number": [
    64,
    256,
    1024,
    4096,
    16384
  ]
}